SKU,Original Rank,Original Selected Listing,Original CPPC Status,Original Shopify UK Listing Status,Original Shopify UK Orders (CSV),Shopify Listing Actual (DB),Shopify Orders Actual (DB),Amazon Orders Actual (DB),eBay Orders Actual (DB),PMax/CPC Actual Status,Verification Result,Error Type,Reason,Evidence Source,Recommended Action
ENC809,109,FALSE,,Listed not selling,0,ACTIVE (LEDSone),25,59 (SRM+Ledsone),3 (multi-eBay),NOT IN PMAX,FAIL,INCORRECT SHOPIFY ORDERS + INCORRECT STATUS,CSV claims 0 Shopify orders but DB shows 25 orders (last: 2026-08-09). Status should be SELLING not Listed-not-selling,ledsone-db order_item_info,Reclassify as SELLING. Review if PMax needed given active Shopify sales.
CRSF2003CO+PHHN1PBRCO3PK+LSGG200AR3PK,111,FALSE,,Listed not selling,0,COMPONENTS ACTIVE,BUNDLE=UNVERIFIED,26 Shopify (CRSF2003CO component),34 Shopify (CRSF2003CO),NOT IN PMAX,NEEDS REVIEW,BUNDLE SKU - COMPONENT HAS ORDERS,CRSF2003CO has 26 Shopify UK orders. Bundle itself unverified as Shopify product.,ledsone-db listings + orders,Check if bundle is a Shopify product. If not listed as bundle: correct status is Not Listed.
CRFF500CH+WCCY1ROCH3PK+LDMT45E2743PK,32,FALSE,,Not listed on Shopify UK,0,COMPONENTS ACTIVE (CRFF500CH active on LEDSone),11 Shopify (CRFF500CH only),71 total Amazon (all accounts),13+ eBay,NOT IN PMAX,NEEDS REVIEW,BUNDLE NOT LISTED BUT COMPONENTS ACTIVE,Individual component CRFF500CH is active and has Shopify orders. Bundle is not listed. Status correct for bundle.,ledsone-db listings + orders,Confirm bundle is not a Shopify product. If correct: NOT LISTED is accurate.
PHUH1HETBM2PK+LSHM400HE2PK,7,FALSE,,Not listed on Shopify UK,0,PHUH1HETBM2PK listed; LSHM400HE has 12 Shopify orders,8 Shopify (PHUH1HETBM2PK component),Amazon Dcvoltage 19 orders,so_926407 1 order,NOT IN PMAX,NEEDS REVIEW,BUNDLE NOT LISTED BUT COMPONENTS ACTIVE,"LSHM400HE (component) has 12 Shopify orders, listed since 2025-03-21. Bundle itself likely not a Shopify product.",ledsone-db listings + orders,Verify bundle listing. Component demand is real.
PLADRR,85,FALSE,,Listed not selling,0,ACTIVE (LEDSone + Vintagelite + dcvoltage),29,17 Amazon (Dcvoltage),LOW eBay,NOT IN PMAX,FAIL,INCORRECT SHOPIFY ORDERS + INCORRECT STATUS,CSV claims 0 Shopify orders but DB shows 29 orders (last: 2026-08-16). Status should be SELLING.,ledsone-db order_item_info,Reclassify as SELLING. Active on multiple channels. Review PMax suitability.
PLHIRR,17,FALSE,,Listed not selling,0,ACTIVE (LEDSone + Vintagelite + dcvoltage),18,NOT FOUND AMAZON,LOW eBay,NOT IN PMAX,FAIL,INCORRECT SHOPIFY ORDERS + INCORRECT STATUS,CSV claims 0 Shopify orders but DB shows 18 orders (last: 2026-01-28). Status should be SELLING.,ledsone-db order_item_info,Reclassify as SELLING.
ENC1522,270,FALSE,,Not listed on Shopify UK,0,NOT FOUND ACTIVE IN SHOPIFY UK,0,27 Amazon (Dcvoltage),9 eBay (so_926407+led_sone+re6865),NOT IN PMAX,PASS,N/A,Not listed on Shopify UK confirmed. Zero Shopify orders confirmed. Marketplace demand exists.,ledsone-db listings + orders,Should be selected for PMax once listed on Shopify UK. HIGH PRIORITY listing gap.
LSHM400HE2PK+RPR44WH2PK,12,FALSE,,Not listed on Shopify UK,0,COMPONENTS ACTIVE (LSHM400HE listed; 12 Shopify orders),BUNDLE=0,Amazon Dcvoltage 15 orders,so_926407 1 order,NOT IN PMAX,NEEDS REVIEW,BUNDLE NOT LISTED BUT COMPONENTS SELLING,"LSHM400HE has 12 Shopify UK orders. Bundle as a product unit is unverified.",ledsone-db listings + orders,Verify if bundle exists as a Shopify product. High marketplace demand.
CRFF500CH+WCCY1ROCH3PK,56,FALSE,,Listed not selling,0,COMPONENTS ACTIVE,11 Shopify (CRFF500CH),Amazon Ledsone 6 orders,led_sone 2 orders,NOT IN PMAX,NEEDS REVIEW,BUNDLE SKU - COMPONENT HAS SHOPIFY ORDERS,CRFF500CH (component) has 11 Shopify UK orders. Bundle not verifiable without checking Shopify product catalog.,ledsone-db orders,Verify bundle as distinct Shopify product.
12IP20400,30,FALSE,,Listed not selling,0,ACTIVE (LEDSone + Electricalsone + dcvoltage listed 2019),42,71 Amazon (Dcvoltage+Ledsone+SRM),572 eBay (led_sone+electricalsone+others),NOT IN PMAX,FAIL,INCORRECT SHOPIFY ORDERS + INCORRECT STATUS,CSV claims 0 Shopify orders but DB shows 42 orders (last: 2026-04-24). HIGHLY ACTIVE on eBay (572 orders). Status should be SELLING.,ledsone-db order_item_info,Reclassify as SELLING. Strong cross-channel demand. HIGH PRIORITY for PMax.
ENC4319,314,FALSE,,Listed not selling,0,ACTIVE (LEDSone + dcvoltage),0 (not found in Shopify orders query),14 Amazon (Dcvoltage+Ledsone),NOT FOUND eBay,NOT IN PMAX,NEEDS REVIEW,SHOPIFY ORDERS UNCONFIRMED,Listed active but no Shopify UK orders found in DB query sample. Amazon demand confirmed (14 orders).,ledsone-db listings + orders,Verify Shopify orders with full SKU search. Likely genuinely not selling on Shopify UK.
WCCYSQCH2PK+LDMT45E2742PK,298,FALSE,,Not listed on Shopify UK,0,WCCYSQCH2PK ACTIVE (listed 2025-04-11); BUNDLE likely not listed,113 Shopify (WCCYSQCH2PK component),Amazon Ledsone 1 order,led_sone+so_926407,NOT IN PMAX,FAIL,INCORRECT LISTING STATUS + INCORRECT SHOPIFY ORDERS,WCCYSQCH2PK component is active and has 113 Shopify UK orders. Bundle may not be listed but component is highly active.,ledsone-db listings + orders,Clarify if bundle is listed. WCCYSQCH2PK alone is a top Shopify UK seller.
LSMCP1ULMC+ICST64E27,102,FALSE,,Listed not selling,0,LSMCP1ULMC ACTIVE (Vintagelite; 0 qty),1 (LSMCP1ULMC),Amazon Ledsone 5 orders,coventrylights 2 orders,NOT IN PMAX,FAIL,INCORRECT SHOPIFY ORDERS,CSV claims 0 but LSMCP1ULMC has 1 Shopify order (DB). Low but not zero.,ledsone-db order_item_info,Minor mismatch. Reclassify Shopify orders to 1.
LDSG95DIE274APK,82,FALSE,,Not listed on Shopify UK,0,NOT FOUND ACTIVE,0,Amazon Dcvoltage 6 orders,so_926407 1 order,NOT IN PMAX,NEEDS REVIEW,SHOPIFY LISTING UNVERIFIED,Not found in active Shopify UK listings. Marketplace demand confirmed.,ledsone-db listings + orders,Verify listing status. If not listed: listing gap opportunity.
LSMCSQWYBL2PK+RPM40WH2PK,46,FALSE,,Listed not selling,0,COMPONENTS PARTIALLY ACTIVE (LSMCSQWYBL = DRAFT only),0,Amazon Dcvoltage 10 orders,so_926407 1 order,NOT IN PMAX,NEEDS REVIEW,LISTING STATUS QUESTIONABLE - COMPONENT IS DRAFT,LSMCSQWYBL only exists as a DRAFT on LEDSone (listed 2026-02-27). Draft = not publicly active. Bundle may not be listed.,ledsone-db listings,Clarify if bundle is a live Shopify product.
LSMCP1ULMC,161,FALSE,,Listed not selling,0,ACTIVE (Vintagelite; 0 qty),1,Amazon Ledsone 3 orders,coventrylights 2 orders,NOT IN PMAX,FAIL,INCORRECT SHOPIFY ORDERS,CSV claims 0 but DB shows 1 Shopify UK order (last: 2023-12-12).,ledsone-db order_item_info,Minor mismatch. 1 historic Shopify order. Still a valid PMax candidate given 0 qty stock issue.
LSCY290GY3PK+RPR44WH3PK,59,FALSE,,Not listed on Shopify UK,0,BUNDLE NOT VERIFIED; components may be listed,BUNDLE=0,Amazon Ledsone 9 orders,vintageinterior 1 order,NOT IN PMAX,NEEDS REVIEW,BUNDLE NOT VERIFIED,Bundle SKU not individually verified in listings. Components may be listed.,ledsone-db,Check if bundle is a Shopify product.
ENC4372,317,FALSE,,Listed not selling,0,ACTIVE (LEDSone; listed 2024-07-16),6,Amazon Dcvoltage 2 orders,coventrylights 1 order,NOT IN PMAX,FAIL,INCORRECT SHOPIFY ORDERS + INCORRECT STATUS,CSV claims 0 Shopify orders but DB shows 6 orders (last: 2026-05-09). Status should be SELLING.,ledsone-db order_item_info,Reclassify as SELLING.
ENC641,100,FALSE,,Not listed on Shopify UK,0,NOT FOUND ACTIVE IN LISTINGS QUERY,0,24 Amazon (Ledsone+Dcvoltage),17 eBay (led_sone+so_926407),NOT IN PMAX,NEEDS REVIEW,LISTING STATUS UNVERIFIED,Not found in Shopify UK listings query. Amazon and eBay demand confirmed (41+ orders combined). Strong gap opportunity.,ledsone-db,HIGH PRIORITY: verify listing. Strong marketplace demand with no Shopify presence.
LSHM400HE+RPR44WH,2,FALSE,,Not listed on Shopify UK,0,LSHM400HE ACTIVE (LEDSone; 12 Shopify orders),BUNDLE=0 (12 on component),Amazon Dcvoltage 48 orders,led_sone 2 orders,NOT IN PMAX,NEEDS REVIEW,COMPONENT SELLING BUT BUNDLE UNLISTED,LSHM400HE is active and selling (12 Shopify orders). Bundle is a different product. Strong demand.,ledsone-db listings + orders,Verify bundle. Component has strong cross-channel demand.
CRFF500BM+WCSN1BM3PK+LDST45E2743PK,178,FALSE,,Not listed on Shopify UK,0,CRFF500BM ACTIVE (LEDSone; 70 Shopify orders),BUNDLE=0 (70 on component),Amazon Dcvoltage 1 order,so_926407 4 orders,NOT IN PMAX,NEEDS REVIEW,COMPONENT HIGHLY ACTIVE BUT BUNDLE UNLISTED,CRFF500BM has 70 Shopify UK orders. Bundle is a distinct product not listed.,ledsone-db listings + orders,Verify bundle existence. CRFF500BM individually is a strong seller.
LSMS320BI3PK+RPR44WH3PK,330,FALSE,,Listed not selling,0,BUNDLE STATUS UNVERIFIED; components may be listed,BUNDLE=UNVERIFIED,Amazon Ledsone 1 order,electricalsone 1 order,NOT IN PMAX,NEEDS REVIEW,BUNDLE NOT VERIFIED,,ledsone-db,Verify bundle as Shopify product.
CRSF2003BC+PHSH1PBRYB3PK+LSDO210BC3PK,213,FALSE,,Listed not selling,0,CRSF2003BC ACTIVE (LEDSone + Electricalsone + Vintagelite),5 Shopify (CRSF2003BC component),Amazon Ledsone 3 orders,electricalsone 1 order,NOT IN PMAX,NEEDS REVIEW,COMPONENT HAS SHOPIFY ORDERS,CRSF2003BC has 5 Shopify UK orders. Bundle unverified.,ledsone-db listings + orders,Verify bundle existence.
WLRPE27BM2PK,80,FALSE,,Listed not selling,0,ACTIVE (Vintagelite listed 2023-12-05),0 (not in Shopify orders query),Amazon Ledsone 1 order,electricalsone 9 orders,NOT IN PMAX,NEEDS REVIEW,SHOPIFY ORDERS UNCONFIRMED,Listed active on Vintagelite. No Shopify orders found in query. Amazon/eBay demand modest.,ledsone-db listings + orders,Verify Shopify orders with targeted query. Possible genuine 0 on Shopify.
WCCYSQGD2PK,267,FALSE,,Listed not selling,0,ACTIVE (LEDSone listed 2025-04-11),260,Amazon Ledsone 2 orders,so_926407 1 order,NOT IN PMAX,FAIL,INCORRECT SHOPIFY ORDERS + INCORRECT STATUS,CSV claims 0 Shopify orders but DB shows 260 orders (last: 2026-08-05). This is a TOP SHOPIFY UK SELLER. Status should be SELLING.,ledsone-db order_item_info,CRITICAL MISMATCH. Reclassify as SELLING. Review PMax strategy - already strong on Shopify.
CRSF2003BM+PHHN1PBRGD3PK+LSDO210BI3PK,179,FALSE,,Listed not selling,0,CRSF2003BM ACTIVE (LEDSone + Electricalsone + Vintagelite; 76 Shopify orders),BUNDLE=0 (76 on component),Amazon Dcvoltage 2 orders,led_sone 2 orders,NOT IN PMAX,NEEDS REVIEW,COMPONENT HIGHLY ACTIVE BUT BUNDLE UNLISTED,CRSF2003BM has 76 Shopify UK orders.,ledsone-db listings + orders,Verify bundle.
CRSF2003BM+PHRB1PBR40BM3PK+LSBS160GR3PK,153,FALSE,,Not listed on Shopify UK,0,CRSF2003BM ACTIVE (76 Shopify orders on component),BUNDLE=0,Amazon Ledsone 3 orders,led_sone 4 orders,NOT IN PMAX,NEEDS REVIEW,COMPONENT ACTIVE BUT BUNDLE UNLISTED,CRSF2003BM component selling. Bundle not listed.,ledsone-db,Verify bundle.
ENC3538,88,FALSE,,Listed not selling,0,ACTIVE (LEDSone + dcvoltage),15,37 Amazon (Dcvoltage+Ledsone),16 eBay (led_sone+electricalsone+coventrylights+so_926407),NOT IN PMAX,FAIL,INCORRECT SHOPIFY ORDERS + INCORRECT STATUS,CSV claims 0 Shopify orders but DB shows 15 orders (last: 2026-07-08). Status should be SELLING.,ledsone-db order_item_info,Reclassify as SELLING. Strong cross-channel demand.
ENC9723,296,FALSE,,Not listed on Shopify UK,0,NOT FOUND ACTIVE,0,1 Amazon (Ledsone),2 eBay (electricalsone+led_sone),NOT IN PMAX,NEEDS REVIEW,LISTING STATUS UNVERIFIED,Not found in Shopify UK listings. Very low marketplace demand (3 combined orders).,ledsone-db,Low priority. Minimal demand.
LSTF400WH2PK+RPR44WH2PK,144,FALSE,,Listed not selling,0,BUNDLE NOT VERIFIED,0,Amazon Ledsone 6 orders,electricalsone 1 order,NOT IN PMAX,NEEDS REVIEW,BUNDLE NOT VERIFIED,,ledsone-db,Verify bundle as Shopify product.
CRFF500BM+WCSC1BM3PK,343,FALSE,,Listed not selling,0,CRFF500BM ACTIVE (70 Shopify orders on component),BUNDLE=0,Amazon Dcvoltage 1 order,led_sone 1 order,NOT IN PMAX,NEEDS REVIEW,COMPONENT ACTIVE BUT BUNDLE UNLISTED,CRFF500BM highly active. Bundle not verified.,ledsone-db,Verify bundle.
PHCT1BMRBM+PHBA1BMRBM+LSYG410YE,151,FALSE,,Listed not selling,0,BUNDLE NOT VERIFIED,0,Amazon Dcvoltage 5 orders,led_sone 2 orders,NOT IN PMAX,NEEDS REVIEW,BUNDLE NOT VERIFIED,,ledsone-db,Verify bundle.
LSEL400OR2PK+RPR44WH2PK,239,FALSE,,Listed not selling,0,BUNDLE NOT VERIFIED,0,Amazon Ledsone 3 orders,coventrylights 1 order,NOT IN PMAX,NEEDS REVIEW,BUNDLE NOT VERIFIED,,ledsone-db,Verify bundle.
CKB6820PCBM,171,FALSE,,Listed not selling,0,ACTIVE (LEDSone + BesBet + Vintagelite listed 2023-12),12,16 Amazon (Ledsone+Dcvoltage),1 eBay (electricalsone),NOT IN PMAX,FAIL,INCORRECT SHOPIFY ORDERS + INCORRECT STATUS,CSV claims 0 Shopify orders but DB shows 12 orders (last: 2026-06-10). Status should be SELLING.,ledsone-db order_item_info,Reclassify as SELLING.
LSCY210BG3PK+RPR44WH3PK,40,FALSE,,Not listed on Shopify UK,0,BUNDLE NOT VERIFIED,0,Amazon Dcvoltage 15 orders,vintageinterior 1 order,NOT IN PMAX,NEEDS REVIEW,BUNDLE NOT VERIFIED,,ledsone-db,Verify bundle.
PHTT1PBR3BM+LSWT300BM+ICST64E27603PK,133,FALSE,,Not listed on Shopify UK,0,BUNDLE NOT VERIFIED,0,Amazon Ledsone 3 orders,led_sone 5 orders,NOT IN PMAX,NEEDS REVIEW,BUNDLE NOT VERIFIED,,ledsone-db,Verify bundle.
LSEL400GY2PK+RPR44WH2PK,66,FALSE,,Listed not selling,0,BUNDLE NOT VERIFIED,0,Amazon Dcvoltage 9 orders,led_sone 4 orders,NOT IN PMAX,NEEDS REVIEW,BUNDLE NOT VERIFIED,,ledsone-db,Verify bundle.
12RPIP454002,42,FALSE,,Not listed on Shopify UK,0,NOT FOUND ACTIVE,0,15 Amazon (Dcvoltage+Ledsone),NOT FOUND eBay,NOT IN PMAX,PASS,N/A,Not listed on Shopify UK confirmed. Amazon demand confirmed (15 orders to 2026-08-16). Zero Shopify orders.,ledsone-db listings + orders,HIGH PRIORITY listing gap. List on Shopify UK then select for PMax.
LSCYRO300WH2PK+RPR44WH2PK,10,FALSE,,Listed not selling,0,BUNDLE NOT VERIFIED,0,Amazon Dcvoltage 28 orders,electricalsone 3 orders,NOT IN PMAX,NEEDS REVIEW,BUNDLE NOT VERIFIED,,ledsone-db,Verify bundle.
PSOS2HERBM2PK+ICST64E272PK,301,FALSE,,Not listed on Shopify UK,0,BUNDLE NOT VERIFIED,0,Amazon SRM Amazon 2 orders,so_926407 1 order,NOT IN PMAX,NEEDS REVIEW,BUNDLE NOT VERIFIED,,ledsone-db,Verify bundle.
WCDCBM4PK+RPR44WH4PK,22,FALSE,,Not listed on Shopify UK,0,BUNDLE NOT VERIFIED,0,Amazon Ledsone 23 orders,so_926407 1 order,NOT IN PMAX,NEEDS REVIEW,BUNDLE NOT VERIFIED,,ledsone-db,Verify bundle.
CRFF500BM+PHNW1RBM3PK,114,FALSE,,Listed not selling,0,CRFF500BM ACTIVE (70 Shopify orders on component),BUNDLE=0,Amazon Ledsone 8 orders,led_sone 1 order,NOT IN PMAX,NEEDS REVIEW,COMPONENT ACTIVE BUT BUNDLE UNLISTED,CRFF500BM component is active and selling.,ledsone-db,Verify bundle.
CRSF100GB+LHNSE27GB+LSRP260GB,311,FALSE,,Listed not selling,0,CRSF100GB ACTIVE (100 Shopify orders on component),BUNDLE=0,Amazon Ledsone 2 orders,led_sone 1 order,NOT IN PMAX,NEEDS REVIEW,COMPONENT HIGHLY ACTIVE BUT BUNDLE STATUS UNCLEAR,CRSF100GB has 100 Shopify UK orders.,ledsone-db listings + orders,Verify bundle.
LSCYRO300GD2PK+RPR44WH2PK,11,FALSE,,Listed not selling,0,BUNDLE NOT VERIFIED,0,Amazon Dcvoltage 30 orders,so_926407 2 orders,NOT IN PMAX,NEEDS REVIEW,BUNDLE NOT VERIFIED,,ledsone-db,Verify bundle.
LSCY290NB2PK+RPR44WH2PK,123,FALSE,,Listed not selling,0,BUNDLE NOT VERIFIED,0,Amazon Ledsone 7 orders,led_sone 2 orders,NOT IN PMAX,NEEDS REVIEW,BUNDLE NOT VERIFIED,,ledsone-db,Verify bundle.
CRSF100CH+PHCHPCRCH+LSCY290CH,201,FALSE,,Listed not selling,0,CRSF100CH ACTIVE (38 Shopify orders on component),BUNDLE=0,Amazon Ledsone 4 orders,so_926407 2 orders,NOT IN PMAX,NEEDS REVIEW,COMPONENT HAS SHOPIFY ORDERS,CRSF100CH has 38 Shopify UK orders.,ledsone-db listings + orders,Verify bundle.
LSMS320WH2PK+RPR44WH2PK,50,FALSE,,Listed not selling,0,BUNDLE NOT VERIFIED,0,Amazon Dcvoltage 15 orders,coventrylights 1 order,NOT IN PMAX,NEEDS REVIEW,BUNDLE NOT VERIFIED,,ledsone-db,Verify bundle.
LSWE315BU,447,FALSE,,Listed not selling,0,ACTIVE (LEDSone + Electricalsone + Vintagelite),3,NOT FOUND AMAZON,coventrylights 1 order,NOT IN PMAX,FAIL,INCORRECT SHOPIFY ORDERS + INCORRECT STATUS,CSV claims 0 Shopify orders but DB shows 3 orders (last: 2025-09-17). Status should be SELLING.,ledsone-db order_item_info,Reclassify as SELLING. Low volume but not zero.
PHSF1BRTCO3PK,198,FALSE,,Not listed on Shopify UK,0,NOT FOUND ACTIVE,0,Amazon Ledsone 5 orders,led_sone 1 order,NOT IN PMAX,NEEDS REVIEW,LISTING STATUS UNVERIFIED,Not found in Shopify UK active listings. Marketplace demand modest.,ledsone-db,Verify listing status.
ENC8896,328,FALSE,,Listed not selling,0,ACTIVE (LEDSone + Vintagelite),0,12 Amazon (Dcvoltage+SRM),3 eBay (coventrylights+so_926407),NOT IN PMAX,NEEDS REVIEW,SHOPIFY ORDERS UNCONFIRMED,Listed active. No Shopify orders found in query. Amazon has 12 orders. May be genuinely not selling on Shopify.,ledsone-db listings + orders,Verify Shopify orders with targeted query.
LDSG95DIE2745PK,24,FALSE,,Listed not selling,0,DRAFT ONLY (BesBet; listed 2025-08-29),1,NOT FOUND AMAZON UK,electricalsone 3 orders,NOT IN PMAX,FAIL,INCORRECT STATUS (DRAFT NOT ACTIVE) + INCORRECT SHOPIFY ORDERS,CSV says Listed-not-selling but only listing is DRAFT on BesBet. Not publicly active. 1 Shopify order exists in DB.,ledsone-db listings + orders,Reclassify as effectively Not Listed (draft). 1 Shopify order mismatch.
ENC1315,274,FALSE,,Listed not selling,0,ACTIVE (LEDSone + Vintagelite listed 2025-03-11),9,9 Amazon (Ledsone+SRM),31 eBay (so_926407+electricalsone+led_sone),NOT IN PMAX,FAIL,INCORRECT SHOPIFY ORDERS + INCORRECT STATUS,CSV claims 0 Shopify orders but DB shows 9 orders (last: 2025-11-25). Status should be SELLING.,ledsone-db order_item_info,Reclassify as SELLING. Active cross-channel demand.
CRFF100GB2PK+LHNSE27GB2PK+ICST64E272PK,232,FALSE,,Not listed on Shopify UK,0,BUNDLE NOT VERIFIED; CRFF100GB2PK components active,BUNDLE=0,Amazon Dcvoltage 4 orders,led_sone 1 order,NOT IN PMAX,NEEDS REVIEW,BUNDLE NOT VERIFIED,,ledsone-db,Verify bundle.
LSCY290BI2PK+RPR44WH2PK,47,FALSE,,Listed not selling,0,BUNDLE NOT VERIFIED,0,Amazon Dcvoltage 16 orders,electricalsone 1 order,NOT IN PMAX,NEEDS REVIEW,BUNDLE NOT VERIFIED,,ledsone-db,Verify bundle.
CRSF100BM2PK+PHRYWP1RBM2PK+ICST64E272PK,132,FALSE,,Listed not selling,0,CRSF100BM ACTIVE (124 Shopify orders on component),BUNDLE=0,Amazon Dcvoltage 8 orders,led_sone 1 order,NOT IN PMAX,NEEDS REVIEW,COMPONENT HIGHLY ACTIVE,CRSF100BM has 124 Shopify UK orders.,ledsone-db,Verify bundle.
CRFF500BM+PHBK1PBRBA3PK,406,FALSE,,Listed not selling,0,CRFF500BM ACTIVE (70 Shopify orders on component),BUNDLE=0,Amazon Ledsone 1 order,led_sone 1 order,NOT IN PMAX,NEEDS REVIEW,COMPONENT ACTIVE,CRFF500BM component selling.,ledsone-db,Verify bundle.
LSMCSPMSMC+RPM40WH,83,FALSE,,Listed not selling,0,BUNDLE NOT VERIFIED,0,Amazon Dcvoltage 10 orders,so_926407 3 orders,NOT IN PMAX,NEEDS REVIEW,BUNDLE NOT VERIFIED,,ledsone-db,Verify bundle.
LSCYRO200GD2PK+RPR44WH2PK,15,FALSE,,Listed not selling,0,BUNDLE NOT VERIFIED,0,Amazon Dcvoltage 27 orders,led_sone 3 orders,NOT IN PMAX,NEEDS REVIEW,BUNDLE NOT VERIFIED,,ledsone-db,Verify bundle.
WSDM240BM+WCBNBM2PK,75,FALSE,,Listed not selling,0,WSDM240BM ACTIVE (LEDSone listed 2025-03-04),2 (WSDM240BM component),Amazon Dcvoltage 2 orders,led_sone 15 orders,NOT IN PMAX,NEEDS REVIEW,COMPONENT HAS SHOPIFY ORDERS,WSDM240BM has 2 Shopify UK orders. Bundle unverified.,ledsone-db listings + orders,Verify bundle.
LSGL15014CL3PK+RPM40WH3PK,134,FALSE,,Not listed on Shopify UK,0,BUNDLE NOT VERIFIED,0,Amazon Ledsone 8 orders,electricalsone 1 order,NOT IN PMAX,NEEDS REVIEW,BUNDLE NOT VERIFIED,,ledsone-db,Verify bundle.
ENC64,352,FALSE,,Listed not selling,0,ACTIVE (dcvoltage listed 2026-01-27; 0 qty),2,8 Amazon (SRM+Ledsone+Dcvoltage),122 eBay (led_sone+others),NOT IN PMAX,FAIL,INCORRECT SHOPIFY ORDERS + INCORRECT STATUS,CSV claims 0 Shopify orders but DB shows 2 orders (last: 2025-02-10). eBay demand is HIGH (122 orders). Status should be SELLING.,ledsone-db order_item_info,Reclassify as SELLING. Strong eBay demand warrants Shopify push.
LSMS320BI2PK+RPR44WH2PK,23,FALSE,,Listed not selling,0,BUNDLE NOT VERIFIED,0,Amazon Dcvoltage 25 orders,coventrylights 2 orders,NOT IN PMAX,NEEDS REVIEW,BUNDLE NOT VERIFIED,,ledsone-db,Verify bundle.
WCCYSP160WH2PK,170,FALSE,,Not listed on Shopify UK,0,NOT FOUND ACTIVE IN LISTINGS QUERY,0,Amazon Dcvoltage 3 orders,so_926407 7 orders,NOT IN PMAX,NEEDS REVIEW,LISTING STATUS UNVERIFIED,Not found in Shopify UK active listings. Marketplace demand confirmed.,ledsone-db,Verify listing. Listing gap opportunity.
LSMS320GY2PK+RPR44WH2PK,25,FALSE,,Listed not selling,0,BUNDLE NOT VERIFIED,0,Amazon Dcvoltage 24 orders,coventrylights 2 orders,NOT IN PMAX,NEEDS REVIEW,BUNDLE NOT VERIFIED,,ledsone-db,Verify bundle.
LSMCSPFLMC+RPR44WH,9,FALSE,,Listed not selling,0,BUNDLE NOT VERIFIED,0,Amazon Ledsone 36 orders,so_926407 1 order,NOT IN PMAX,NEEDS REVIEW,BUNDLE NOT VERIFIED,,ledsone-db,Verify bundle.
LSCYRO200WH2PK+RPR44WH2PK,13,FALSE,,Listed not selling,0,BUNDLE NOT VERIFIED,0,Amazon Dcvoltage 28 orders,led_sone 4 orders,NOT IN PMAX,NEEDS REVIEW,BUNDLE NOT VERIFIED,,ledsone-db,Verify bundle.
LSCYRO200BM2PK+RPR44WH2PK,20,FALSE,,Listed not selling,0,BUNDLE NOT VERIFIED,0,Amazon Dcvoltage 28 orders,so_926407 1 order,NOT IN PMAX,NEEDS REVIEW,BUNDLE NOT VERIFIED,,ledsone-db,Verify bundle.
CRSF100GB+PHMU1PBRGB+LSDM220GB,218,FALSE,,Listed not selling,0,CRSF100GB ACTIVE (100 Shopify orders on component),BUNDLE=0,Amazon Dcvoltage 4 orders,coventrylights 3 orders,NOT IN PMAX,NEEDS REVIEW,COMPONENT HIGHLY ACTIVE,CRSF100GB has 100 Shopify UK orders.,ledsone-db,Verify bundle.
CRFF100YB2PK+LHNSE27YB2PK,90,FALSE,,Not listed on Shopify UK,0,BUNDLE NOT VERIFIED,0,Amazon Dcvoltage 10 orders,electricalsone 5 orders,NOT IN PMAX,NEEDS REVIEW,BUNDLE NOT VERIFIED,,ledsone-db,Verify bundle.
CRSF100BM+PHCHPBRGB+LSCY290GB,155,FALSE,,Listed not selling,0,CRSF100BM ACTIVE (124 Shopify orders on component),BUNDLE=0,Amazon Dcvoltage 5 orders,so_926407 4 orders,NOT IN PMAX,NEEDS REVIEW,COMPONENT HIGHLY ACTIVE,CRSF100BM has 124 Shopify UK orders.,ledsone-db,Verify bundle.
PHTT1PBR3BM+LSWT300BM,284,FALSE,,Listed not selling,0,BUNDLE NOT VERIFIED,0,Amazon Ledsone 3 orders,coventrylights 1 order,NOT IN PMAX,NEEDS REVIEW,BUNDLE NOT VERIFIED,,ledsone-db,Verify bundle.
WLRPE27BM+LDMA60E274WW,347,FALSE,,Listed not selling,0,WLRPE27BM ACTIVE (Vintagelite listed 2023-12-05),0 (not found in Shopify orders query),Amazon Ledsone 1 order,electricalsone 2 orders,NOT IN PMAX,NEEDS REVIEW,SHOPIFY ORDERS UNCONFIRMED,WLRPE27BM listed active. No Shopify orders found in query for this combination.,ledsone-db,Verify Shopify orders.
LSMCSPFLMC+RPM40WH,142,FALSE,,Listed not selling,0,BUNDLE NOT VERIFIED,0,Amazon Ledsone 8 orders,led_sone 1 order,NOT IN PMAX,NEEDS REVIEW,BUNDLE NOT VERIFIED,,ledsone-db,Verify bundle.
LDMT45E2745PK,129,FALSE,,Not listed on Shopify UK,0,NOT FOUND ACTIVE CURRENTLY (may be delisted),7,13 Amazon (Ledsone+Dcvoltage),77 eBay (led_sone),NOT IN PMAX,FAIL,INCORRECT LISTING STATUS + INCORRECT SHOPIFY ORDERS,CSV says Not Listed but DB shows 7 Shopify UK orders. eBay has 77 orders. SKU appears to have been listed and sold but may now be delisted.,ledsone-db listings + orders,Verify current listing status. If delisted: re-list and select for PMax. Very strong eBay demand.
CRSF100CO+PHMU1PBRCO+LSDM220CO,204,FALSE,,Listed not selling,0,CRSF100CO ACTIVE (30 Shopify orders on component),BUNDLE=0,Amazon Dcvoltage 5 orders,coventrylights 2 orders,NOT IN PMAX,NEEDS REVIEW,COMPONENT HAS SHOPIFY ORDERS,CRSF100CO has 30 Shopify UK orders.,ledsone-db,Verify bundle.
LDMC35E144APK,61,FALSE,,Not listed on Shopify UK,0,NOT FOUND ACTIVE,0,21 Amazon (Ledsone),led_sone 1 order,NOT IN PMAX,PASS,N/A,Not listed on Shopify UK confirmed. Amazon demand confirmed (21 orders). Strong gap opportunity.,ledsone-db listings + orders,HIGH PRIORITY: list on Shopify UK and select for PMax.
PLTTBC+LSTF40BC,145,FALSE,,Listed not selling,0,BUNDLE NOT VERIFIED,0,Amazon Dcvoltage 8 orders,led_sone 1 order,NOT IN PMAX,NEEDS REVIEW,BUNDLE NOT VERIFIED,,ledsone-db,Verify bundle.
CRSF100SN+PHCHPCRSN+LSCY290SN,166,FALSE,,Listed not selling,0,CRSF100SN ACTIVE (25 Shopify orders on component),BUNDLE=0,Amazon Ledsone 7 orders,so_926407 1 order,NOT IN PMAX,NEEDS REVIEW,COMPONENT HAS SHOPIFY ORDERS,CRSF100SN has 25 Shopify UK orders.,ledsone-db,Verify bundle.
CRSF100YB+PHMU1PBRYB+LSDM220YB,215,FALSE,,Listed not selling,0,CRSF100YB ACTIVE (82 Shopify orders on component),BUNDLE=0,Amazon Dcvoltage 3 orders,coventrylights 5 orders,NOT IN PMAX,NEEDS REVIEW,COMPONENT HIGHLY ACTIVE,CRSF100YB has 82 Shopify UK orders.,ledsone-db,Verify bundle.
LSMCSQWYBL+RPM40WH,58,FALSE,,Listed not selling,0,LSMCSQWYBL = DRAFT ONLY; bundle unverified,1 (LSMCSQWYBL historic),Amazon Dcvoltage 8 orders,so_926407 11 orders,NOT IN PMAX,FAIL,LISTING STATUS QUESTIONABLE - COMPONENT DRAFT,LSMCSQWYBL is draft only (listed 2026-02-27). Not publicly active. 1 historic Shopify order on component.,ledsone-db listings + orders,Clarify listing status. If draft: correct to Not Listed.
ENC8893,245,FALSE,,Listed not selling,0,ACTIVE (LEDSone + Vintagelite listed 2022-01-05),0,7 Amazon (Dcvoltage+SRM),3 eBay (coventrylights+electricalsone),NOT IN PMAX,NEEDS REVIEW,SHOPIFY ORDERS UNCONFIRMED,Listed active since 2022. No Shopify orders found in query. Marketplace demand confirmed (10 orders).,ledsone-db listings + orders,Verify targeted Shopify orders. Likely genuine 0.
LSCY210BC2PK+RPR44WH2PK,432,FALSE,,Not listed on Shopify UK,0,BUNDLE NOT VERIFIED,0,Amazon Ledsone 1 order,led_sone 1 order,NOT IN PMAX,NEEDS REVIEW,BUNDLE NOT VERIFIED,,ledsone-db,Verify bundle.
WCDCBM3PK+RPR44WH3PK,8,FALSE,,Not listed on Shopify UK,0,BUNDLE NOT VERIFIED,0,Amazon Dcvoltage 42 orders,so_926407 1 order,NOT IN PMAX,NEEDS REVIEW,BUNDLE NOT VERIFIED,,ledsone-db,HIGH DEMAND: 43 Amazon orders. Verify bundle listing.
TPHTTN2PBRBM+LSGLBC160AR+LDMST64E274,342,FALSE,,Not listed on Shopify UK,0,TPHTTN2PBRBM ACTIVE (LEDSone; 1 Shopify order on component),BUNDLE=0 (1 on component),Amazon Dcvoltage 2 orders,so_926407 1 order,NOT IN PMAX,NEEDS REVIEW,COMPONENT ACTIVE BUT BUNDLE UNLISTED,TPHTTN2PBRBM is active and has 1 Shopify order.,ledsone-db,Verify bundle.
CRFF108GB4PK+HK10GB4PK,427,FALSE,,Not listed on Shopify UK,0,BUNDLE NOT VERIFIED,0,Amazon Ledsone 1 order,led_sone 1 order,NOT IN PMAX,NEEDS REVIEW,BUNDLE NOT VERIFIED,,ledsone-db,Verify bundle.
WCDTRO3PK+RPR44WH3PK,64,FALSE,,Not listed on Shopify UK,0,BUNDLE NOT VERIFIED,0,Amazon Ledsone 14 orders,led_sone 3 orders,NOT IN PMAX,NEEDS REVIEW,BUNDLE NOT VERIFIED,,ledsone-db,Verify bundle.
CRSF100BB+PHCH1PBRBB+LSCY290BB,86,FALSE,,Listed not selling,0,CRSF100BB ACTIVE (LEDSone + Electricalsone + Vintagelite; 8 Shopify orders on component),BUNDLE=0,Amazon Ledsone 5 orders,led_sone 15 orders,NOT IN PMAX,NEEDS REVIEW,COMPONENT HAS SHOPIFY ORDERS,CRSF100BB has 8 Shopify UK orders.,ledsone-db listings + orders,Verify bundle.
CRFF100GB2PK+LHNSE27GB2PK,49,FALSE,,Not listed on Shopify UK,0,BUNDLE NOT VERIFIED,0,Amazon Dcvoltage 18 orders,led_sone 1 order,NOT IN PMAX,NEEDS REVIEW,BUNDLE NOT VERIFIED,,ledsone-db,Verify bundle.
CL3RBKAPK,294,FALSE,,Listed not selling,0,ACTIVE (LEDSone + Electricalsone + Vintagelite listed 2019),14,27 Amazon (Dcvoltage+Ledsone),17 eBay (led_sone+electricalsone+coventrylights+so_926407),NOT IN PMAX,FAIL,INCORRECT SHOPIFY ORDERS + INCORRECT STATUS,CSV claims 0 Shopify orders but DB shows 14 orders (last: 2025-10-31). Status should be SELLING. Strong cross-channel demand.,ledsone-db order_item_info,Reclassify as SELLING. Good PMax candidate due to Shopify growth potential.
CRFF100SN2PK+LHNSE27SN2PK,68,FALSE,,Not listed on Shopify UK,0,BUNDLE NOT VERIFIED,0,Amazon Dcvoltage 16 orders,led_sone 1 order,NOT IN PMAX,NEEDS REVIEW,BUNDLE NOT VERIFIED,,ledsone-db,Verify bundle.
CRSF100BM+PHHN1PBRGD+LSDO210BG,192,FALSE,,Listed not selling,0,CRSF100BM ACTIVE (124 Shopify orders on component),BUNDLE=0,Amazon Ledsone 3 orders,electricalsone 6 orders,NOT IN PMAX,NEEDS REVIEW,COMPONENT HIGHLY ACTIVE,CRSF100BM has 124 Shopify UK orders.,ledsone-db,Verify bundle.
LDMST64B224APK,243,FALSE,,Not listed on Shopify UK,0,NOW ACTIVE on Electricalsone (listed 2026-08-17 = TODAY),0 (just listed today),4 Amazon (Ledsone+Dcvoltage),NOT FOUND eBay,NOT IN PMAX,FAIL,INCORRECT LISTING STATUS (STALE DATA),CSV says Not Listed but SKU was listed TODAY (2026-08-17) on Electricalsone. Stale data at time of CSV creation.,ledsone-db listings,Update listing status to ACTIVE. Monitor Shopify sales. Potential PMax candidate once sales data available.
WCBTC140FG2PK+RPR44WH2PK,29,FALSE,,Not listed on Shopify UK,0,BUNDLE NOT VERIFIED,0,Amazon Ledsone 26 orders,electricalsone 2 orders,NOT IN PMAX,NEEDS REVIEW,BUNDLE NOT VERIFIED,,ledsone-db,Verify bundle. Strong Amazon demand (26 orders).
ENC3291,253,FALSE,,Listed not selling,0,ACTIVE (LEDSone listed 2025-04-09),1,22 Amazon (Dcvoltage+Ledsone),162 eBay (vintageinterior+so_926407+led_sone),NOT IN PMAX,FAIL,INCORRECT SHOPIFY ORDERS + INCORRECT STATUS,CSV claims 0 Shopify orders but DB shows 1 order. MASSIVE eBay demand (162 orders). Status should be SELLING on Shopify (low but not zero).,ledsone-db order_item_info,Reclassify. HIGH PRIORITY for PMax given 162 eBay orders vs 1 Shopify order.
CRSF100CO+PHSH1PBRCO+LSDM220CO+LDWWE2715,258,FALSE,,Listed not selling,0,CRSF100CO ACTIVE (30 Shopify orders on component),BUNDLE=0,Amazon Dcvoltage 4 orders,so_926407 1 order,NOT IN PMAX,NEEDS REVIEW,COMPONENT HAS SHOPIFY ORDERS,CRSF100CO has 30 Shopify UK orders.,ledsone-db,Verify bundle.
PLWCBC,292,FALSE,,Listed not selling,0,ACTIVE (Vintagelite listed 2022-01-07; 5 qty),0 (not found in Shopify orders query),Amazon Dcvoltage 3 orders,led_sone 1 order,NOT IN PMAX,NEEDS REVIEW,SHOPIFY ORDERS UNCONFIRMED,Listed active on Vintagelite. Not found in Shopify orders query. Low demand across all channels.,ledsone-db listings + orders,Verify Shopify orders. Low priority.
ENC1483,345,FALSE,,Not listed on Shopify UK,0,NOT FOUND ACTIVE IN LISTINGS QUERY,0,33 Amazon (Dcvoltage),re6865 2 orders,NOT IN PMAX,PASS,N/A,Not listed on Shopify UK confirmed. Amazon demand confirmed (33 orders to 2026-06-22). Strong gap opportunity.,ledsone-db listings + orders,List on Shopify UK and select for PMax. Strong Amazon-to-Shopify gap.
PHUH2HETBM+SPHEBM+WCSPROCO+ICST64E27,415,FALSE,,Not listed on Shopify UK,0,PHUH2HETBM ACTIVE (LEDSone + Electricalsone; 50 Shopify orders on component),BUNDLE=0 (50 on component),Amazon Ledsone 1 order,led_sone 1 order,NOT IN PMAX,NEEDS REVIEW,COMPONENT HIGHLY ACTIVE BUT BUNDLE UNLISTED,PHUH2HETBM has 50 Shopify UK orders. Bundle not listed.,ledsone-db listings + orders,Verify bundle. Component is a strong seller.
LSCYRO120WH2PK+RPR44WH2PK,26,FALSE,,Listed not selling,0,BUNDLE NOT VERIFIED,0,Amazon Dcvoltage 26 orders,electricalsone 3 orders,NOT IN PMAX,NEEDS REVIEW,BUNDLE NOT VERIFIED,,ledsone-db,Verify bundle.
LSMCSPSQMC+RPM40WH,33,FALSE,,Listed not selling,0,BUNDLE NOT VERIFIED,0,Amazon Dcvoltage 22 orders,led_sone 4 orders,NOT IN PMAX,NEEDS REVIEW,BUNDLE NOT VERIFIED,,ledsone-db,Verify bundle.
WSFH1BMYB+PSDS2RBR+SCRN70BM+LSFT220YE,259,FALSE,,Listed not selling,0,BUNDLE NOT VERIFIED,0,Amazon SRM Amazon 4 orders,coventrylights 1 order,NOT IN PMAX,NEEDS REVIEW,BUNDLE NOT VERIFIED,,ledsone-db,Verify bundle.
WCFRBM+ICST64E2740,140,FALSE,,Listed not selling,0,WCFRBM ACTIVE (LEDSone; 8 Shopify orders on component),BUNDLE=0 (8 on WCFRBM),Amazon Dcvoltage 5 orders,so_926407 6 orders,NOT IN PMAX,NEEDS REVIEW,COMPONENT HAS SHOPIFY ORDERS,WCFRBM has 8 Shopify UK orders.,ledsone-db listings + orders,Verify bundle.
CRSF100BC+PHCH1PBRBC+LSCY290BC,51,FALSE,,Listed not selling,0,CRSF100BC ACTIVE (15 Shopify orders on component),BUNDLE=0,Amazon Dcvoltage 15 orders,led_sone 6 orders,NOT IN PMAX,NEEDS REVIEW,COMPONENT HAS SHOPIFY ORDERS,CRSF100BC has 15 Shopify UK orders.,ledsone-db listings + orders,Verify bundle.
WLRPE27BM,45,FALSE,,Listed not selling,0,ACTIVE (Vintagelite listed 2023-12-05),0 (not found in Shopify orders query),Amazon Ledsone 3 orders,led_sone 22 orders,NOT IN PMAX,NEEDS REVIEW,SHOPIFY ORDERS UNCONFIRMED,Listed active. Not found in Shopify orders query. eBay demand is strong (22 orders on led_sone).,ledsone-db listings + orders,Verify Shopify orders. Strong eBay demand suggests Shopify gap.
LSCY210BG2PK+RPR44WH2PK,27,FALSE,,Not listed on Shopify UK,0,BUNDLE NOT VERIFIED,0,Amazon Dcvoltage 27 orders,vintageinterior 3 orders,NOT IN PMAX,NEEDS REVIEW,BUNDLE NOT VERIFIED,,ledsone-db,Verify bundle.
CL3RBWAPK,303,FALSE,,Listed not selling,0,ACTIVE (LEDSone + Electricalsone + Vintagelite listed 2022),6,16 Amazon (Ledsone+Dcvoltage),20 eBay (led_sone+electricalsone+coventrylights),NOT IN PMAX,FAIL,INCORRECT SHOPIFY ORDERS + INCORRECT STATUS,CSV claims 0 Shopify orders but DB shows 6 orders (last: 2026-05-09). Status should be SELLING.,ledsone-db order_item_info,Reclassify as SELLING.
ENC9103,116,FALSE,,Listed not selling,0,ACTIVE (LEDSone; listed 2025-09-12; draft also exists),0 (not found in Shopify orders query),31 Amazon (Dcvoltage+Ledsone),1 eBay (led_sone),NOT IN PMAX,NEEDS REVIEW,SHOPIFY ORDERS UNCONFIRMED,Listed active since 2025-09-12. No Shopify orders found. Amazon has 31 orders. May be genuine 0 Shopify.,ledsone-db listings + orders,Verify Shopify orders. Strong Amazon demand warrants PMax consideration.
LSCYRO120BM2PK+RPR44WH2PK,19,FALSE,,Listed not selling,0,BUNDLE NOT VERIFIED,0,Amazon Dcvoltage 31 orders,so_926407 3 orders,NOT IN PMAX,NEEDS REVIEW,BUNDLE NOT VERIFIED,,ledsone-db,Verify bundle.
ENC1808,265,FALSE,,Not listed on Shopify UK,0,NOT FOUND ACTIVE IN LISTINGS QUERY,0,Amazon Dcvoltage 3 orders,electricalsone 2 orders,NOT IN PMAX,NEEDS REVIEW,LISTING STATUS UNVERIFIED,Not found in Shopify UK active listings. Low demand.,ledsone-db,Low priority.
CRSF100BM+LHNSE27YB+LSDM220GS+ICST64E27,309,FALSE,,Listed not selling,0,CRSF100BM ACTIVE (124 Shopify orders on component),BUNDLE=0,Amazon Ledsone 2 orders,led_sone 2 orders,NOT IN PMAX,NEEDS REVIEW,COMPONENT HIGHLY ACTIVE,CRSF100BM has 124 Shopify UK orders.,ledsone-db,Verify bundle.
ENC8191,360,FALSE,,Listed not selling,0,ACTIVE (LEDSone + dcvoltage listed 2026-02-09),0 (not found in Shopify orders query),7 Amazon (Dcvoltage),led_sone 2 orders,NOT IN PMAX,NEEDS REVIEW,SHOPIFY ORDERS UNCONFIRMED,Listed active since Feb 2026 (recent). No Shopify orders found. Amazon demand modest.,ledsone-db listings + orders,Verify Shopify orders. Recent listing - may not have had time to sell.
ENC338,306,FALSE,,Listed not selling,0,ACTIVE (LEDSone listed 2026-04-17),3,138 Amazon (Ledsone+Dcvoltage+SRM),20 eBay (led_sone),NOT IN PMAX,FAIL,INCORRECT SHOPIFY ORDERS + INCORRECT STATUS,CSV claims 0 Shopify orders but DB shows 3 orders (last: 2026-08-09). MASSIVE Amazon demand (138 orders). Status should be SELLING.,ledsone-db order_item_info,Reclassify as SELLING. HIGH PRIORITY for PMax: 138 Amazon orders vs 3 Shopify orders = massive gap.
ENC903,181,FALSE,,Listed not selling,0,ACTIVE (LEDSone + Vintagelite listed 2022-01-05),2,103 Amazon (Dcvoltage+Ledsone+SRM),8 eBay (led_sone+electricalsone),NOT IN PMAX,FAIL,INCORRECT SHOPIFY ORDERS + INCORRECT STATUS,CSV claims 0 Shopify orders but DB shows 2 orders (last: 2025-04-19). STRONG Amazon demand (103 orders). Status should be SELLING.,ledsone-db order_item_info,Reclassify as SELLING. HIGH PRIORITY: 103 Amazon orders vs 2 Shopify = major demand gap.
ENC9257,374,FALSE,,Not listed on Shopify UK,0,NOT FOUND ACTIVE IN LISTINGS QUERY,0,8 Amazon (Ledsone),NOT FOUND eBay,NOT IN PMAX,NEEDS REVIEW,LISTING STATUS UNVERIFIED,Not found in Shopify UK active listings. Amazon demand confirmed (8 orders).,ledsone-db,Verify listing. Listing gap opportunity.
CRSF2003BM+PHNW1RBM3PK,169,FALSE,,Not listed on Shopify UK,0,CRSF2003BM ACTIVE (76 Shopify orders on component),BUNDLE=0 (76 on component),Amazon Dcvoltage 6 orders,led_sone 2 orders,NOT IN PMAX,NEEDS REVIEW,COMPONENT ACTIVE BUT BUNDLE UNLISTED,CRSF2003BM has 76 Shopify UK orders.,ledsone-db,Verify bundle.
PLTTBC+LSFT220BC,14,FALSE,,Not listed on Shopify UK,0,BUNDLE NOT VERIFIED,0,Amazon Dcvoltage 35 orders,led_sone 2 orders,NOT IN PMAX,NEEDS REVIEW,BUNDLE NOT VERIFIED,,ledsone-db,Verify bundle. Strong Amazon demand (35 orders).
LHXSHE27WH3PK,217,FALSE,,Not listed on Shopify UK,0,NOT FOUND ACTIVE IN LISTINGS QUERY,0,Amazon Ledsone 6 orders,led_sone 1 order,NOT IN PMAX,NEEDS REVIEW,LISTING STATUS UNVERIFIED,Not found in Shopify UK active listings. Amazon demand confirmed.,ledsone-db,Verify listing.
LDSG95DIE2743PK,18,FALSE,,Not listed on Shopify UK,0,ACTIVE (LEDSone; listed 2024-01-28 based on orders),6,Amazon Ledsone 34 orders,led_sone 1 order,NOT IN PMAX,FAIL,INCORRECT LISTING STATUS + INCORRECT SHOPIFY ORDERS,CSV says Not Listed and 0 orders but DB shows 6 Shopify UK orders (last: 2026-01-08) and strong Amazon demand (34 orders).,ledsone-db listings + orders,DOUBLE MISMATCH. Reclassify listing status to LISTED and orders to 6. HIGH PRIORITY for PMax.
LDSHEAE2743PK,185,FALSE,,Listed not selling,0,ACTIVE (LEDSone listed 2021-12-09),7,Amazon Ledsone 7 orders,electricalsone 1 order,NOT IN PMAX,FAIL,INCORRECT SHOPIFY ORDERS + INCORRECT STATUS,CSV claims 0 Shopify orders but DB shows 7 orders (last: 2026-04-25). Status should be SELLING.,ledsone-db order_item_info,Reclassify as SELLING.
CRSF100BM+LHNSE27YB+SCRN70BM+LSFT220GS,241,FALSE,,Listed not selling,0,CRSF100BM ACTIVE (124 Shopify orders on component),BUNDLE=0,Amazon Dcvoltage 5 orders,led_sone 1 order,NOT IN PMAX,NEEDS REVIEW,COMPONENT HIGHLY ACTIVE,CRSF100BM has 124 Shopify UK orders.,ledsone-db,Verify bundle.
ENC9164,368,FALSE,,Not listed on Shopify UK,0,NOT FOUND ACTIVE IN LISTINGS QUERY,0,13 Amazon (Dcvoltage+Ledsone),NOT FOUND eBay,NOT IN PMAX,NEEDS REVIEW,LISTING STATUS UNVERIFIED,Not found in active listings. Amazon demand confirmed (13 orders to 2026-08-04).,ledsone-db,Verify listing. Potential listing gap.
WCCYSQBM,445,FALSE,,Listed not selling,0,ACTIVE (LEDSone + Vintagelite + Electricalsone listed 2023),76,Amazon Ledsone 1 order,led_sone 1 order,NOT IN PMAX,FAIL,INCORRECT SHOPIFY ORDERS + INCORRECT STATUS,CSV claims 0 Shopify orders but DB shows 76 orders (last: 2026-06-19). This is a STRONG Shopify UK seller. Status should be SELLING.,ledsone-db order_item_info,CRITICAL MISMATCH. Reclassify as SELLING. Review PMax need given strong Shopify sales.
LSMCSQWYBL,113,FALSE,,Listed not selling,0,DRAFT ONLY (LEDSone listed 2026-02-27),0 (1 on LSMCSQWYRE variant),Amazon Dcvoltage 12 orders,so_926407 1 order,NOT IN PMAX,FAIL,INCORRECT STATUS - DRAFT NOT ACTIVE,Only listing is DRAFT on LEDSone. Not publicly active on Shopify UK.,ledsone-db listings,Reclassify as Not Listed (draft). Activate listing then evaluate for PMax.
BLBB1GU225+LDGU10CD5,433,FALSE,,Listed not selling,0,BUNDLE NOT VERIFIED,0,Amazon Ledsone 1 order,electricalsone 1 order,NOT IN PMAX,NEEDS REVIEW,BUNDLE NOT VERIFIED,,ledsone-db,Verify bundle. Low demand.
LSHM300HE+RPR44WH,6,FALSE,,Not listed on Shopify UK,0,LSHM300HE ACTIVE (LEDSone listed 2025-03-21; 6 Shopify orders on component),BUNDLE=0 (6 on component),Amazon Dcvoltage 59 orders,led_sone 1 order,NOT IN PMAX,NEEDS REVIEW,COMPONENT ACTIVE BUT BUNDLE UNLISTED,LSHM300HE has 6 Shopify UK orders. Strong Amazon demand (59 orders). Bundle not listed.,ledsone-db listings + orders,Verify bundle. HIGH PRIORITY given 59 Amazon orders.
CRFF500BC+PHWL1PBRBC3PK,281,FALSE,,Not listed on Shopify UK,0,CRFF500BC ACTIVE (LEDSone + Electricalsone + Vintagelite; 4 Shopify orders on component),BUNDLE=0 (4 on component),Amazon Ledsone 1 order,led_sone 2 orders,NOT IN PMAX,FAIL,INCORRECT LISTING STATUS,CRFF500BC component is active and has 4 Shopify UK orders. CSV says Not Listed. Bundle itself may not be listed but component IS listed.,ledsone-db listings + orders,Clarify bundle vs component status. Verify if bundle is a distinct Shopify product.
WCBTC120FG2PK+RPR44WH2PK,97,FALSE,,Not listed on Shopify UK,0,BUNDLE NOT VERIFIED,0,Amazon Ledsone 14 orders,electricalsone 1 order,NOT IN PMAX,NEEDS REVIEW,BUNDLE NOT VERIFIED,,ledsone-db,Verify bundle.
PLTYBC+ICST64E27,226,FALSE,,Not listed on Shopify UK,0,BUNDLE NOT VERIFIED,0,Amazon Ledsone 5 orders,re6865 2 orders,NOT IN PMAX,NEEDS REVIEW,BUNDLE NOT VERIFIED,,ledsone-db,Verify bundle.
ENC285,67,FALSE,,Listed not selling,0,DRAFT on LEDSone; ACTIVE on Vintagelite + dcvoltage,3,29 Amazon (Dcvoltage+SRM+Ledsone),218 eBay (led_sone+vintageinterior+coventrylights+others),NOT IN PMAX,FAIL,INCORRECT SHOPIFY ORDERS + INCORRECT STATUS,CSV claims 0 Shopify orders but DB shows 3 orders (last: 2026-02-08). MASSIVE eBay demand (218 orders). Primary LEDSone listing is DRAFT.,ledsone-db order_item_info,Reclassify as SELLING. CRITICAL: 218 eBay orders vs 3 Shopify = extreme demand gap. Activate LEDSone listing and select for PMax.
LSMCSQWYRE+RPM40WH,36,FALSE,,Listed not selling,0,BUNDLE NOT VERIFIED; LSMCSQWYRE has 1 historic Shopify order,1 (LSMCSQWYRE component),Amazon Ledsone 19 orders,so_926407 9 orders,NOT IN PMAX,NEEDS REVIEW,BUNDLE NOT VERIFIED; MINOR SHOPIFY ORDER MISMATCH,LSMCSQWYRE has 1 Shopify order. Amazon demand confirmed (19 orders).,ledsone-db listings + orders,Verify bundle. Good PMax candidate.
PLTEBM,176,FALSE,,Listed not selling,0,ACTIVE (Vintagelite + LEDSone listed since 2023),68,Amazon Dcvoltage 7 orders,led_sone 2 orders,NOT IN PMAX,FAIL,INCORRECT SHOPIFY ORDERS + INCORRECT STATUS,CSV claims 0 Shopify orders but DB shows 68 orders (last: 2026-04-24). Status should be SELLING. HIGHLY ACTIVE on Shopify UK.,ledsone-db order_item_info,CRITICAL MISMATCH. Reclassify as SELLING. One of the highest Shopify UK sellers in the list.
ENC678,135,FALSE,,Listed not selling,0,ACTIVE (LEDSone listed 2025-10-07),0 (not found in Shopify orders query),133 Amazon (Dcvoltage+Ledsone+SRM),1 eBay (electricalsone),NOT IN PMAX,NEEDS REVIEW,SHOPIFY ORDERS UNCONFIRMED,Listed active since 2025-10-07 (recent). No Shopify orders found. STRONG Amazon demand (133 orders). May be genuine 0 Shopify.,ledsone-db listings + orders,Verify Shopify orders. HIGH PRIORITY for PMax: 133 Amazon orders vs likely 0 Shopify = prime opportunity.
CL3RIVAPK,273,FALSE,,Listed not selling,0,ACTIVE (LEDSone + Electricalsone + Vintagelite),4,28 Amazon (Dcvoltage+Ledsone),1 eBay (electricalsone),NOT IN PMAX,FAIL,INCORRECT SHOPIFY ORDERS + INCORRECT STATUS,CSV claims 0 Shopify orders but DB shows 4 orders (last: 2025-07-15). Status should be SELLING.,ledsone-db order_item_info,Reclassify as SELLING.
LDMST64B2286PK,52,FALSE,,Listed not selling,0,DRAFT ONLY (BesBet listed 2025-08-29),17,161 Amazon (Ledsone+Dcvoltage),13 eBay (led_sone+electricalsone),NOT IN PMAX,FAIL,INCORRECT STATUS (DRAFT NOT ACTIVE) + INCORRECT SHOPIFY ORDERS,CSV says Listed-not-selling but listing is DRAFT on BesBet only. Has 17 Shopify UK orders in DB (all-time). MASSIVE Amazon demand (161 orders).,ledsone-db listings + orders,CRITICAL: 161 Amazon orders vs 17 Shopify. Activate listing on main channel and select for PMax immediately.
LSGLULCL2PK+RPM40WH2PK,87,FALSE,,Listed not selling,0,BUNDLE NOT VERIFIED,0,Amazon Ledsone 12 orders,electricalsone 4 orders,NOT IN PMAX,NEEDS REVIEW,BUNDLE NOT VERIFIED,,ledsone-db,Verify bundle.
TPOS1PRBSQ,250,FALSE,,Listed not selling,0,ACTIVE (LEDSone + Vintagelite),2,Amazon Dcvoltage 5 orders,so_926407 1 order,NOT IN PMAX,FAIL,INCORRECT SHOPIFY ORDERS + INCORRECT STATUS,CSV claims 0 Shopify orders but DB shows 2 orders (last: 2026-08-17 = TODAY). Status should be SELLING.,ledsone-db order_item_info,Reclassify as SELLING. Order placed today.
CRSF100BM+PHCH1BMRBM+LSCY290BM,3,FALSE,,Listed not selling,0,CRSF100BM ACTIVE (124 Shopify orders on component),BUNDLE=0,Amazon Dcvoltage 85 orders,electricalsone 6 orders,NOT IN PMAX,NEEDS REVIEW,COMPONENT HIGHEST DEMAND,CRSF100BM is the TOP Amazon UK seller (85 orders) and has 124 Shopify orders. Bundle status unverified.,ledsone-db listings + orders,Verify bundle. CRSF100BM alone is extremely strong across all channels.
