product_item_id,product_id,variant_id,sku,product_title,campaign_id,site,status,quantity,compare_price,current_price,total_clicks,total_spend,total_conversions,total_conversion_value,compare_price_bucket
shopify_gb_7977115615482_44687446769914,7977115615482,44687446769914,LDMST64E2746PK,SIx,21069663519,UK,active,1687,,20.79,491,356.71,35.70,1044.21,NULL
shopify_gb_14874202472834_54859132699010,14874202472834,54859132699010,ENC7860,Yes,21069663519,UK,active,119,,19.19,209,112.30,10.57,450.35,NULL
shopify_gb_5334385819809_34865736220833,5334385819809,34865736220833,PLPYBC+ICST64E2740,Brushed Copper,21069663519,UK,active,145,,17.29,151,82.73,5.66,192.47,NULL
shopify_gb_7630664532218_42832272556282,7630664532218,42832272556282,CRFF140CO+WSNW170CO+LSRP260CO+ICST64E27,Yes / Copper,21069663519,UK,active,156,,27.49,26,20.81,1.00,32.18,NULL
shopify_gb_15069349151106_55576282431874,15069349151106,55576282431874,WSNWBC+WJ018RB3PBM+LSCY290BC+LDMST64E274,Brushed Copper,21069663519,UK,active,0,0.00,16.69,21,18.15,1.00,33.48,ZERO
shopify_gb_5294722318497_34706867781793,5294722318497,34706867781793,LSGD280AR+SCRN70FG,Default Title,22079334413,UK,active,160,,24.59,36,16.75,1.00,27.43,NULL
shopify_gb_14876294447490_54864089940354,14876294447490,54864089940354,COT85IP683RE,Red T Connector,21242723265,UK,active,749,0.00,2.85,30,16.56,0.00,0.00,ZERO
shopify_gb_15124381794690_55766497264002,15124381794690,55766497264002,WCBCFBM,Black Cage,21069663519,UK,active,289,,13.19,55,15.97,1.09,36.11,NULL
shopify_gb_7585585332474_42621052616954,7585585332474,42621052616954,COY9ABM,Y Connecter,21069663519,UK,active,0,,3.75,34,15.69,1.41,76.78,NULL
shopify_gb_4417271365728_56670391566722,4417271365728,56670391566722,ENC7884,Yes,23110323532,UK,active,71,,18.79,21,13.46,2.00,79.25,NULL
shopify_gb_5998486913185_37458904318113,5998486913185,37458904318113,CRFF100CO+PHUP1PBRCO+CNT900CO,Default Title,21069663519,UK,active,152,0.00,10.89,47,13.11,1.50,63.56,ZERO
shopify_gb_14881058324866_54879996510594,14881058324866,54879996510594,ENC8051,Yellow Brass,21069663519,UK,active,41,0.00,12.19,13,12.51,0.00,0.00,ZERO
shopify_gb_15069349151106_55576282399106,15069349151106,55576282399106,WSNWBS+WJ018RB3PBM+LSCY290BS+LDMST64E274,Brushed Silver,21069663519,UK,active,179,0.00,16.69,6,11.87,0.00,0.00,ZERO
shopify_gb_8006238404858_44477651452154,8006238404858,44477651452154,TPHTTF2PBRBM,Without Bulb / 1 Pack,21069663519,UK,active,77,0.00,15.19,39,11.13,1.00,30.39,ZERO
shopify_gb_14909203972482_54977935835522,14909203972482,54977935835522,LHBGE27BM3PK,3 Pack,21069663519,UK,active,446,,4.38,37,10.80,0.00,0.00,NULL
shopify_gb_4484057006176_31748811292768,4484057006176,31748811292768,CRSF120YB+WSRH230YB+LSGD280AR,Default Title,22079334413,UK,active,95,,28.19,5,10.04,0.33,9.11,NULL
shopify_gb_14961292312962_55121271882114,14961292312962,55121271882114,PSDS4WHBWH,No,21069663519,UK,active,410,0.00,8.89,38,9.99,1.17,20.08,ZERO
shopify_gb_7984218112250_44278141976826,7984218112250,44278141976826,LHBRE14BM3PK,Default Title,21069663519,UK,active,486,,4.53,24,9.95,0.50,2.17,NULL
shopify_gb_4417285128288_31497600893024,4417285128288,31497600893024,LHC1E27WH,Default Title,21069663519,UK,active,1477,,3.89,16,9.84,1.00,6.73,NULL
shopify_gb_14961292312962_55121271849346,14961292312962,55121271849346,PSDS4WHBWH+ICST64E2740,Yes,21069663519,UK,active,410,0.00,11.89,38,9.17,3.34,84.51,ZERO
shopify_gb_5334385819809_34865736253601,5334385819809,34865736253601,PLPYRR+ICST64E2740,Rustic Red,21069663519,UK,active,15,,17.29,3,8.96,1.00,91.24,NULL
shopify_gb_7502163738874_42242485747962,7502163738874,42242485747962,ENC8612,Brushed copper / No,23110323532,UK,active,228,0.00,31.49,15,8.82,0.15,0.03,ZERO
shopify_gb_14909203972482_54977935933826,14909203972482,54977935933826,LHBGE27BMAPK,10 Pack,21069663519,UK,active,133,,10.69,18,8.65,1.63,79.45,NULL
shopify_gb_15037028532610_55435015618946,15037028532610,55435015618946,STFT23M50NBM,50 Cm / Pack 01,21069663519,UK,active,213,0.00,8.58,7,8.45,2.00,22.69,ZERO
shopify_gb_6756420288673_42898906022138,6756420288673,42898906022138,CRFF75YB,Yellow Brass,21069663519,UK,active,0,0.00,4.49,28,8.26,0.00,0.00,ZERO
shopify_gb_4592990716000_32136348532832,4592990716000,32136348532832,LSSS300GR+RPR44WH,Green,21069663519,UK,active,552,,11.99,24,7.99,0.00,0.00,NULL
shopify_gb_7585585332474_42621052584186,7585585332474,42621052584186,COT9ABM,T Connecter,21242723265,UK,active,993,,3.85,30,7.89,1.00,16.34,NULL
shopify_gb_14881058324866_54880066797954,14881058324866,54880066797954,ENC8046,White,21069663519,UK,active,0,0.00,12.19,17,7.67,0.87,85.30,ZERO
shopify_gb_4417286635616_31497603121248,4417286635616,31497603121248,LHSHE27CO,Default Title,21069663519,UK,active,492,,4.89,14,7.53,0.29,8.94,NULL
shopify_gb_4417271365728_56670391533954,4417271365728,56670391533954,CRSF100BM+PHSH1PBRYB+LSSS300BL,No,23110323532,UK,active,71,,19.89,19,7.42,1.00,79.30,NULL
shopify_gb_14892889276802_54921576481154,14892889276802,54921576481154,PHBR1BMRBM,No,23110323532,UK,active,267,0.00,10.89,18,7.42,0.00,0.00,ZERO
shopify_gb_7630664532218_44537579536634,7630664532218,44537579536634,CRFF140YB+WSNW170YB+LSRP260YB,No / Yellow Brass,23110323532,UK,active,74,,24.49,8,7.31,0.00,0.00,NULL
shopify_gb_6024708620449_37554949783713,6024708620449,37554949783713,PHSF2BRRCO,Default Title,22079334413,UK,active,164,,11.99,16,6.87,0.00,0.00,NULL
shopify_gb_14823229260162_53390663549314,14823229260162,53390663549314,PCDO20WH,White,21069663519,UK,active,124,,1.45,29,6.80,3.50,95.40,NULL
shopify_gb_8134249382138_44984496390394,8134249382138,44984496390394,STRF50ISR,Red & Silver,21069663519,UK,active,84,,7.85,7,6.61,0.00,0.00,NULL
shopify_gb_14823229260162_53390663778690,14823229260162,53390663778690,PCDO20BM,Black,23110323532,UK,active,424,,1.39,17,6.53,0.09,3.57,NULL
shopify_gb_5928354611361_37208304844961,5928354611361,37208304844961,PCRN6WC,Default Title,21069663519,UK,active,125,0.00,7.59,8,6.29,0.00,0.00,ZERO
shopify_gb_4493458571360_31780874289248,4493458571360,31780874289248,SWGS2GGD,Default Title,22079334413,UK,active,0,,6.26,37,5.65,2.00,123.48,NULL
shopify_gb_8062184456442_44717261029626,8062184456442,44717261029626,CRFF500CH+WCCY1ROCH3PK,Crystal Chrome / No,23110323532,UK,active,33,,44.89,18,5.55,2.00,96.93,NULL
shopify_gb_8013925777658_44535005217018,8013925777658,44535005217018,LHTPE27KWH,White,21069663519,UK,active,48,,6.19,15,4.90,0.50,3.66,NULL
shopify_gb_8649884762362_46784256999674,8649884762362,46784256999674,LHTOE27YB,Yellow Brass,22079334413,UK,active,357,0.00,6.39,8,4.88,1.00,11.54,ZERO
shopify_gb_15114465935746_55740741910914,15114465935746,55740741910914,ENC2971,Without Bulb / SPIDER 4,23110323532,UK,active,205,,87.19,6,4.62,0.00,0.00,NULL
shopify_gb_15068625535362_55571859865986,15068625535362,55571859865986,PSOS4YBRPB+WCDCBM+ICST64E27,Shade (3) With Bulb,21069663519,UK,active,16,,22.31,11,4.51,0.00,0.00,NULL
shopify_gb_4417296695392_31497623109728,4417296695392,31497623109728,CL3RBKAPK,Dark Brown,21069663519,UK,active,24,0.00,18.80,13,4.50,1.34,26.25,ZERO
shopify_gb_8649884762362_46784256966906,8649884762362,46784256966906,LHTOE27CO,Copper,21069663519,UK,active,196,0.00,6.39,12,4.46,0.50,15.20,ZERO
shopify_gb_14877967122818_54868304822658,14877967122818,54868304822658,PC16FTNLBM3PK,3 Pack,23110323532,UK,active,703,0.00,1.49,16,4.46,0.00,0.00,ZERO
shopify_gb_8166990774522_45152882721018,8166990774522,45152882721018,CRSF100YE+PHCH1PWRSYE+LSCP150YE,Yellow / No,23110323532,UK,active,106,0.00,15.20,10,3.82,0.00,0.00,ZERO
shopify_gb_14848208535938_54849051394434,14848208535938,54849051394434,WCPC220GR,Green,21069663519,UK,active,84,0.00,17.89,8,3.64,0.00,0.00,ZERO
shopify_gb_6054233637025_37659520237729,6054233637025,37659520237729,CRSF100BM+PHCH1PBRSBM+LSMS320BI,Black,21069663519,UK,active,165,0.00,15.89,6,3.45,1.00,31.78,ZERO
shopify_gb_14907263746434_55015788183938,14907263746434,55015788183938,PHSHF1PBRYB+LSTL260BG,Top Shade small / No,21069663519,UK,active,56,,16.01,3,3.07,0.00,0.00,NULL
shopify_gb_4417285914720_31497601712224,4417285914720,31497601712224,LHCHE27YB,Default Title,22079334413,UK,active,23,,5.99,2,2.90,0.00,0.00,NULL
shopify_gb_8173292093690_45181234643194,8173292093690,45181234643194,LSEL400BM+RPR44WH,Black / Pack 01,22079334413,UK,active,13,,14.29,5,2.90,0.00,0.00,NULL
shopify_gb_5238207807649_34408436990113,5238207807649,34408436990113,WJB2,2 Way,21069663519,UK,active,241,,3.15,9,2.80,0.00,0.00,NULL
shopify_gb_7630664532218_42832272523514,7630664532218,42832272523514,CRFF140CO+WSNW170CO+LSRP260CO,No / Copper,23110323532,UK,active,156,,24.49,7,2.69,0.00,0.00,NULL
shopify_gb_8104560591098_44852859207930,8104560591098,44852859207930,CRSF1206CH+PHBK1PCRCH6PK+ICST64E276PK,With Blub / Chrome,23110323532,UK,active,18,,48.49,1,2.63,0.00,0.00,NULL
shopify_gb_14983364116866_55196263580034,14983364116866,55196263580034,ENC8681,Grey / 30cm / Yes,23110323532,UK,active,8,0.00,23.99,9,2.59,0.41,15.66,ZERO
shopify_gb_8009493381370_55064109515138,8009493381370,55064109515138,BLFS1CDO3002PK+LDGU10WD52PK,White jade / 2 Pack,21069663519,UK,active,26,0.00,38.89,9,2.56,0.00,0.00,ZERO
shopify_gb_8104560591098_44852859371770,8104560591098,44852859371770,CRSF1206SN+PHBK1PCRSN6PK,Without Blub / Satin Nickel,23110323532,UK,active,99,,36.79,3,2.56,0.00,0.00,NULL
shopify_gb_8630295331066_46692074455290,8630295331066,46692074455290,CRSF100LSN3PK,Satin Nickel / Pack 3,21069663519,UK,active,33,,18.95,11,2.43,1.00,23.29,NULL
shopify_gb_4417259700320_31497532702816,4417259700320,31497532702816,5IP2010,Default Title,21069663519,UK,active,30,0.00,4.29,8,2.40,1.00,7.08,ZERO
shopify_gb_14907263746434_54970753450370,14907263746434,54970753450370,PHCH1FBRBM+LSHQ180BG,Mug / No,23110323532,UK,active,71,,16.91,2,2.38,0.00,0.00,NULL
shopify_gb_4417296695392_31497623404640,4417296695392,31497623404640,CL3RRSAPK,Rose Pink,21069663519,UK,active,45,0.00,12.99,8,2.31,0.00,0.00,ZERO
shopify_gb_7865820414202_43763599999226,7865820414202,43763599999226,LHC6E27WH,Single,21069663519,UK,active,88,,4.89,4,2.31,0.00,0.00,NULL
shopify_gb_4592990716000_44579628548346,4592990716000,44579628548346,LSSS300OR+RPR44WH,Orange,21069663519,UK,active,474,,10.03,3,2.30,0.00,0.00,NULL
shopify_gb_6756420288673_43756231491834,6756420288673,43756231491834,CRFF75GB,Green Brass,22079334413,UK,active,142,0.00,4.49,5,2.29,0.00,0.00,ZERO
shopify_gb_4592990716000_32136348794976,4592990716000,32136348794976,LSSS300BS+RPR44WH,Brushed Silver,22079334413,UK,active,60,,10.79,11,2.27,0.00,0.00,NULL
shopify_gb_14882318418306_54884383195522,14882318418306,54884383195522,PCSN220SN,Satin Nickel,23110323532,UK,active,51,0.00,4.89,7,2.22,0.50,6.24,ZERO
shopify_gb_7606831186170_42736978460922,7606831186170,42736978460922,CRSF100YE+PHCH1PWRSYE+LSDO300YE,Default Title,22079334413,UK,active,0,,17.89,2,2.11,0.00,0.00,NULL
shopify_gb_7865865437434_43763710165242,7865865437434,43763710165242,LHC5E27WH,Single,21069663519,UK,active,4373,,4.99,5,1.99,1.00,7.78,NULL
shopify_gb_7564838371578_42519626055930,7564838371578,42519626055930,CRSF2003BM+PHHN1PBRGD3PK+LSDO210GR3PK,Default Title,23110323532,UK,active,57,,36.99,6,1.98,1.00,25.65,NULL
shopify_gb_4490902569056_31773302358112,4490902569056,31773302358112,CRSF108CH+HKR10CH,Default Title,21069663519,UK,active,279,,5.99,6,1.96,0.01,0.04,NULL
shopify_gb_8062184456442_44717261160698,8062184456442,44717261160698,CRFF500FG+WCCY1ROGD3PK,French Gold / No,23110323532,UK,active,46,,44.89,6,1.93,0.00,0.00,NULL
shopify_gb_4417257013344_31497527165024,4417257013344,31497527165024,12IP20300,Default Title,22079334413,UK,active,7,,26.89,3,1.89,0.00,0.00,NULL
shopify_gb_7649552761082_42904837980410,7649552761082,42904837980410,ENC884,Yes,22079334413,UK,active,101,,19.89,5,1.87,0.01,0.26,NULL
shopify_gb_15072964149634_55593772253570,15072964149634,55593772253570,CRSF100BM+PHCH1BMRBM+LSSS300SN,Satin Nickel,23110323532,UK,active,99,0.00,26.99,2,1.85,0.00,0.00,ZERO
shopify_gb_7986311954682_44288353763578,7986311954682,44288353763578,SPSDP1WH,Default Title,22079334413,UK,active,568,,1.49,9,1.81,0.51,4.39,NULL
shopify_gb_14891155063170_54914192933250,14891155063170,54914192933250,CRSF100GY+PHHS1PWRGY,Grey / No,23110323532,UK,active,192,0.00,8.28,4,1.80,0.00,0.00,ZERO
shopify_gb_8162308653306_45129094627578,8162308653306,45129094627578,LSCO335BM+RPR44WH,Black / Pack 1,23110323532,UK,active,60,,11.49,15,1.78,0.00,0.00,NULL
shopify_gb_8014166556922_44537949454586,8014166556922,44537949454586,LHHTE27BM,Default Title,23110323532,UK,active,455,,5.19,4,1.71,0.00,0.00,NULL
shopify_gb_6054233637025_37659520073889,6054233637025,37659520073889,CRSF100RE+PHCH1PWRSRE+LSMS320RE,Red,21069663519,UK,active,132,0.00,15.89,3,1.69,0.00,0.00,ZERO
shopify_gb_6750878367905_39998042865825,6750878367905,39998042865825,CRSF108CH+HKR10CH,Chrome,21069663519,UK,active,279,,5.99,3,1.62,0.00,0.00,NULL
shopify_gb_6620250898593_39488398557345,6620250898593,39488398557345,CRSF2003BM+PHIH1PBRYB3PK+LSOL180BC3PK,Default Title,23110323532,UK,active,80,,35.98,3,1.62,0.00,0.00,NULL
shopify_gb_7992642699514_44322470035706,7992642699514,44322470035706,WCWDBM+RPR44WH,Black,21069663519,UK,active,104,,8.69,6,1.58,1.00,10.68,NULL
shopify_gb_5956003758241_37299309510817,5956003758241,37299309510817,CRSF100CH+PHUM1PCRCH+WCRWRE+LDCWE277,Default Title,23110323532,UK,active,10,,18.69,4,1.53,0.00,0.00,NULL
shopify_gb_5911743234209_37141205680289,5911743234209,37141205680289,CRSF100BM+PHSH1PBRYB+LSDO400RE,Default Title,23110323532,UK,active,129,,15.57,5,1.52,0.67,22.72,NULL
shopify_gb_14983364116866_55196263383426,14983364116866,55196263383426,ENC8675,Grey / 50cm / Yes,23110323532,UK,active,8,0.00,24.79,3,1.51,1.00,114.60,ZERO
shopify_gb_7910139461882_43955115163898,7910139461882,43955115163898,CBSF60,Default Title,21069663519,UK,active,721,0.00,4.49,3,1.51,0.00,0.00,ZERO
shopify_gb_8000785416442_44542984978682,8000785416442,44542984978682,WCCYSQGD,Gold / Without Bulb,22079334413,UK,active,173,0.00,19.19,4,1.50,0.00,0.00,ZERO
shopify_gb_14983364116866_55196263514498,14983364116866,55196263514498,ENC8678,Yellow / 30cm / No,23110323532,UK,active,69,0.00,20.89,1,1.49,0.00,0.00,ZERO
shopify_gb_7986253037818_54996685455746,7986253037818,54996685455746,LHRIE14BM6PK,Pack 6,21069663519,UK,active,204,,6.19,6,1.39,0.69,20.72,NULL
shopify_gb_6756420288673_44546599813370,6756420288673,44546599813370,CRFF75BY,Shinny Black,21242723265,UK,active,99,0.00,4.49,2,1.36,0.00,0.00,ZERO
shopify_gb_14909203972482_54977935868290,14909203972482,54977935868290,LHBGE27BM5PK,5 Pack,23110323532,UK,active,267,,7.30,3,1.35,1.00,9.99,NULL
shopify_gb_14983364116866_55196263088514,14983364116866,55196263088514,ENC8655,Grey / 80cm / No,23110323532,UK,active,8,0.00,22.89,2,1.34,0.00,0.00,ZERO
shopify_gb_7502163738874_42242486305018,7502163738874,42242486305018,ENC2227,Grey / No,23110323532,UK,active,312,0.00,35.99,2,1.30,1.65,56.45,ZERO
shopify_gb_4417256456288_31497526280288,4417256456288,31497526280288,12IP2080,Default Title,23110323532,UK,active,82,,7.99,7,1.28,0.00,0.00,NULL
shopify_gb_8630295331066_46692074193146,8630295331066,46692074193146,CRSF100LBM3PK,Black / Pack 3,23110323532,UK,active,76,,18.95,5,1.24,0.00,0.00,NULL
shopify_gb_15114465935746_55740741714306,15114465935746,55740741714306,ENC5054,Without Bulb / SPIDER 1,23110323532,UK,active,0,,86.19,2,1.22,0.00,0.00,NULL
shopify_gb_8630295331066_46692068622586,8630295331066,46692068622586,CRSF100LSN2PK,Satin Nickel / Pack 2,22079334413,UK,active,49,,9.59,5,1.21,0.00,0.00,NULL
shopify_gb_8162308653306_45129094463738,8162308653306,45129094463738,LSCO335YE+RPR44WH,Yellow / Pack 1,21069663519,UK,active,44,,11.49,7,1.18,0.00,0.00,NULL
shopify_gb_4592990716000_44579628810490,4592990716000,44579628810490,LSSS300PI+RPR44WH,Pink,21069663519,UK,active,74,,12.99,4,1.18,0.00,0.00,NULL
shopify_gb_8104560591098_44852859404538,8104560591098,44852859404538,CRSF1206WH+PHBK1PWRWH6PK,Without Blub / White,23110323532,UK,active,28,,36.79,5,1.16,1.50,85.15,NULL
shopify_gb_14960160276866_55116391383426,14960160276866,55116391383426,12UK3P5A+CODCCR,12V 5A Adapter + Connector,22079334413,UK,active,87,0.00,9.89,2,1.13,1.00,14.73,ZERO
shopify_gb_7600601727226_42706630246650,7600601727226,42706630246650,PCBI500TP,Pipe 50 cm,21242723265,UK,active,33,0.00,6.89,3,1.08,0.00,0.00,ZERO
shopify_gb_4417283850336_31497590407264,4417283850336,31497590407264,LHBGE27BM,Default Title,21242723265,UK,active,1339,,1.49,6,1.04,0.00,0.00,NULL
shopify_gb_14983364116866_55196263547266,14983364116866,55196263547266,ENC8680,Green / 30cm / Yes,23110323532,UK,active,84,0.00,23.99,2,1.03,0.00,0.00,ZERO
shopify_gb_15072964149634_55593785328002,15072964149634,55593785328002,CRSF100BM+PHCH1BMRBM+LSSS300BC,Brushed Copper,23110323532,UK,active,133,0.00,26.99,3,1.02,0.00,0.00,ZERO
shopify_gb_14883343040898_54887601242498,14883343040898,54887601242498,CRSF100BM+PHSH1PBRBS+LSSS300BS,Brushed Silver / 30CM,23110323532,UK,active,60,0.00,16.79,3,0.94,0.00,0.00,ZERO
shopify_gb_8000785416442_44542984847610,8000785416442,44542984847610,WCCYSQCH+LDMT45E274,Chrome / With Bulb,22079334413,UK,active,48,0.00,21.19,2,0.93,0.00,0.00,ZERO
shopify_gb_4542939234400_31949919748192,4542939234400,31949919748192,CRSF1202BM+HK10BM2PK,2 Outlet,23110323532,UK,active,0,,7.48,1,0.93,0.00,0.00,NULL
shopify_gb_14909203972482_54977935802754,14909203972482,54977935802754,LHBGE27BM,1 Pack,22079334413,UK,active,1339,,1.49,3,0.89,0.00,0.00,NULL
shopify_gb_7986253037818_54996685357442,7986253037818,54996685357442,LHRIE14BM,Pack 1,22079334413,UK,active,1229,,1.49,2,0.86,0.00,0.00,NULL
shopify_gb_4523828150368_31867455012960,4523828150368,31867455012960,CRSF100BM+WSTR135BM+LSFT220GR,Default Title,23110323532,UK,active,52,,15.19,3,0.84,0.00,0.00,NULL
shopify_gb_6052095787169_37652236501153,6052095787169,37652236501153,CRSF100BL+PHCH1PWRSBL+LSMS320BT,Default Title,21069663519,UK,active,92,,15.89,3,0.84,0.00,0.00,NULL
shopify_gb_8166990774522_45152882786554,8166990774522,45152882786554,CRSF100GR+PHCH1PWRSGR+LSCP150GR,Green / No,22079334413,UK,active,91,0.00,15.20,2,0.81,0.00,0.00,ZERO
shopify_gb_8013925777658_44535024320762,8013925777658,44535024320762,LHTPE27KFG,French Gold,21242723265,UK,active,37,,6.19,2,0.79,0.12,3.80,NULL
shopify_gb_5873931583649_36989713186977,5873931583649,36989713186977,CRSF100BM+PHCH1BMRBM+LSHH240BM,Default Title,22079334413,UK,active,20,,14.89,1,0.76,0.00,0.00,NULL
shopify_gb_7910139232506_43955114574074,7910139232506,43955114574074,CBSF205,Default Title,21242723265,UK,active,171,0.00,5.99,2,0.72,0.00,0.00,ZERO
shopify_gb_4417258651744_31497531129952,4417258651744,31497531129952,24IP20240,Default Title,22079334413,UK,active,15,,19.19,2,0.72,0.00,0.00,NULL
shopify_gb_6750861492385_39997822795937,6750861492385,39997822795937,CRSF100BM,Black,22079334413,UK,active,2916,0.00,4.45,2,0.71,0.00,0.00,ZERO
shopify_gb_8000785416442_44542984913146,8000785416442,44542984913146,WCCYSQCH,Chrome / Without Bulb,22079334413,UK,active,48,0.00,19.19,3,0.70,0.00,0.00,ZERO
shopify_gb_7865820414202_43763599868154,7865820414202,43763599868154,LHC6E27WHAPK,10 Pack,21242723265,UK,active,8,,44.99,2,0.68,0.00,0.00,NULL
shopify_gb_14882318418306_54884383326594,14882318418306,54884383326594,PCSN220CH,Chrome,22079334413,UK,active,128,0.00,4.89,2,0.68,0.00,0.00,ZERO
shopify_gb_6054233637025_37659520106657,6054233637025,37659520106657,CRSF100GR+PHCH1PWRSGR+LSMS320GR,Green,21069663519,UK,active,91,0.00,15.89,2,0.68,0.00,0.00,ZERO
shopify_gb_14951624147330_55099599683970,14951624147330,55099599683970,WLFS2202YBM,02,21069663519,UK,active,79,0.00,19.89,1,0.67,0.48,20.62,ZERO
shopify_gb_15114465935746_55740741845378,15114465935746,55740741845378,ENC2002,Without Bulb / SPIDER 8,23110323532,UK,active,60,,71.00,2,0.66,0.00,0.00,NULL
shopify_gb_6810064847009_55649641070978,6810064847009,55649641070978,PHSG1PBRYB+SCRN70BM+LSPG250AR+ICST64E27,Yes,23110323532,UK,active,66,,22.89,3,0.64,0.00,0.00,NULL
shopify_gb_15047001506178_55488526025090,15047001506178,55488526025090,CGSPBM5PK,Black,21242723265,UK,active,0,0.00,4.59,2,0.62,0.86,6.42,ZERO
shopify_gb_5240106352801_46496034586874,5240106352801,46496034586874,CO126ACL,6A / 1,21242723265,UK,active,1772,,0.36,1,0.57,0.00,0.00,NULL
shopify_gb_8013804732666_44533785264378,8013804732666,44533785264378,LHNSE27GB,Green Brass,21242723265,UK,active,843,,6.19,2,0.57,0.00,0.00,NULL
shopify_gb_8649884762362_46784256901370,8649884762362,46784256901370,LHTOE27RO,Rose Gold,21069663519,UK,active,41,0.00,5.85,2,0.51,0.00,0.00,ZERO
shopify_gb_8004471390458_44451293266170,8004471390458,44451293266170,PCRNSR,Socket,21242723265,UK,active,143,0.00,2.79,1,0.49,0.00,0.00,ZERO
shopify_gb_14983364116866_55196263285122,14983364116866,55196263285122,ENC8672,Grey / 50cm / No,23110323532,UK,active,8,0.00,21.99,1,0.45,0.00,0.00,ZERO
shopify_gb_8004329373946_44450234401018,8004329373946,44450234401018,PCGZFF,Flange,22079334413,UK,active,6,0.00,1.49,1,0.45,0.00,0.00,ZERO
shopify_gb_4417296695392_31497623142496,4417296695392,31497623142496,CL3RBRAPK,Brown,22079334413,UK,active,16,0.00,18.89,2,0.45,0.00,0.00,ZERO
shopify_gb_7642582417658_42878432018682,7642582417658,42878432018682,CRFF140GL+WSWH135BM+LSDO210NB,No,23590572906,UK,active,120,0.00,21.49,1,0.43,0.00,0.00,ZERO
shopify_gb_7691075289338_43052077089018,7691075289338,43052077089018,PHUH1HETBM+LSSS300GR,No / Green,23110323532,UK,active,410,,16.99,1,0.42,0.06,3.66,NULL
shopify_gb_4417274052704_31497556263008,4417274052704,31497556263008,CRSF100YE,Default Title,22079334413,UK,active,541,0.00,4.99,3,0.39,0.00,0.00,ZERO
shopify_gb_7502163738874_42242485616890,7502163738874,42242485616890,ENC2231,Yellow Brass / No,23110323532,UK,active,176,0.00,35.99,1,0.38,0.00,0.00,ZERO
shopify_gb_8173292093690_45181234970874,8173292093690,45181234970874,LSEL400GR+RPR44WH,Green / Pack 01,22079334413,UK,active,235,,14.29,1,0.38,0.00,0.00,NULL
shopify_gb_4538256097376_31931236286560,4538256097376,31931236286560,CBSF100,Default Title,21242723265,UK,active,2704,0.00,4.67,2,0.38,0.00,0.00,ZERO
shopify_gb_6773916827809_40092224487585,6773916827809,40092224487585,PHDC1PBRBX,No,23110323532,UK,active,112,,6.85,1,0.37,0.00,0.00,NULL
shopify_gb_6931062784161_40629275099297,6931062784161,40629275099297,CRFF140GL+LHNSE27YB+SCRN70BM+LSDO210BC,Brushed Copper / No,22079334413,UK,active,287,0.00,15.20,1,0.34,0.00,0.00,ZERO
shopify_gb_14883343040898_54887601013122,14883343040898,54887601013122,CRSF100BS+PHCH1PBRBS+LSHH240BS,Brushed Silver / 24CM,21069663519,UK,active,0,0.00,12.15,1,0.34,0.00,0.00,ZERO
shopify_gb_4417286537312_44528750985466,4417286537312,44528750985466,LHCNE27GB,Green Brass,22079334413,UK,active,78,,5.89,1,0.33,0.00,0.00,NULL
shopify_gb_14876294447490_54864089907586,14876294447490,54864089907586,COT85IP683YE,Yellow T Connector,21242723265,UK,active,310,0.00,3.49,1,0.31,0.00,0.00,ZERO
shopify_gb_14878271373698_54869118550402,14878271373698,54869118550402,PCBS16T10BM3PK,3 PACK,21069663519,UK,active,447,,0.67,1,0.31,0.00,0.00,NULL
shopify_gb_7702867378426_43102380949754,7702867378426,43102380949754,LSBS160BL,Default Title,22079334413,UK,active,15,,9.89,1,0.29,0.00,0.00,NULL
shopify_gb_14882318418306_54884383097218,14882318418306,54884383097218,PCSN220BM,Black,22079334413,UK,active,42,0.00,4.89,1,0.27,0.00,0.00,ZERO
shopify_gb_14880702562690_54900936704386,14880702562690,54900936704386,ENC2324,Yes / White,23110323532,UK,active,90,,21.85,1,0.26,0.00,0.00,NULL
shopify_gb_7502163738874_42242486042874,7502163738874,42242486042874,ENC2229,Green Brass / No,23110323532,UK,active,246,0.00,35.99,1,0.25,0.00,0.00,ZERO
shopify_gb_4417286537312_44528750854394,4417286537312,44528750854394,LHCNE27CO,Copper,21242723265,UK,active,106,,5.89,1,0.24,0.00,0.00,NULL
shopify_gb_6756420288673_42898906087674,6756420288673,42898906087674,CRFF75BA,MatBlack,23110323532,UK,active,228,0.00,4.49,1,0.23,0.00,0.00,ZERO
shopify_gb_5661709566113_36144112205985,5661709566113,36144112205985,WJB3,Default Title,21242723265,UK,active,542,,4.29,1,0.23,0.00,0.00,NULL
shopify_gb_4417262125152_31497535455328,4417262125152,31497535455328,PHSF1AGRGB+SCRN70BM,Default Title,22079334413,UK,active,190,,11.49,1,0.18,0.00,0.00,NULL
shopify_gb_5278378393761_34613221884065,5278378393761,34613221884065,CRSF100CO+LHNSE27CO+LSSS300CO,Default Title,23590572906,UK,active,366,,22.99,1,0.17,0.00,0.00,NULL
shopify_gb_8013925777658_44535007281402,8013925777658,44535007281402,LHTPE27KGB,Green Brass,21242723265,UK,active,48,,6.19,1,0.16,0.00,0.00,NULL
shopify_gb_7865865437434_43763710034170,7865865437434,43763710034170,LHC5E27WHAPK,10 Pack,23590572906,UK,active,437,,44.89,1,0.16,0.00,0.00,NULL
shopify_gb_7865865437434_43763710132474,7865865437434,43763710132474,LHC5E27WH3PK,3 Pack,21069663519,UK,active,1457,,13.89,1,0.15,0.00,0.00,NULL
shopify_gb_7986253037818_54996685422978,7986253037818,54996685422978,LHRIE14BM5PK,Pack 5,21242723265,UK,active,245,,5.39,1,0.15,0.00,0.00,NULL
shopify_gb_8115372130554_44903101006074,8115372130554,44903101006074,CRFF100BM+PHSH1PBRYB+LSDO210BL+ICST64E27,Blue / Yes,23110323532,UK,active,47,0.00,17.89,1,0.14,0.00,0.00,ZERO
shopify_gb_4542939234400_31949919715424,4542939234400,31949919715424,CRSF120BM+HK10BM,1 Outlet,21242723265,UK,active,0,,6.48,1,0.14,0.00,0.00,NULL
shopify_gb_8166990774522_45152882688250,8166990774522,45152882688250,ENC3729,Yellow / Yes,23110323532,UK,active,106,0.00,17.90,1,0.14,0.00,0.00,ZERO
shopify_gb_8013925777658_44535024386298,8013925777658,44535024386298,LHTPE27KCH,Chrome,21242723265,UK,active,40,,6.19,1,0.14,0.00,0.00,NULL
shopify_gb_14920702984578_54994980077954,14920702984578,54994980077954,LHRTE27WHAPK,Pack 10,21242723265,UK,active,291,0.00,10.69,1,0.12,0.00,0.00,ZERO
shopify_gb_15065242534274_55554037776770,15065242534274,55554037776770,CERU36200WH,White 200 x 3.6 mm,23110323532,UK,active,357,,0.79,1,0.11,0.00,0.00,NULL
shopify_gb_5661709303969_36144111911073,5661709303969,36144111911073,WJB2,Default Title,21242723265,UK,active,241,,3.15,1,0.11,0.00,0.00,NULL
shopify_gb_15370555851138_56782109475202,15370555851138,56782109475202,CRSFWR1CHWO,Natural Wood Centre Hole,21242723265,UK,active,100,,7.59,2,0.10,0.00,0.00,NULL
shopify_gb_5240106352801_34419249119393,5240106352801,34419249119393,CO125ACL,5A / 1,21242723265,UK,active,1515,,0.34,1,0.10,0.50,2.09,NULL
shopify_gb_4417292697696_31497613213792,4417292697696,31497613213792,NFCP7,Default Title,21242723265,UK,active,47,,1.39,1,0.07,0.00,0.00,NULL
shopify_gb_14872904171906_54855627047298,14872904171906,54855627047298,CBSF95,95mm / 1,21242723265,UK,active,3987,0.00,4.39,1,0.07,0.00,0.00,ZERO
shopify_gb_8162308653306_45129094529274,8162308653306,45129094529274,LSCO335OR+RPR44WH,Orange / Pack 1,22079334413,UK,active,44,,11.49,1,0.07,0.00,0.00,NULL
shopify_gb_14883184509314_54887079870850,14883184509314,54887079870850,LCCADF3PK,DC Female Plug,21069663519,UK,active,17,,4.69,1,0.07,0.00,0.00,NULL
shopify_gb_6026337484961_37561599492257,6026337484961,37561599492257,CRSF100BL+PHTT1PWRBL,Default Title,22079334413,UK,active,63,0.00,6.45,1,0.07,0.00,0.00,ZERO
shopify_gb_14909203972482_54977935901058,14909203972482,54977935901058,LHBGE27BM6PK,6 Pack,22079334413,UK,active,223,,6.19,0,0.05,0.00,0.00,NULL
shopify_gb_8555927666938_46384615719162,8555927666938,46384615719162,CBSFRO1152PK,Default Title,21242723265,UK,active,245,,12.89,2,0.04,0.00,0.00,NULL
shopify_gb_14907263746434_55015788151170,14907263746434,55015788151170,PHSHF1PBRYB+LSTL260BG+ICST64E27,Top Shade small / Yes,22079334413,UK,active,56,,18.71,0,0.03,0.00,0.00,NULL
shopify_gb_4531826688096_31896684757088,4531826688096,31896684757088,LHBRE14BM3PK,Default Title,21242723265,UK,active,486,,4.53,1,0.02,0.00,0.00,NULL
shopify_gb_8062184456442_44717261193466,8062184456442,44717261193466,CRFF500FG+WCCY1ROGD3PK+LDDTCE27123PK,French Gold / Yes,23110323532,UK,active,46,,51.89,0,0.01,0.00,0.00,NULL
shopify_gb_8053217886458_44694244458746,8053217886458,44694244458746,ENC5651,Yes,23110323532,UK,active,347,,31.69,0,0.01,0.00,0.00,NULL
shopify_gb_5928354644129_37208304877729,5928354644129,37208304877729,PCRNFF,Default Title,21242723265,UK,active,805,0.00,1.19,1,0.01,0.00,0.00,ZERO
shopify_gb_7692731384058_46425795821818,7692731384058,46425795821818,ENC3680,Yes / Green,23110323532,UK,active,15,0.00,40.49,0,0.01,0.00,0.00,ZERO
shopify_gb_6749406855329_39991304323233,6749406855329,39991304323233,CRFF5004BM+PHHT1PBRBM4PK+WCLDBM4PK,Default Title,23110323532,UK,active,110,,46.39,0,0.01,0.00,0.00,NULL
shopify_gb_4542939234400_31949920010336,4542939234400,31949920010336,CRSF1209BM+HK10BM9PK,9 Outlet,23110323532,UK,active,0,,15.98,0,0.01,0.00,0.00,NULL
shopify_gb_8630295331066_46692068491514,8630295331066,46692068491514,CRSF100LBM2PK,Black / Pack 2,22079334413,UK,active,114,,9.59,0,0.01,0.00,0.00,NULL
shopify_gb_8630295331066_46692068524282,8630295331066,46692068524282,CRSF100LCO2PK,Copper / Pack 2,22079334413,UK,active,41,,9.59,0,0.00,0.00,0.00,NULL
shopify_gb_4417256390752_31497526181984,4417256390752,31497526181984,12IP2060,Default Title,22079334413,UK,active,34,,8.89,0,0.00,0.00,0.00,NULL
shopify_gb_4417283981408_31497590472800,4417283981408,31497590472800,LHBPE27BM+CGMLBM,Default Title,21242723265,UK,active,2542,,4.49,0,0.00,0.00,0.00,NULL
shopify_gb_4417285226592_31497601024096,4417285226592,31497601024096,LHC4E27WH,Default Title,21242723265,UK,active,1037,0.00,3.89,0,0.00,0.00,0.00,ZERO
shopify_gb_4417289453664_31497607151712,4417289453664,31497607151712,RD205PK,Default Title,21242723265,UK,active,382,,4.29,0,0.00,0.00,0.00,NULL
shopify_gb_4417292107872_31497611346016,4417292107872,31497611346016,NFEC8,Default Title,21242723265,UK,active,471,,1.49,0,0.00,0.00,0.00,NULL
shopify_gb_4417292173408_31497611411552,4417292173408,31497611411552,NFEC15,Default Title,21242723265,UK,active,35,,1.49,0,0.00,0.00,0.00,NULL
shopify_gb_4417292501088_31497613049952,4417292501088,31497613049952,NFMR17,Default Title,22079334413,UK,active,1779,,1.99,0,0.00,0.00,0.00,NULL
shopify_gb_4417292763232_31497613279328,4417292763232,31497613279328,NFCP9,Default Title,21242723265,UK,active,595,,1.49,0,0.00,0.00,0.00,NULL
shopify_gb_4536795693152_31926702768224,4536795693152,31926702768224,WCB6BC+RPR44WH,Default Title,21242723265,UK,active,384,,8.69,0,0.00,0.00,0.00,NULL
shopify_gb_4538255540320_31931235729504,4538255540320,31931235729504,CBSF195,Default Title,21242723265,UK,active,920,0.00,5.99,0,0.00,0.00,0.00,ZERO
shopify_gb_4538255704160_31931235893344,4538255704160,31931235893344,CBSF165,Default Title,21242723265,UK,active,877,0.00,5.59,0,0.00,0.00,0.00,ZERO
shopify_gb_4538255966304_31931236188256,4538255966304,31931236188256,CBSF110,Default Title,21242723265,UK,active,458,0.00,4.49,0,0.00,0.00,0.00,ZERO
shopify_gb_4538256162912_31931236352096,4538256162912,31931236352096,CBSF90,Default Title,21242723265,UK,active,722,0.00,4.49,0,0.00,0.00,0.00,ZERO
shopify_gb_4542939234400_31949919780960,4542939234400,31949919780960,CRSF1203BM+HK10BM3PK,3 Outlet,21242723265,UK,active,0,,9.48,0,0.00,0.00,0.00,NULL
shopify_gb_4542939234400_31949919879264,4542939234400,31949919879264,CRSF1205BM+HK10BM5PK,5 Outlet,21069663519,UK,active,0,,11.98,0,0.00,0.00,0.00,NULL
shopify_gb_4542939234400_31949919977568,4542939234400,31949919977568,CRSF1208BM+HK10BM8PK,8 Outlet,21242723265,UK,active,0,,14.98,0,0.00,0.00,0.00,NULL
shopify_gb_4590874787936_32131136192608,4590874787936,32131136192608,PHUH1HETBM+LSCG185AR,Cone,23110323532,UK,active,182,,17.59,0,0.00,0.00,0.00,NULL
shopify_gb_4590874787936_32131136258144,4590874787936,32131136258144,PHUH1HETBM+LSGD280AR,Bowl,22079334413,UK,active,160,,28.89,0,0.00,0.00,0.00,NULL
shopify_gb_5238207807649_34408437022881,5238207807649,34408437022881,WJB3,3 Way,22079334413,UK,active,542,,4.29,0,0.00,0.00,0.00,NULL
shopify_gb_5240106352801_34419248988321,5240106352801,34419248988321,CO123ACL,3A / 1,21242723265,UK,active,0,,0.18,0,0.00,0.00,0.00,NULL
shopify_gb_5240106352801_34419249381537,5240106352801,34419249381537,CO1215ACL,15A / 1,21242723265,UK,active,2499,,0.49,0,0.00,0.00,0.00,NULL
shopify_gb_5240106352801_34419249447073,5240106352801,34419249447073,CO1215ACLAPK,15A / 10,21242723265,UK,active,249,,4.25,0,0.00,0.00,0.00,NULL
shopify_gb_5240106352801_34419249643681,5240106352801,34419249643681,CO1260ACL,60A / 1,21242723265,UK,active,180,,1.39,0,0.00,0.00,0.00,NULL
shopify_gb_5320834285729_34806928572577,5320834285729,34806928572577,CODL232AGY5PK,Two Way / 5,21242723265,UK,active,699,,1.21,0,0.00,0.00,0.00,NULL
shopify_gb_5320834285729_34806928670881,5320834285729,34806928670881,CODL332AGY,Three Way / 1,21242723265,UK,active,4001,,0.40,0,0.00,0.00,0.00,NULL
shopify_gb_5320834285729_34806928736417,5320834285729,34806928736417,CODL332AGYAPK,Three Way / 10,21242723265,UK,active,400,,3.28,0,0.00,0.00,0.00,NULL
shopify_gb_4587393581152_34843525185697,4587393581152,34843525185697,CRSF100GY5PK,Grey,21242723265,UK,active,78,,20.69,0,0.00,0.00,0.00,NULL
shopify_gb_5334385819809_34892020973729,5334385819809,34892020973729,PLPYBS+ICST64E27,Brushed Silver,21069663519,UK,active,68,,17.29,0,0.00,0.00,0.00,NULL
shopify_gb_5334385819809_34892031099041,5334385819809,34892031099041,PLPYBM+ICST64E27,Black,21069663519,UK,active,172,,17.29,0,0.00,0.00,0.00,NULL
shopify_gb_5509926977697_35586028699809,5509926977697,35586028699809,CRSF100BM+PHSH1PBRYB+SCRN70BM+LSFT220BI,Black / No,23110323532,UK,active,550,0.00,15.20,0,0.00,0.00,0.00,ZERO
shopify_gb_5509926977697_35586028798113,5509926977697,35586028798113,CRSF100BM+PHSH1PBRYB+SCRN70BM+LSFT220GR+ICST64E2760,Green / Yes,23110323532,UK,active,550,0.00,18.20,0,0.00,0.00,0.00,ZERO
shopify_gb_5509926977697_35586029027489,5509926977697,35586029027489,CRSF100BM+PHSH1PBRYB+SCRN70BM+LSFT220WH,White / No,23110323532,UK,active,550,0.00,15.20,0,0.00,0.00,0.00,ZERO
shopify_gb_5670350356641_36177679810721,5670350356641,36177679810721,PHUH1HETBM+LSFT220BC,Default Title,23110323532,UK,active,410,,18.49,0,0.00,0.00,0.00,NULL
shopify_gb_5784601854113_36693800911009,5784601854113,36693800911009,CRSF100BM+PHTT1PBRBM+WCRTBR,Default Title,23110323532,UK,active,187,,9.89,0,0.00,0.00,0.00,NULL
shopify_gb_6052095688865_37652236402849,6052095688865,37652236402849,CRSF100GR+PHCH1PWRSGR+LSMS320GR,Default Title,23110323532,UK,active,91,,15.89,0,0.00,0.00,0.00,NULL
shopify_gb_6685790797985_39726992654497,6685790797985,39726992654497,CRSF120FG+PHSF2GDTFG+LSFT220FG,Default Title,23110323532,UK,active,19,,16.05,0,0.00,0.00,0.00,NULL
shopify_gb_6685791551649_39727001632929,6685791551649,39727001632929,ENC1427,Default Title,22079334413,UK,active,31,,57.85,0,0.00,0.00,0.00,NULL
shopify_gb_6749410328737_39991328768161,6749410328737,39991328768161,CRSF120BC+PHCH1PBRBC+SCRN70BC+LSWD360BC,Default Title,23110323532,UK,active,14,,18.89,0,0.00,0.00,0.00,NULL
shopify_gb_6756420288673_40016245817505,6756420288673,40016245817505,CRFF75SN,Satin Nickel,21242723265,UK,active,483,0.00,4.49,0,0.00,0.00,0.00,ZERO
shopify_gb_6772383252641_40085353005217,6772383252641,40085353005217,WJB2,2 Way / 1,21242723265,UK,active,241,,3.15,0,0.00,0.00,0.00,NULL
shopify_gb_6852406640801_40347129151649,6852406640801,40347129151649,CRSF100RO+PHCHPBRRO+WCWDRO+LDMST64E274,with bulb,23110323532,UK,active,109,,19.89,0,0.00,0.00,0.00,NULL
shopify_gb_6863281488033_40379135918241,6863281488033,40379135918241,CRSF100BM+PHTT1PBRBM+WCRTBR+ICST64E27,Rattan cage 2,23110323532,UK,active,187,,12.89,0,0.00,0.00,0.00,NULL
shopify_gb_6869514977441_40398237139105,6869514977441,40398237139105,LSMS320BT+RPR44WH,Semi Curvy - Light Blue,21069663519,UK,active,269,0.00,12.59,0,0.00,0.00,0.00,ZERO
shopify_gb_7015409189025_40943166423201,7015409189025,40943166423201,ENC1920,With Bulb,23110323532,UK,active,41,,43.69,0,0.00,0.00,0.00,NULL
shopify_gb_4613822152800_41949513580794,4613822152800,41949513580794,LHSHE27CO,Copper,21242723265,UK,active,492,,4.89,0,0.00,0.00,0.00,NULL
shopify_gb_7466279960826_42104267374842,7466279960826,42104267374842,LHWME27BM,Default Title,21242723265,UK,active,365,,3.49,0,0.00,0.00,0.00,NULL
shopify_gb_7502163738874_42242485715194,7502163738874,42242485715194,ENC2235,Rose Gold / No,23110323532,UK,active,194,0.00,35.99,0,0.00,0.00,0.00,ZERO
shopify_gb_7502163738874_42242485813498,7502163738874,42242485813498,ENC2217,Black / No,23110323532,UK,active,782,0.00,35.99,0,0.00,0.00,0.00,ZERO
shopify_gb_7502163738874_42242485879034,7502163738874,42242485879034,CRSF1202BM+PHSH2PBRYB2PK+SCRN70BM2PK+SPUPBM2PK+LSFT220YB2PK+ICST64E272PK,Yellow Brass / yes,23110323532,UK,active,176,0.00,36.49,0,0.00,0.00,0.00,ZERO
shopify_gb_7502163738874_42242485944570,7502163738874,42242485944570,ENC2237,Stain Nickel / No,23110323532,UK,active,83,0.00,35.99,0,0.00,0.00,0.00,ZERO
shopify_gb_7502163738874_42242486010106,7502163738874,42242486010106,ENC2233,French Gold / No,23110323532,UK,active,169,0.00,35.99,0,0.00,0.00,0.00,ZERO
shopify_gb_7502163738874_42242486075642,7502163738874,42242486075642,ENC2219,Red / No,23110323532,UK,active,239,0.00,35.99,0,0.00,0.00,0.00,ZERO
shopify_gb_7502163738874_42242486173946,7502163738874,42242486173946,ENC2224,Blue / yes,23110323532,UK,active,300,0.00,29.99,0,0.00,0.00,0.00,ZERO
shopify_gb_7502163738874_42242486239482,7502163738874,42242486239482,ENC2221,Orange / No,23110323532,UK,active,180,0.00,31.49,0,0.00,0.00,0.00,ZERO
shopify_gb_7570088296698_42545081352442,7570088296698,42545081352442,PCBI500TP,Default Title,21242723265,UK,active,33,0.00,6.89,0,0.00,0.00,0.00,ZERO
shopify_gb_7600601727226_42706630181114,7600601727226,42706630181114,PCBI300TP,Pipe 30 cm,21242723265,UK,active,50,0.00,4.89,0,0.00,0.00,0.00,ZERO
shopify_gb_7600601727226_42706630213882,7600601727226,42706630213882,PCBI400TP,Pipe 40 cm,21242723265,UK,active,44,0.00,5.89,0,0.00,0.00,0.00,ZERO
shopify_gb_7600712679674_42707533562106,7600712679674,42707533562106,PCGZTC,Equal T,21242723265,UK,active,229,0.00,1.89,0,0.00,0.00,0.00,ZERO
shopify_gb_7608022499578_42743491952890,7608022499578,42743491952890,PCRN50TP,5 cm,21242723265,UK,active,33,0.00,0.65,0,0.00,0.00,0.00,ZERO
shopify_gb_7615777014010_42778681475322,7615777014010,42778681475322,LHRTE27BM,Default Title,21242723265,UK,active,3691,,1.49,0,0.00,0.00,0.00,NULL
shopify_gb_7615777112314_42778681770234,7615777112314,42778681770234,LHPVE27BM,Default Title,21242723265,UK,active,264,0.00,4.99,0,0.00,0.00,0.00,ZERO
shopify_gb_6756420288673_42898905989370,6756420288673,42898905989370,CRFF75WH,White,21242723265,UK,active,381,0.00,4.49,0,0.00,0.00,0.00,ZERO
shopify_gb_6756420288673_42898906054906,6756420288673,42898906054906,CRFF75CH,Chrome,21242723265,UK,active,103,0.00,4.49,0,0.00,0.00,0.00,ZERO
shopify_gb_7691075289338_43052077056250,7691075289338,43052077056250,PHUH1HETBM+LSSS300GR+ICST64E27,Yes / Green,23110323532,UK,active,410,,19.49,0,0.00,0.00,0.00,NULL
shopify_gb_7691075289338_43052077187322,7691075289338,43052077187322,PHUH1HETBM+LSSS300YE+ICST64E27,Yes / Yellow,23110323532,UK,active,136,,19.49,0,0.00,0.00,0.00,NULL
shopify_gb_7691075289338_43052077547770,7691075289338,43052077547770,PHUH1HETBM+LSSS300RR,No / Rustic Red,22079334413,UK,active,160,,16.99,0,0.00,0.00,0.00,NULL
shopify_gb_7862947610874_43752389148922,7862947610874,43752389148922,CGMLAG,Army Green / 1 Pc,21242723265,UK,active,958,,1.49,0,0.00,0.00,0.00,NULL
shopify_gb_7865820414202_43763599900922,7865820414202,43763599900922,LHC6E27WH6PK,6 Pack,21242723265,UK,active,14,,24.19,0,0.00,0.00,0.00,NULL
shopify_gb_7865820414202_43763599933690,7865820414202,43763599933690,LHC6E27WH5PK,5 Pack,21242723265,UK,active,17,,21.29,0,0.00,0.00,0.00,NULL
shopify_gb_7865820414202_43763599966458,7865820414202,43763599966458,LHC6E27WH3PK,3 Pack,21242723265,UK,active,29,,8.39,0,0.00,0.00,0.00,NULL
shopify_gb_7865865437434_43763710066938,7865865437434,43763710066938,LHC5E27WH6PK,6 Pack,21242723265,UK,active,728,,26.59,0,0.00,0.00,0.00,NULL
shopify_gb_7865865437434_43763710099706,7865865437434,43763710099706,LHC5E27WH5PK,5 Pack,21242723265,UK,active,874,,22.89,0,0.00,0.00,0.00,NULL
shopify_gb_7982900707578_44271545090298,7982900707578,44271545090298,CRSF100BC2PK+PHHT1PBRBC2PK,No,23110323532,UK,active,86,,14.80,0,0.00,0.00,0.00,NULL
shopify_gb_8004308926714_44450160804090,8004308926714,44450160804090,PCGZHN,Equal Nippl,21242723265,UK,active,47,0.00,0.99,0,0.00,0.00,0.00,ZERO
shopify_gb_8004344152314_44450301542650,8004344152314,44450301542650,PCGZ90EL,Default Title,21242723265,UK,active,17,,2.19,0,0.00,0.00,0.00,NULL
shopify_gb_4417286537312_44528750887162,4417286537312,44528750887162,LHCNE27SN,Satin Nickel,21242723265,UK,active,79,,5.89,0,0.00,0.00,0.00,NULL
shopify_gb_4417286537312_44528750919930,4417286537312,44528750919930,LHCNE27BY,Shiny Black,21242723265,UK,active,9,,5.89,0,0.00,0.00,0.00,NULL
shopify_gb_8013202063610_44530420842746,8013202063610,44530420842746,LSMCSPSQMC+RPM40WH,Default Title,21242723265,UK,active,62,,16.10,0,0.00,0.00,0.00,NULL
shopify_gb_8013804732666_44533785395450,8013804732666,44533785395450,LHNSE27FG,French Gold,21242723265,UK,active,89,,6.19,0,0.00,0.00,0.00,NULL
shopify_gb_8013925777658_44535024353530,8013925777658,44535024353530,LHTPE27KSN,Satin Nickel,21242723265,UK,active,50,,6.19,0,0.00,0.00,0.00,NULL
shopify_gb_8000785416442_44542984945914,8000785416442,44542984945914,WCCYSQGD+LDMT45E274,Gold / With Bulb,23590572906,UK,active,173,0.00,21.19,0,0.00,0.00,0.00,ZERO
shopify_gb_4417272414304_44627450855674,4417272414304,44627450855674,CRSF100CO+PHSQ1BRRCO,Copper,23110323532,UK,active,652,,9.89,0,0.00,0.00,0.00,NULL
shopify_gb_8053217886458_44694233121018,8053217886458,44694233121018,ENC5650,No,23110323532,UK,active,347,,29.69,0,0.00,0.00,0.00,NULL
shopify_gb_8062184456442_44717261062394,8062184456442,44717261062394,CRFF500CH+WCCY1ROCH3PK+LDDTCE27123PK,Crystal Chrome / Yes,23110323532,UK,active,33,,51.89,0,0.00,0.00,0.00,NULL
shopify_gb_8062184456442_44717261095162,8062184456442,44717261095162,CRFF500BM+WCCY1ROGD3PK,Black Gold / No,23110323532,UK,active,46,,44.89,0,0.00,0.00,0.00,NULL
shopify_gb_8075991318778_44755326140666,8075991318778,44755326140666,ENC5712,Yes,22079334413,UK,active,5,,87.69,0,0.00,0.00,0.00,NULL
shopify_gb_8104560591098_44852859142394,8104560591098,44852859142394,CRSF1206WH+PHBK1PWRWH6PK+ICST64E276PK,With Blub / White,23110323532,UK,active,28,,48.49,0,0.00,0.00,0.00,NULL
shopify_gb_8104560591098_44852859175162,8104560591098,44852859175162,CRSF1206BM+PHBK1PBRBA6PK+ICST64E276PK,With Blub / Black,23590572906,UK,active,16,,48.49,0,0.00,0.00,0.00,NULL
shopify_gb_8104560591098_44852859240698,8104560591098,44852859240698,CRSF1206RO+PHBK1PBRRO6PK+ICST64E276PK,With Blub / Rose Gold,23110323532,UK,active,26,,53.19,0,0.00,0.00,0.00,NULL
shopify_gb_8104560591098_44852859339002,8104560591098,44852859339002,CRSF1206FG+PHBK1PBRFG6PK+ICST64E276PK,With Blub / French Gold,23110323532,UK,active,28,,48.49,0,0.00,0.00,0.00,NULL
shopify_gb_8104560591098_44852859470074,8104560591098,44852859470074,CRSF1206CH+PHBK1PCRCH6PK,Without Blub / Chrome,23110323532,UK,active,18,,36.79,0,0.00,0.00,0.00,NULL
shopify_gb_8115372130554_44903100842234,8115372130554,44903100842234,CRFF100BM+PHSH1PBRYB+LSDO210YE,Yellow / No,23110323532,UK,active,292,0.00,14.89,0,0.00,0.00,0.00,ZERO
shopify_gb_8115372130554_44903100940538,8115372130554,44903100940538,CRFF100BM+PHSH1PBRYB+LSDO210OR+ICST64E27,Orange / Yes,23110323532,UK,active,169,0.00,17.89,0,0.00,0.00,0.00,ZERO
shopify_gb_8145329357050_45040516628730,8145329357050,45040516628730,STBFT50M48EWH,Pack 01,21069663519,UK,active,12728,,1.99,0,0.00,0.00,0.00,NULL
shopify_gb_8162308653306_45129094594810,8162308653306,45129094594810,LSCO335DG+RPR44WH,Green / Pack 1,22079334413,UK,active,44,,11.49,0,0.00,0.00,0.00,NULL
shopify_gb_8162308653306_45132342329594,8162308653306,45132342329594,LSCO335WH2PK+RPR44WH2PK,White / Pack 2,23590572906,UK,active,0,,21.29,0,0.00,0.00,0.00,NULL
shopify_gb_8162308653306_45132342395130,8162308653306,45132342395130,LSCO335GY2PK+RPR44WH2PK,Grey / Pack 2,23590572906,UK,active,19,,21.29,0,0.00,0.00,0.00,NULL
shopify_gb_8162308653306_45132342460666,8162308653306,45132342460666,LSCO335BM2PK+RPR44WH2PK,Black / Pack 2,23590572906,UK,active,30,,21.29,0,0.00,0.00,0.00,NULL
shopify_gb_8166990774522_45152882622714,8166990774522,45152882622714,ENC3730,Orange / Yes,23110323532,UK,active,42,0.00,17.90,0,0.00,0.00,0.00,ZERO
shopify_gb_8166990774522_45152882655482,8166990774522,45152882655482,CRSF100OR+PHCH1PWRSOR+LSCP150OR,Orange / No,23110323532,UK,active,42,0.00,15.20,0,0.00,0.00,0.00,ZERO
shopify_gb_8166990774522_45152882983162,8166990774522,45152882983162,CRSF100WH+PHCH1PWRSWH+LSCP150WH,White / No,23110323532,UK,active,60,0.00,12.89,0,0.00,0.00,0.00,ZERO
shopify_gb_8450902851834_46040107614458,8450902851834,46040107614458,WCB6BS+RPR44WH,Argent Brossé / Type - 3,21242723265,UK,active,197,,8.69,0,0.00,0.00,0.00,NULL
shopify_gb_8450902851834_46040107778298,8450902851834,46040107778298,WCB6BC+RPR44WH,Cuivre Brossé / Type - 3,21242723265,UK,active,384,,8.69,0,0.00,0.00,0.00,NULL
shopify_gb_8450902851834_46040108040442,8450902851834,46040108040442,WCB6BM+RPR44WH,Noir / Type - 3,21242723265,UK,active,372,,8.69,0,0.00,0.00,0.00,NULL
shopify_gb_7692731384058_46425796051194,7692731384058,46425796051194,ENC3681,Yes / Grey,23110323532,UK,active,23,0.00,40.49,0,0.00,0.00,0.00,ZERO
shopify_gb_5240106352801_46496034652410,5240106352801,46496034652410,CO126ACLAPK,6A / 10,21242723265,UK,active,177,,3.35,0,0.00,0.00,0.00,NULL
shopify_gb_4417255899232_31497525198944,4417255899232,31497525198944,24IP6720,Default Title,22079334413,UK,active,99,,9.49,0,0.00,0.00,0.00,NULL
shopify_gb_8630674882810_46694554468602,8630674882810,46694554468602,CRSF220SN,Satin Nickel,21242723265,UK,active,103,,14.29,0,0.00,0.00,0.00,NULL
shopify_gb_8630674882810_46694554501370,8630674882810,46694554501370,CRSF220WH,White,21242723265,UK,active,100,,14.29,0,0.00,0.00,0.00,NULL
shopify_gb_8630674882810_46694554534138,8630674882810,46694554534138,CRSF220YB,Yellow Brass,21242723265,UK,active,94,,14.29,0,0.00,0.00,0.00,NULL
shopify_gb_14846726799746_54807127228802,14846726799746,54807127228802,CRSFR80BM,Black,21242723265,UK,active,33,0.00,7.89,0,0.00,0.00,0.00,ZERO
shopify_gb_14846726799746_54807127261570,14846726799746,54807127261570,CRSFR80SN,Satin Nickel,21242723265,UK,active,97,0.00,7.89,0,0.00,0.00,0.00,ZERO
shopify_gb_14846726799746_54807127359874,14846726799746,54807127359874,CRSFR80CH,Chrome,21242723265,UK,active,116,0.00,7.89,0,0.00,0.00,0.00,ZERO
shopify_gb_14877120692610_54866640830850,14877120692610,54866640830850,COPG135WH,PG 13.5,21242723265,UK,active,2198,0.00,1.15,0,0.00,0.00,0.00,ZERO
shopify_gb_14877120692610_54866640863618,14877120692610,54866640863618,COPG19WH,PG 19,21242723265,UK,active,1455,0.00,1.25,0,0.00,0.00,0.00,ZERO
shopify_gb_8009969238266_54873839272322,8009969238266,54873839272322,PCRN65TP,6.5cm,21242723265,UK,active,42,0.00,1.59,0,0.00,0.00,0.00,ZERO
shopify_gb_5661711302817_54881105543554,5661711302817,54881105543554,CO332AGY,3 way / 1,21242723265,UK,active,7111,,0.46,0,0.00,0.00,0.00,NULL
shopify_gb_14880702562690_54900949680514,14880702562690,54900949680514,ENC2414,Yes / Orange,23110323532,UK,active,90,,21.85,0,0.00,0.00,0.00,NULL
shopify_gb_14880702562690_54900949746050,14880702562690,54900949746050,PHCT1WHRWH+PHDO1PWRWH+LSCY290OR,No / Orange,23110323532,UK,active,90,,19.66,0,0.00,0.00,0.00,NULL
shopify_gb_14880702562690_54900954628482,14880702562690,54900954628482,ENC2412,Yes / Grey,23110323532,UK,active,90,,21.85,0,0.00,0.00,0.00,NULL
shopify_gb_7987056181498_54963379077506,7987056181498,54963379077506,CNS500BC,Brushed Copper / 1,21242723265,UK,active,12,0.00,2.49,0,0.00,0.00,0.00,ZERO
shopify_gb_7987056181498_54963379110274,7987056181498,54963379110274,CNS500BC3PK,Brushed Copper / 3,21242723265,UK,active,4,0.00,5.99,0,0.00,0.00,0.00,ZERO
shopify_gb_7987073057018_54965393654146,7987073057018,54965393654146,CNT900RO,1,21242723265,UK,active,589,,3.75,0,0.00,0.00,0.00,NULL
shopify_gb_7987073057018_54965393719682,7987073057018,54965393719682,CNT900RO3PK,3,21242723265,UK,active,196,,6.59,0,0.00,0.00,0.00,NULL
shopify_gb_7987073057018_54965393785218,7987073057018,54965393785218,CNT900ROAPK,10,21242723265,UK,active,58,,26.90,0,0.00,0.00,0.00,NULL
shopify_gb_7467514429690_54968791007618,7467514429690,54968791007618,CNT900YB,1,21242723265,UK,active,292,0.00,3.75,0,0.00,0.00,0.00,ZERO
shopify_gb_14919907639682_54992767779202,14919907639682,54992767779202,LHPVE27BMAPK,10 Pack,21242723265,UK,active,26,0.00,10.69,0,0.00,0.00,0.00,ZERO
shopify_gb_7615777308922_54994809979266,7615777308922,54994809979266,LHRBE27BM,Pack 01,21242723265,UK,active,4137,,1.49,0,0.00,0.00,0.00,NULL
shopify_gb_14920702984578_54994979946882,14920702984578,54994979946882,LHRTE27WH,Pack 1,21242723265,UK,active,2916,0.00,4.49,0,0.00,0.00,0.00,ZERO
shopify_gb_14921103278466_54996473020802,14921103278466,54996473020802,LHRTE27BM,1 Pack,21242723265,UK,active,3691,,1.49,0,0.00,0.00,0.00,NULL
shopify_gb_14921103278466_54996473086338,14921103278466,54996473086338,LHRTE27BM5PK,5 Pack,21242723265,UK,active,738,,5.39,0,0.00,0.00,0.00,NULL
shopify_gb_14921103278466_54996473119106,14921103278466,54996473119106,LHRTE27BM6PK,6 Pack,21242723265,UK,active,615,,6.19,0,0.00,0.00,0.00,NULL
shopify_gb_14921103278466_54996473151874,14921103278466,54996473151874,LHRTE27BMAPK,10 Pack,21242723265,UK,active,369,,10.69,0,0.00,0.00,0.00,NULL
shopify_gb_7986253037818_54996685390210,7986253037818,54996685390210,LHRIE14BM3PK,Pack 3,21242723265,UK,active,409,,12.49,0,0.00,0.00,0.00,NULL
shopify_gb_7986253037818_54996685488514,7986253037818,54996685488514,LHRIE14BMAPK,Pack 10,21242723265,UK,active,122,,10.69,0,0.00,0.00,0.00,NULL
shopify_gb_7862139027706_54996699677058,7862139027706,54996699677058,LHRIE14WHAPK,10 Pcs,21242723265,UK,active,252,,10.69,0,0.00,0.00,0.00,NULL
shopify_gb_14907263746434_55015788216706,14907263746434,55015788216706,PHSHF1PBRYB+LSHH240BG+ICST64E27,Hemisphere shape / Yes,23110323532,UK,active,0,,20.60,0,0.00,0.00,0.00,NULL
shopify_gb_14907263746434_55015788249474,14907263746434,55015788249474,PHSHF1PBRYB+LSHH240BG,Hemisphere shape / No,23110323532,UK,active,0,,17.90,0,0.00,0.00,0.00,NULL
shopify_gb_14924979175810_55015925121410,14924979175810,55015925121410,CRSF100WH+PHRY2PCRBM,Black / No,23110323532,UK,active,101,0.00,11.69,0,0.00,0.00,0.00,ZERO
shopify_gb_14924979175810_55015925154178,14924979175810,55015925154178,CRSF100WH+PHRY2PCRPI,Pink / No,23110323532,UK,active,35,0.00,11.69,0,0.00,0.00,0.00,ZERO
shopify_gb_4460364791904_55018220355970,4460364791904,55018220355970,LHTEE27YB,Yellow Brass,21242723265,UK,active,140,0.00,5.70,0,0.00,0.00,0.00,ZERO
shopify_gb_14925604225410_55018459824514,14925604225410,55018459824514,PCGZ3WC,1,21242723265,UK,active,81,0.00,2.99,0,0.00,0.00,0.00,ZERO
shopify_gb_14933997158786_55051711512962,14933997158786,55051711512962,CRSF100CH+WSLS155CH,No,23590572906,UK,active,217,,6.89,0,0.00,0.00,0.00,NULL
shopify_gb_8009493381370_55064109482370,8009493381370,55064109482370,BLFS1BOB300+LDGU10WD5,Obsidian / 1 Pack,21069663519,UK,active,28,0.00,19.25,0,0.00,0.00,0.00,ZERO
shopify_gb_14965172797826_55135036080514,14965172797826,55135036080514,CGCYGB5PK,Green Brass,21242723265,UK,active,81,0.00,8.09,0,0.00,0.00,0.00,ZERO
shopify_gb_14965693940098_55136534135170,14965693940098,55136534135170,CGSRBM5PK,Black,21242723265,UK,active,296,0.00,4.89,0,0.00,0.00,0.00,ZERO
shopify_gb_14965779759490_55136829899138,14965779759490,55136829899138,CGOVBM5PK,Black,21242723265,UK,active,351,0.00,2.79,0,0.00,0.00,0.00,ZERO
shopify_gb_14970788643202_55151854223746,14970788643202,55151854223746,SPSSDBMAPK,pack 10,21242723265,UK,active,7,0.00,5.89,0,0.00,0.00,0.00,ZERO
shopify_gb_14970788643202_55151854256514,14970788643202,55151854256514,SPSSDBMCPK,Pack 20,21242723265,UK,active,0,0.00,7.09,0,0.00,0.00,0.00,ZERO
shopify_gb_14983364116866_55196263055746,14983364116866,55196263055746,ENC8618,Green / 80cm / No,23110323532,UK,active,84,0.00,22.89,0,0.00,0.00,0.00,ZERO
shopify_gb_14983364116866_55196263154050,14983364116866,55196263154050,ENC8658,Green / 80cm / Yes,23110323532,UK,active,84,0.00,25.79,0,0.00,0.00,0.00,ZERO
shopify_gb_14983364116866_55196263186818,14983364116866,55196263186818,ENC8659,Grey / 80cm / Yes,23110323532,UK,active,8,0.00,25.79,0,0.00,0.00,0.00,ZERO
shopify_gb_14983364116866_55196263317890,14983364116866,55196263317890,ENC8673,Yellow / 50cm / No,23110323532,UK,active,69,0.00,21.99,0,0.00,0.00,0.00,ZERO
shopify_gb_14983364116866_55196263448962,14983364116866,55196263448962,ENC8621,Green / 30cm / No,22079334413,UK,active,84,0.00,20.89,0,0.00,0.00,0.00,ZERO
shopify_gb_14983364116866_55196263481730,14983364116866,55196263481730,ENC8677,Grey / 30cm / No,22079334413,UK,active,8,0.00,20.89,0,0.00,0.00,0.00,ZERO
shopify_gb_14983364116866_55196263612802,14983364116866,55196263612802,ENC8682,Yellow / 30cm / Yes,23110323532,UK,active,69,0.00,23.99,0,0.00,0.00,0.00,ZERO
shopify_gb_14987781669250_55210368663938,14987781669250,55210368663938,CRSF120YB+HK10YB,1 Outlet,21242723265,UK,active,774,0.00,6.48,0,0.00,0.00,0.00,ZERO
shopify_gb_14987781669250_55210368729474,14987781669250,55210368729474,CRSF1205YB+HK10YB5PK,5 Outlet,21242723265,UK,active,97,0.00,11.98,0,0.00,0.00,0.00,ZERO
shopify_gb_7987056181498_55222752575874,7987056181498,55222752575874,CNS500BS,Brushed Silver / 1,21242723265,UK,active,23,0.00,2.49,0,0.00,0.00,0.00,ZERO
shopify_gb_7987056181498_55222752608642,7987056181498,55222752608642,CNS500RR,Rustic Red / 1,21242723265,UK,active,16,0.00,2.49,0,0.00,0.00,0.00,ZERO
shopify_gb_7987056181498_55222756999554,7987056181498,55222756999554,CNS500BS3PK,Brushed Silver / 3,21242723265,UK,active,7,0.00,5.99,0,0.00,0.00,0.00,ZERO
shopify_gb_14987781669250_55240978497922,14987781669250,55240978497922,CRSF1204YB+HK10YB4PK,4 Outlet,21242723265,UK,active,34,0.00,10.98,0,0.00,0.00,0.00,ZERO
shopify_gb_15047001506178_55488526090626,15047001506178,55488526090626,CGSPCL5PK,Clear,21242723265,UK,active,39,0.00,4.59,0,0.00,0.00,0.00,ZERO
shopify_gb_15072964149634_55593772286338,15072964149634,55593772286338,CRSF100BM+PHCH1BMRBM+LSSS300RR,Rustic Red,23110323532,UK,active,160,0.00,26.99,0,0.00,0.00,0.00,ZERO
shopify_gb_15072964149634_55593772319106,15072964149634,55593772319106,CRSF100BM+PHCH1BMRBM+LSSS300BS,Brushed Silver,23590572906,UK,active,60,0.00,26.99,0,0.00,0.00,0.00,ZERO
shopify_gb_6810064847009_55649641103746,6810064847009,55649641103746,PHSG1PBRYB+SCRN70BM+LSPG250AR,No,23110323532,UK,active,66,,22.89,0,0.00,0.00,0.00,NULL
shopify_gb_15154364776834_55847766196610,15154364776834,55847766196610,COT9ABMAPK,10 Pack,21242723265,UK,active,99,,32.90,0,0.00,0.00,0.00,NULL
shopify_gb_15154364776834_55847766229378,15154364776834,55847766229378,COT9ABM2PK,2 Pack,21242723265,UK,active,496,,6.58,0,0.00,0.00,0.00,NULL
shopify_gb_4417291845728_55861946253698,4417291845728,55861946253698,NFNC173PK,03 Pack,21242723265,UK,active,21,,17.91,0,0.00,0.00,0.00,NULL
shopify_gb_15274568614274_56391598899586,15274568614274,56391598899586,LHXCCE27BM,Black / 1 Pack,21242723265,UK,active,925,,4.49,0,0.00,0.00,0.00,NULL
shopify_gb_15274568614274_56391604306306,15274568614274,56391604306306,LHXCCE27RR,Red / 1 Pack,21242723265,UK,active,954,,4.49,0,0.00,0.00,0.00,NULL
shopify_gb_15274568614274_56391604339074,15274568614274,56391604339074,LHXCCE27WH,White / 1 Pack,21242723265,UK,active,811,,4.49,0,0.00,0.00,0.00,NULL
shopify_gb_15274568614274_56414048158082,15274568614274,56414048158082,LHXCCE27WH2PK,White / 2 Pack,21242723265,UK,active,405,,7.82,0,0.00,0.00,0.00,NULL
shopify_gb_15348209549698_56698076332418,15348209549698,56698076332418,CRSFM110080CH,Chrome,21242723265,UK,active,205,,6.29,0,0.00,0.00,0.00,NULL
shopify_gb_8009880633594_56742988317058,8009880633594,56742988317058,PCGZ20MX,1,21242723265,UK,active,148,0.00,5.69,0,0.00,0.00,0.00,ZERO
shopify_gb_8009880633594_56750275920258,8009880633594,56750275920258,PCGZ20MX2PK,2,21242723265,UK,active,74,0.00,7.09,0,0.00,0.00,0.00,ZERO
shopify_gb_15370555851138_56782109409666,15370555851138,56782109409666,TPBP1SHRWO,Natural Wood Top Hole,21242723265,UK,active,99,,7.59,0,0.00,0.00,0.00,NULL
