product_item_id,shopify_id,sku,title,status,quantity,listing_max_platform_stock,compare_price,price,merch_avail,merch_sale_price,spend_30d,clicks_30d
8005820285178,8005820285178,,Plug-In Pendant Light Fitting Kit E27 with Switch | 2m & 4.5m ~4548,active,,,,,IN_STOCK,,240.58,1132
8649884762362,8649884762362,,E27 ES Threaded 20mm Conduit Pipe Lamp Holder Bulb Fitting Socket ~5540,active,,,,,IN_STOCK,,33.52,66
14935131783554,14935131783554,,Industrial Steampunk 3 Way Ceiling Lights Black ~901,active,,,,,IN_STOCK,,31.81,76
14935131783554,14935131783554,,Industrial Steampunk 3 Way Ceiling Lights Black ~901,active,,,,,IN_STOCK,41.99,31.81,76
6024708522145,6024708522145,,2m Cable E27 Pendant Light French Gold Ceiling Set Green Brass~1721,active,,,,,IN_STOCK,,19.54,42
4417255538784,4417255538784,,DC 12V 250W IP67 Waterproof LED Driver Transformer Power Supply,active,,,,,IN_STOCK,27.99,18.51,24
4417275887712,4417275887712,,LED B22 G95 4W Filament Dimmable Warm White 2700K Bulb(Energy Saving)~3080,active,,,,,IN_STOCK,,18.32,62
4417260978272,4417260978272,,12V 100W LED Driver Power Supply AC to DC for Strip Lights~3273,active,,,,,IN_STOCK,12.99,18.12,48
4417263468640,4417263468640,,Yellow Vintage 2 Core Round Braided Fabric Cable –0.75mm~3246,active,,,,,IN_STOCK,,17.60,16
14882318418306,14882318418306,,Swan Neck Bend conduit pipe Fitting Metal 220mm length Thread~5653,active,,,,,IN_STOCK,,15.52,60
14877939368322,14877939368322,,LEDSone LED T185 4W B22/E27 Tubular Filament Warm White Dimmable Bulbs~5612,active,,,,,IN_STOCK,,14.10,30
4417255178336,4417255178336,,45W LED Driver 12V DC Transformer IP67~3357,active,,,,,IN_STOCK,9.99,12.86,12
6966926704801,6966926704801,,Retro Industrial Pulley Wheel Cage Wall Light E27~1212,active,,,,,IN_STOCK,20.39,11.55,33
6966926704801,6966926704801,,Retro Industrial Pulley Wheel Cage Wall Light E27~1212,active,,,,,IN_STOCK,,11.55,33
4417265172576,4417265172576,,4W Dimmable A60 E27 LED Light Bulb Classic Vintage Style~3224,active,,,,,IN_STOCK,,10.36,22
7455207588090,7455207588090,,Orange Gloss Semi Curvy Metal E27 Fit Pendant Lamp Shade~1088,active,,,,,IN_STOCK,12.59,10.10,30
7455207588090,7455207588090,,Orange Gloss Semi Curvy Metal E27 Fit Pendant Lamp Shade~1088,active,,,,,IN_STOCK,,10.10,30
7661573800186,7661573800186,,"Industrial Wall Light Vintage Metal E27 Wall Sconce for Living Room, Kitchen ~3792",active,,,,,IN_STOCK,,9.81,33
7661573800186,7661573800186,,"Industrial Wall Light Vintage Metal E27 Wall Sconce for Living Room, Kitchen ~3792",active,,,,,IN_STOCK,6.89,9.81,33
4417275887712,4417275887712,,LED B22 G95 4W Filament Dimmable Warm White 2700K Bulb(Energy Saving)~3080,active,,,,,IN_STOCK,4.99,9.16,31
4417279328352,4417279328352,,Twisted Fabric Cable 3 Core Braided Vintage Lighting Flex Wire 0.75mm Burgundy~3055,active,,,,,IN_STOCK,,7.20,18
8011122671866,8011122671866,,2 Core Vintage Twisted Ivory Fabric Lighting Cable 0.75mm 240V 8A ~4786,active,,,,,IN_STOCK,,6.98,12
14879664472450,14879664472450,,Cylinder Adjustable Ceiling Spotlight for Conduit Lighting~5633,active,,,,,IN_STOCK,10.99,6.60,14
14879664472450,14879664472450,,Cylinder Adjustable Ceiling Spotlight for Conduit Lighting~5633,active,,,,,IN_STOCK,,6.60,14
4417255178336,4417255178336,,45W LED Driver 12V DC Transformer IP67~3357,active,,,,,IN_STOCK,,6.43,6
8009195847930,8009195847930,,Modern Black and Gold LED Pendant Light -Tube Pack 1/2~4591,active,,,,,IN_STOCK,,5.86,11
8009195847930,8009195847930,,Modern Black and Gold LED Pendant Light -Tube Pack 1/2~4591,active,,,,,IN_STOCK,19.69,5.86,11
8039348633850,8039348633850,,Colourful Mosaic Glass Table Lamp E27 Plug in Wooden Base~ 5023,active,,,,,IN_STOCK,,5.84,38
7865900957946,7865900957946,,White Ceramic E27 Bulb Holder Stylish & Heat Resistant ~4114,active,,,,,IN_STOCK,,5.54,18
4417265172576,4417265172576,,4W Dimmable A60 E27 LED Light Bulb Classic Vintage Style~3224,active,,,,,IN_STOCK,1.39,5.18,11
7651374891258,7651374891258,,Industrial Modern 3 Way Retro Brushed Silver Cage Ceiling Hanging Pendant Shade E27~3757,active,,,,,IN_STOCK,35.99,5.12,15
7651374891258,7651374891258,,Industrial Modern 3 Way Retro Brushed Silver Cage Ceiling Hanging Pendant Shade E27~3757,active,,,,,IN_STOCK,,5.12,15
8162308653306,8162308653306,,Cone Shape Lamp Shade Easy fit for living rooms bedrooms Kitchen Dining Room and Café shade ~5311,active,,,,,IN_STOCK,,4.56,18
7559370178810,7559370178810,,Pulley Light & Pulley 3 Pendant Light Fixture~3449,active,,,,,IN_STOCK,,4.42,6
4417279328352,4417279328352,,Twisted Fabric Cable 3 Core Braided Vintage Lighting Flex Wire 0.75mm Burgundy~3055,active,,,,,IN_STOCK,2.39,3.60,9
8011122671866,8011122671866,,2 Core Vintage Twisted Ivory Fabric Lighting Cable 0.75mm 240V 8A ~4786,active,,,,,IN_STOCK,2.39,3.49,6
6024708915361,6024708915361,,1m Grey Pendant Light E27 Chrome Holder Ceiling Set~1711,active,,,,,IN_STOCK,,3.44,8
4417285226592,4417285226592,,E27 Ceramic Porcelain Lamp Holder Heat Resistant Type 4~2963,active,,,,,IN_STOCK,,3.36,8
4536806572128,4536806572128,,Black Industrial Drum Metal Wire Cage Easy Fit Ceiling Lampshade~2428,active,,,,,IN_STOCK,7.99,3.32,18
7987056181498,7987056181498,,Pendant Light Fixture 50cm Lighting Hanging Lamp Fixture Chain~4441,active,,,,,IN_STOCK,,3.32,24
4417277886560,4417277886560,,1M/5M/10M 3 Core Round Fabric Cable Light Brown Cable 0.75mm UK~3059,active,,,,,IN_STOCK,2.39,2.95,9
4417277886560,4417277886560,,1M/5M/10M 3 Core Round Fabric Cable Light Brown Cable 0.75mm UK~3059,active,,,,,IN_STOCK,,2.95,9
7865900957946,7865900957946,,White Ceramic E27 Bulb Holder Stylish & Heat Resistant ~4114,active,,,,,IN_STOCK,2.99,2.77,9
7644912386298,7644912386298,,Industrial Matte Black Pendant Lighting Shade Bowl Shape Metal~3727,active,,,,,IN_STOCK,,2.72,4
6664892317857,6664892317857,,Rustic Red Rustic Pendant Light Industrial Single Ceiling Hanging Lighting Fixture~1552,active,,,,,IN_STOCK,,2.68,6
7961561334010,7961561334010,,Vintage Metal Retro Modern Plug In Wall Sconce Light Fitting ~ 5368,active,,,,,IN_STOCK,18.65,2.60,6
6022553796769,6022553796769,,LEDSone Modern Retro Copper colour Wall Light~1739,active,,,,,IN_STOCK,14.73,2.50,7
6022553796769,6022553796769,,LEDSone Modern Retro Copper colour Wall Light~1739,active,,,,,IN_STOCK,,2.50,7
4537521242208,4537521242208,,5 Pack Metal Cord Grip Cable Lock for Lamp Pendant ~2411,active,,,,,IN_STOCK,4.74,2.48,10
7642575470842,7642575470842,,Fabric Hemp Flex Cable kit Black Plug In Pendant Lamp Light E27~3692,active,,,,,IN_STOCK,,2.36,8
7852431048954,7852431048954,,240V to 12V Power Supply Adapter for LED Strip Lights &CCTV~4090,active,,,,,IN_STOCK,,2.18,24
7692736659706,7692736659706,,LED Bulbs Bayonet ST64 B22 4W Dimmable Filament Edison Light Bulbs ~3874,active,,,,,IN_STOCK,10.69,2.14,4
7977117712634,7977117712634,,10 pack G125 E27 8W Dimmable Globe Vintage LED Retro Light Bulb~4165,active,,,,,IN_STOCK,46.25,2.04,3
6845726851233,6845726851233,,LED E27 A60 18W Warm White 2700K Non-Dimmable Bulb(Energy Saving)~1379,active,,,,,IN_STOCK,1.35,1.87,3
6845726851233,6845726851233,,LED E27 A60 18W Warm White 2700K Non-Dimmable Bulb(Energy Saving)~1379,active,,,,,IN_STOCK,,1.87,3
8009254797562,8009254797562,,Black Inner Gold GU10 Tube Pendant Light 20cm/30cm/40cm~4593,active,,,,,IN_STOCK,,1.86,4
8009254797562,8009254797562,,Black Inner Gold GU10 Tube Pendant Light 20cm/30cm/40cm~4593,active,,,,,IN_STOCK,17.39,1.86,4
4551406780512,4551406780512,,Antique Brass Vintage Pendant Cord Suspension Set ~2381,active,,,,,IN_STOCK,,1.85,8
4551406780512,4551406780512,,Antique Brass Vintage Pendant Cord Suspension Set ~2381,active,,,,,IN_STOCK,12.89,1.85,8
14878715249026,14878715249026,,LED G4 2W Cool White 6500K Non-Dimmable Bulb(Energy Saving) ~5624,active,,,,,IN_STOCK,0.95,1.74,7
14878715249026,14878715249026,,LED G4 2W Cool White 6500K Non-Dimmable Bulb(Energy Saving) ~5624,active,,,,,IN_STOCK,,1.74,7
4536806572128,4536806572128,,Black Industrial Drum Metal Wire Cage Easy Fit Ceiling Lampshade~2428,active,,,,,IN_STOCK,,1.66,9
7615777014010,7615777014010,,Black click in Screw E27 Light Bulb Lamp Holder Base Pendant Socket~3651,active,,,,,IN_STOCK,,1.44,12
7570088362234,7570088362234,,30cm BSP  Malleable Tubing iron threaded pipe Light Fittings~3535,active,,,,,IN_STOCK,,1.38,8
7570088362234,7570088362234,,30cm BSP  Malleable Tubing iron threaded pipe Light Fittings~3535,active,,,,,IN_STOCK,4.89,1.38,8
5991593246881,5991593246881,,Rustic Red Vintage Retro Flush Mount Ceiling Light Rustic Color Metal Lampshade~1787,active,,,,,IN_STOCK,,1.32,4
8134249382138,8134249382138,,Waterproof Reflective Safety Tape Floor Marking Self-Adhesive Roll~5191,active,,,,,IN_STOCK,,1.32,4
7589224775930,7589224775930,,3 Way Over Ceiling Indoor Hanging Light Metal ~3589,active,,,,,IN_STOCK,,1.30,4
7589224775930,7589224775930,,3 Way Over Ceiling Indoor Hanging Light Metal ~3589,active,,,,,IN_STOCK,32.66,1.30,4
8167782383866,8167782383866,,Pretty Table Lamp Retro Metal Cage with Wood Base E27~5356,active,,,,,IN_STOCK,,1.30,4
7982908342522,7982908342522,,"5Pack Rose Gold Pendant Light,E27 Lamp Holder Ceiling Hanging Light,PVC Cable~4239",active,,,,,IN_STOCK,32.89,1.29,2
7982908342522,7982908342522,,"5Pack Rose Gold Pendant Light,E27 Lamp Holder Ceiling Hanging Light,PVC Cable~4239",active,,,,,IN_STOCK,,1.29,2
4417282736224,4417282736224,,1M/5M/10M 3 Core Vintage Twisted Yellow and Black Fabric Lighting Cable ~3000,active,,,,,IN_STOCK,1.35,1.25,1
4417282736224,4417282736224,,1M/5M/10M 3 Core Vintage Twisted Yellow and Black Fabric Lighting Cable ~3000,active,,,,,IN_STOCK,,1.25,1
4537521242208,4537521242208,,5 Pack Metal Cord Grip Cable Lock for Lamp Pendant ~2411,active,,,,,IN_STOCK,,1.24,5
7692736659706,7692736659706,,LED Bulbs Bayonet ST64 B22 4W Dimmable Filament Edison Light Bulbs ~3874,active,,,,,IN_STOCK,,1.07,2
4460365283424,4460365283424,,E27 Satin Nickel Vintage Retro Smooth Metal Lamp Holder~2725,active,,,,,IN_STOCK,,1.04,2
4498548260960,4498548260960,,White Vintage Industrial Ceiling Lights Retro Shade Pendant Sconce Lamp~2597,active,,,,,IN_STOCK,,0.96,2
4417275461728,4417275461728,,Vintage LED Filament Bulb Bayonet G95 B22 8W Dimmable LED Globe Bulb ~3085,active,,,,,IN_STOCK,7.39,0.96,3
7985984143610,7985984143610,,Modern Metal E27 Bugundy Teardrop Pendant Light Hanging Light Fixture ~4402,active,,,,,IN_STOCK,16.99,0.93,4
8107412750586,8107412750586,,8-Way Spider Light Cone Shade Pendant Light~5136,active,,,,,IN_STOCK,,0.93,3
8107412750586,8107412750586,,8-Way Spider Light Cone Shade Pendant Light~5136,active,,,,,IN_STOCK,71.89,0.93,3
7985984143610,7985984143610,,Modern Metal E27 Bugundy Teardrop Pendant Light Hanging Light Fixture ~4402,active,,,,,IN_STOCK,,0.93,4
4460365480032,4460365480032,,E27 Matt Black Vintage Barrel Metal Lamp Holder~2720,active,,,,,IN_STOCK,,0.92,2
8010492346618,8010492346618,,Modern Black Wood Wall Sconce | Rotatable E27 Wall Lamp ~4726,active,,,,,IN_STOCK,,0.90,3
8010492346618,8010492346618,,Modern Black Wood Wall Sconce | Rotatable E27 Wall Lamp ~4726,active,,,,,IN_STOCK,17.29,0.90,3
4417257013344,4417257013344,,AC 100/240V to DC12V 300W Regulated Switching Power Supply Driver~3335,active,,,,,IN_STOCK,,0.84,3
5245805789345,5245805789345,,E27 Ceiling Rose Light Fitting Vintage Industrial Pendant Lamp Bulb Holder Light ~2208,active,,,,,IN_STOCK,,0.82,4
8630672883962,8630672883962,,100mm  Metal mounting  Ceiling Rose For Light Fitting ~5528,active,,,,,IN_STOCK,10.25,0.81,3
8005801738490,8005801738490,,Rose Pink 3 Core Round Vintage Braided Fabric Cable–0.75mm~4544,active,,,,,IN_STOCK,,0.62,2
7691129749754,7691129749754,,Retro Easy Fit Light Shade 13cm Metal E27 Cyan blueLampshade~3897,active,,,,,IN_STOCK,8.39,0.62,4
4417268023392,4417268023392,,1M/5M/10M 3 core Round Vintage Braided Fabric Red Cable Flex 0.75mm~3226,active,,,,,IN_STOCK,,0.62,2
4417268023392,4417268023392,,1M/5M/10M 3 core Round Vintage Braided Fabric Red Cable Flex 0.75mm~3226,active,,,,,IN_STOCK,2.79,0.62,2
7691129749754,7691129749754,,Retro Easy Fit Light Shade 13cm Metal E27 Cyan blueLampshade~3897,active,,,,,IN_STOCK,,0.62,4
8161314111738,8161314111738,,Plug in Wall Lighting 2M Cable Dimmer Switch Light Fittings~5303,active,,,,,IN_STOCK,22.59,0.57,3
8161314111738,8161314111738,,Plug in Wall Lighting 2M Cable Dimmer Switch Light Fittings~5303,active,,,,,IN_STOCK,,0.57,3
7910139199738,7910139199738,,235mm Ceiling Rose Strap Side fitting Bracket~4119,active,,,,,IN_STOCK,2.69,0.56,4
6986388209825,6986388209825,,LED 4W ST64 E27 Warm White 2700K Dimmable Bulb(Energy Saving)~1200,active,,,,,IN_STOCK,,0.56,3
14919907639682,14919907639682,,E27 Metal Lamp Holder 60W– Heat-Resistant Plastic Cord Grip~5725,active,,,,,IN_STOCK,,0.56,4
6986388209825,6986388209825,,LED 4W ST64 E27 Warm White 2700K Dimmable Bulb(Energy Saving)~1200,active,,,,,IN_STOCK,3.79,0.56,3
6856618082465,6856618082465,,Vintage Pendant Ceiling Shade Industrial Chandelier Light Retro Lamp UK~1350,active,,,,,IN_STOCK,,0.54,2
5282330738849,5282330738849,,Diamond Easy Fit Lamp Shade Metal Cage~2191,active,,,,,IN_STOCK,,0.54,3
8167014465786,8167014465786,,Industrial Bulb Guard Cage Table Lamp Wooden Base E27 Plug-In~5348,active,,,,,IN_STOCK,,0.53,1
8167014465786,8167014465786,,Industrial Bulb Guard Cage Table Lamp Wooden Base E27 Plug-In~5348,active,,,,,IN_STOCK,19.49,0.53,1
6024709603489,6024709603489,,1m Rose Gold Pendant Holder Kit~1699,active,,,,,IN_STOCK,,0.52,2
7984489267450,7984489267450,,"3Pack E27 Light Bulb Pendant Socket Holder,Screw White Plastic Lamp holder~4367",active,,,,,IN_STOCK,4.35,0.50,2
5543091536033,5543091536033,,E27 Cluster Ceiling Pendant Light with Fabric Flex ~2057,active,,,,,IN_STOCK,,0.50,2
7984489267450,7984489267450,,"3Pack E27 Light Bulb Pendant Socket Holder,Screw White Plastic Lamp holder~4367",active,,,,,IN_STOCK,,0.50,2
8174260060410,8174260060410,,Mens Heavy Duty Nylon Web Belt 120cm Tactical Quick Release Buckle Adjustable Work Belt For Men Travel Everyday ~5375,active,,,,,IN_STOCK,,0.48,2
8097288814842,8097288814842,,3 Head Wire Cage Hanging Pendant Light~5105,active,,,,,IN_STOCK,,0.48,2
8097288814842,8097288814842,,3 Head Wire Cage Hanging Pendant Light~5105,active,,,,,IN_STOCK,33.19,0.48,2
8137822208250,8137822208250,,Scenery Art Crystal Porcelain Wall Clock –Analog~5205,active,,,,,IN_STOCK,,0.48,2
4417257209952,4417257209952,,12V 60W LED Transformer 5A Switching Power Supply AC to DC~3332,active,,,,,IN_STOCK,,0.46,2
8009844654330,8009844654330,,Pipe lighting accessories Iron Galvanized Tread Tee Connector~4637,active,,,,,IN_STOCK,5.69,0.42,2
8113201152250,8113201152250,,Bedside Reading Table Lamps Light~5161,active,,,,,IN_STOCK,,0.41,3
8113201152250,8113201152250,,Bedside Reading Table Lamps Light~5161,active,,,,,IN_STOCK,19.99,0.41,3
7855951184122,7855951184122,,LED A60 E27 4W Bulb Filament Dimmable Screw Small Globe Light Bulb~4095,active,,,,,IN_STOCK,,0.40,1
7855951184122,7855951184122,,LED A60 E27 4W Bulb Filament Dimmable Screw Small Globe Light Bulb~4095,active,,,,,IN_STOCK,1.55,0.40,1
7845306466554,7845306466554,,Antique Brass Table Lamp Black Cage Design ~4076,active,,,,,IN_STOCK,,0.38,2
5282330738849,5282330738849,,Diamond Easy Fit Lamp Shade Metal Cage~2191,active,,,,,IN_STOCK,6.65,0.36,2
8156701393146,8156701393146,,Foldable Leaves Laundry Basket Organizer For Dirty Clothes Storage~5276,active,,,,,IN_STOCK,,0.36,2
4417275461728,4417275461728,,Vintage LED Filament Bulb Bayonet G95 B22 8W Dimmable LED Globe Bulb ~3085,active,,,,,IN_STOCK,,0.32,1
4417274904672,4417274904672,,Green Brass 100mm Ceiling Rose | Vintage Single Outlet Metal Canopy ~3093,active,,,,,IN_STOCK,,0.32,2
4417259012192,4417259012192,,IP67 DC 24V 24W LED Driver Constant Voltage Power Supply Transformer~3301,active,,,,,IN_STOCK,7.29,0.31,1
7984164471034,7984164471034,,"2Pack Yellow LED Wall Light Sconce Wood,15cm Lamp Shade,E27 Lamp Holder~4350",active,,,,,IN_STOCK,,0.30,2
8160579059962,8160579059962,,Vintage Industrial Adjustable Plug In Wall Light E27 Lamp ~5296,active,,,,,IN_STOCK,,0.30,2
6754266120353,6754266120353,,Multi Outlet Chrome Metal Ceiling Rose 120x25mm~1459,active,,,,,IN_STOCK,,0.29,1
6754266120353,6754266120353,,Multi Outlet Chrome Metal Ceiling Rose 120x25mm~1459,active,,,,,IN_STOCK,4.48,0.29,1
7910139199738,7910139199738,,235mm Ceiling Rose Strap Side fitting Bracket~4119,active,,,,,IN_STOCK,,0.28,2
7470952153338,7470952153338,,Satin Nickel Lamp Shade Cap for Pendant Light Socket Holder Fitting~1033,active,,,,,IN_STOCK,,0.27,2
7984498868474,7984498868474,,Screw E27 Socket Lamp Holder Base Pendant Socket Cap Bulb Holder Lampshade~4381,active,,,,,IN_STOCK,3.49,0.27,3
8630672883962,8630672883962,,100mm  Metal mounting  Ceiling Rose For Light Fitting ~5528,active,,,,,IN_STOCK,,0.27,1
7470952153338,7470952153338,,Satin Nickel Lamp Shade Cap for Pendant Light Socket Holder Fitting~1033,active,,,,,IN_STOCK,2.49,0.27,2
6751752224929,6751752224929,,Chrome Ceiling Rose 108mm Diameter Vintage Light Fitting~1468,active,,,,,IN_STOCK,,0.26,2
6751752224929,6751752224929,,Chrome Ceiling Rose 108mm Diameter Vintage Light Fitting~1468,active,,,,,IN_STOCK,4.39,0.26,2
6860377555105,6860377555105,,Vintage  Modern Metal Ceiling Pendant Light Chrome Hanging Lamp With 95cm Adjustable Wire~1337,active,,,,,IN_STOCK,,0.24,1
6860377555105,6860377555105,,Vintage  Modern Metal Ceiling Pendant Light Chrome Hanging Lamp With 95cm Adjustable Wire~1337,active,,,,,IN_STOCK,41.29,0.24,1
5742787100833,5742787100833,,Brushed Silver Drum Metal Wire Cage Ceiling Pendant Lampshade ~1994,active,,,,,IN_STOCK,,0.23,1
5742787100833,5742787100833,,Brushed Silver Drum Metal Wire Cage Ceiling Pendant Lampshade ~1994,active,,,,,IN_STOCK,3.88,0.23,1
5866683007137,5866683007137,,Metal Pendant Gold Light Shade Geometric Wire Cage ~1904,active,,,,,IN_STOCK,7.29,0.22,1
5866683007137,5866683007137,,Metal Pendant Gold Light Shade Geometric Wire Cage ~1904,active,,,,,IN_STOCK,,0.22,1
14880702562690,14880702562690,,Vintage Metal Single Head Shade E27  Hanging Pendant Light ~6670,active,,,,,IN_STOCK,,0.20,0
7910311821562,7910311821562,,StrongCeiling Plate Suspension Plate Hanging Lamp - Brushed Brass~4140,active,,,,,IN_STOCK,,0.20,2
4553369419872,4553369419872,,12V 150W Ultra Slim LED Driver – 12.5A AC/DC Power Supply Transformer~2356,active,,,,,IN_STOCK,13.59,0.20,1
5282330738849,5282330738849,,Diamond Easy Fit Lamp Shade Metal Cage~2191,active,,,,,IN_STOCK,7.99,0.18,1
6818356887713,6818356887713,,Red Vintage Industrial Metal Wire Cage Easy Fit Lampshades ~1413,active,,,,,IN_STOCK,,0.18,0
8175026798842,8175026798842,,Woven Leather Belt Men's Adjustable for jeans~5379,active,,,,,IN_STOCK,,0.16,0
6845851041953,6845851041953,,Modern Vintage Ceiling Pendant Light Cone Shade Shape Hanging Light ~1363,active,,,,,IN_STOCK,,0.13,1
4417254293600,4417254293600,,Black Shade Ring Iron Ceiling Pendants Fixtures Holder ~3366,active,,,,,IN_STOCK,2.49,0.13,1
7469127303418,7469127303418,,Vintage LED E27 Bulb G125 4W Music Filament Screw Bulb Warm White~1041,active,,,,,IN_STOCK,,0.13,1
7469127303418,7469127303418,,Vintage LED E27 Bulb G125 4W Music Filament Screw Bulb Warm White~1041,active,,,,,IN_STOCK,7.10,0.13,1
4417254293600,4417254293600,,Black Shade Ring Iron Ceiling Pendants Fixtures Holder ~3366,active,,,,,IN_STOCK,,0.13,1
6845851041953,6845851041953,,Modern Vintage Ceiling Pendant Light Cone Shade Shape Hanging Light ~1363,active,,,,,IN_STOCK,21.47,0.13,1
7470952481018,7470952481018,,Yellow Brass Lamp Shade Cap for Pendant Light Socket Holder Fitting~1029,active,,,,,IN_STOCK,,0.12,1
7470952481018,7470952481018,,Yellow Brass Lamp Shade Cap for Pendant Light Socket Holder Fitting~1029,active,,,,,IN_STOCK,2.49,0.12,1
4505246433376,4505246433376,,Industrial Black Cage Wall light~2568,active,,,,,IN_STOCK,,0.10,0
6818356887713,6818356887713,,Red Vintage Industrial Metal Wire Cage Easy Fit Lampshades ~1413,active,,,,,IN_STOCK,7.46,0.09,0
7982925283578,7982925283578,,10 Pack E27 Pendant Light Fitting Set with Adjustable Cable ~4253,active,,,,,IN_STOCK,,0.08,0
14877951099266,14877951099266,,Vintage LED Edison Bulb 4W E27 Decorative Bulb Non Dimmable ~5614,active,,,,,IN_STOCK,,0.07,1
14877951099266,14877951099266,,Vintage LED Edison Bulb 4W E27 Decorative Bulb Non Dimmable ~5614,active,,,,,IN_STOCK,7.55,0.07,1
5956003266721,5956003266721,,Rattan Wicker Yellow Woven Ball Globe Two Outlet Pendant Lampshade~1816,active,,,,,IN_STOCK,29.99,0.05,1
5956003266721,5956003266721,,Rattan Wicker Yellow Woven Ball Globe Two Outlet Pendant Lampshade~1816,active,,,,,IN_STOCK,,0.05,1
4417286635616,4417286635616,,Antique Copper E27 Metal Lamp Bulb Holdermetal~2935,active,,,,,IN_STOCK,,0.05,0
7982925283578,7982925283578,,10 Pack E27 Pendant Light Fitting Set with Adjustable Cable ~4253,active,,,,,IN_STOCK,55.89,0.04,0
4523830345824,4523830345824,,Industrial Rose Gold Wire Cage Bedside Table Lamp LED~2500,active,,,,,IN_STOCK,,0.04,0
14929097884034,14929097884034,,Vintage Retro Metal Shade Pendant Light E27 ~5854,active,,,,,IN_STOCK,,0.04,0
4417290567776,4417290567776,,Rustic Red Industrial Water Pipe Wall Light E27~2885,active,,,,,IN_STOCK,,0.04,0
4448093175904,4448093175904,,120mm Yellow Brass 4 Outlet Ceiling Rose Pendant Light Fitting ~2753,active,,,,,IN_STOCK,7.48,0.03,1
4448093175904,4448093175904,,120mm Yellow Brass 4 Outlet Ceiling Rose Pendant Light Fitting ~2753,active,,,,,IN_STOCK,,0.03,1
8565001978106,8565001978106,,Large Coolie Lampshades For Ceiling Lamp Shade ~ 5492,active,,,,,IN_STOCK,,0.02,0
8136238366970,8136238366970,,Colour Colourful -Modern Quartz Round Wall Clock~5195,active,,,,,IN_STOCK,,0.01,0
14929097884034,14929097884034,,Vintage Retro Metal Shade Pendant Light E27 ~5854,active,,,,,IN_STOCK,11.59,0.01,0
4572385935456,4572385935456,,Vintage Metro Pendant Shade Metal Retro Bedroom Kitchen Modern Light Style Home~2320,active,,,,,IN_STOCK,,0.01,0
8136238366970,8136238366970,,Colour Colourful -Modern Quartz Round Wall Clock~5195,active,,,,,IN_STOCK,9.79,0.01,0
4572385935456,4572385935456,,Vintage Metro Pendant Shade Metal Retro Bedroom Kitchen Modern Light Style Home~2320,active,,,,,IN_STOCK,13.89,0.01,0
7651375677690,7651375677690,,Semi Flush Mount Ceiling Light E27 ~3763,active,,,,,IN_STOCK,16.10,0.00,0
14875084423554,14875084423554,,AC to DC Constant Current Supply G4 MR11 MR16 Pack 2 ~5595,active,,,,,IN_STOCK,,0.00,0
7062445359265,7062445359265,,Galvanized Threaded Iron pipe threaded pipe - 3/4inch carbon steel pipe/tube 6.5cm~1158,active,,,,,IN_STOCK,,0.00,0
8014175895802,8014175895802,,White E27 Edison screw Bulb Metal lamp holder Pack 1/2 ~4934,active,,,,,IN_STOCK,,0.00,0
7983355592954,7983355592954,,Industrial Vintage 3-Light Ceiling Chandelier with Barn-Style Shades~4301,active,,,,,IN_STOCK,,0.00,0
8630295331066,8630295331066,,Ceiling Rose Front Fitting Metal Plate Light Fitting ~5527,active,,,,,IN_STOCK,,0.00,0
4417257996384,4417257996384,,24W LED Driver 30-40V DC Power Supplies ~3317,active,,,,,IN_STOCK,7.19,0.00,0
6986418749601,6986418749601,,LED T45 E27 4W Filament Amber Glass 2700K Dimmable Bulb(Energy Saving)~1198,active,,,,,IN_STOCK,2.99,0.00,0
7982347092218,7982347092218,,Chrome Ceiling Lamp E27 Screw Pendant Adjustable Cord Hanging Shade Fixture ~4185,active,,,,,IN_STOCK,10.89,0.00,0
7099592409249,7099592409249,,Retro Industrial Metal Pendant Light – Vintage Suspended Ceiling Fixture~1130,active,,,,,IN_STOCK,,0.00,0
8017199005946,8017199005946,,2-5 Outle Rectangular Ceiling Rose ~4958,active,,,,,IN_STOCK,,0.00,0
4417260519520,4417260519520,,5V 150W LED Transformer 30A Power Supply AC to DC~ 3278,active,,,,,IN_STOCK,,0.00,0
4536795725920,4536795725920,,Easy Fit Drum Lampshade Pendant Light Shade Brushed Copper Colour~2449,active,,,,,IN_STOCK,,0.00,0
6999300178081,6999300178081,,Light Hanging Pendant Light – E27 Base | Model 1188,active,,,,,IN_STOCK,,0.00,0
7542240248058,7542240248058,,Industrial Hanging White Pattern Lamp shade Metal Loft Nordic Party Decor ~3444,active,,,,,IN_STOCK,,0.00,0
8009861333242,8009861333242,,Galvanized Iron Pipe Fittings Conduit Junction Box~4639,active,,,,,IN_STOCK,,0.00,0
8004050977018,8004050977018,,5 way ¾ inch BSP Malleable Iron Galvanized Pipe Light Fittings  Accessories ~4517,active,,,,,IN_STOCK,,0.00,0
5474398765217,5474398765217,,White Retro Style Coolie Tapered Metal Ceiling Pendant Lampshade ~2081,active,,,,,IN_STOCK,13.49,0.00,0
14893571899778,14893571899778,,Industrial Conduit Flush Mount Ceiling Light Kit Fixture ~ 5695,active,,,,,IN_STOCK,33.79,0.00,0
4523828150368,4523828150368,,Vintage Shade Metal Retro Green Colour Wall Light for Style Home~2516,active,,,,,IN_STOCK,,0.00,0
8026824245498,8026824245498,,Glass Crackle Mosaic Globe Shape hanging Pendant Light Decorating~4990,active,,,,,IN_STOCK,,0.00,0
7982900707578,7982900707578,,"2Pack Brushed Copper Pendant Light,E27 Lamp Holder Hanging Light,PVC Cable~4234",active,,,,,IN_STOCK,,0.00,0
5282439004321,5282439004321,,Modern Industrial Light Lamp Shades~2186,active,,,,,IN_STOCK,8.68,0.00,0
8004344152314,8004344152314,,GALVANISED MALLEABLE IRON Bend 90 Elbow PIPE FITTINGS~4523,active,,,,,IN_STOCK,,0.00,0
4489723248736,4489723248736,,Vintage Industrial Metal Ceiling Pendant Shade Modern Hang Retro Pendant Light~2672,active,,,,,IN_STOCK,,0.00,0
4417284702304,4417284702304,,ES E27 Bottle Shape Lamb Holder ~2974,active,,,,,IN_STOCK,2.85,0.00,0
14965146714498,14965146714498,,5 Pack Strain Reliefs M10 Cord Grips Clamps for Lights - 6046,active,,,,,IN_STOCK,,0.00,0
7983355592954,7983355592954,,Industrial Vintage 3-Light Ceiling Chandelier with Barn-Style Shades~4301,active,,,,,IN_STOCK,30.89,0.00,0
5474398765217,5474398765217,,White Retro Style Coolie Tapered Metal Ceiling Pendant Lampshade ~2081,active,,,,,IN_STOCK,,0.00,0
6986418749601,6986418749601,,LED T45 E27 4W Filament Amber Glass 2700K Dimmable Bulb(Energy Saving)~1198,active,,,,,IN_STOCK,,0.00,0
7606776889594,7606776889594,,Industrial indoor Swan neck Wall light~3623,active,,,,,IN_STOCK,,0.00,0
7684507730170,7684507730170,,2M Plug In Pendant hemp with Switch and Holder Black ~3870,active,,,,,IN_STOCK,9.89,0.00,0
5806505328801,5806505328801,,Ceiling Blue Pendant Shade Modern Hemp Hanging Retro Light~1933,active,,,,,IN_STOCK,,0.00,0
5911744282785,5911744282785,,Modern Large Ceiling Black Metal Dome Pendant Light ~1845,active,,,,,IN_STOCK,,0.00,0
6061345177761,6061345177761,,Dome Ceiling Light for Living Room~1634,active,,,,,IN_STOCK,,0.00,0
4417284702304,4417284702304,,ES E27 Bottle Shape Lamb Holder ~2974,active,,,,,IN_STOCK,,0.00,0
8011000381690,8011000381690,,Ceiling Rose Base Hook Plate Holder Fitting Chandelier spider Accessories~4777,active,,,,,IN_STOCK,,0.00,0
4523827232864,4523827232864,,Shade Metal Wall Light White Colour with Switch Holder Brushed Effect~2525,active,,,,,IN_STOCK,,0.00,0
7684507730170,7684507730170,,2M Plug In Pendant hemp with Switch and Holder Black ~3870,active,,,,,IN_STOCK,,0.00,0
4448091897952,4448091897952,,120mm Chrome Metal 4 Outlet Ceiling Rose Pendant Light Fitting ~2789,active,,,,,IN_STOCK,,0.00,0
4417293221984,4417293221984,,Black Metal Vase Cage Lampshade | Modern Easy Fit Light Shade ~2850,active,,,,,IN_STOCK,,0.00,0
6026302390433,6026302390433,,Yellow Brass Industrial Vintage Wall Sconce Light E27~1693,active,,,,,IN_STOCK,,0.00,0
7691129291002,7691129291002,,Retro Easy Fit Yellow Mug Pendant Light Shade E27 13cm~3890,active,,,,,IN_STOCK,8.39,0.00,0
7697310384378,7697310384378,,Vintage Retro 3 Way E27 Industrial White Cage Ceiling Pendant Light~3943,active,,,,,IN_STOCK,,0.00,0
14893571899778,14893571899778,,Industrial Conduit Flush Mount Ceiling Light Kit Fixture ~ 5695,active,,,,,IN_STOCK,,0.00,0
7697310384378,7697310384378,,Vintage Retro 3 Way E27 Industrial White Cage Ceiling Pendant Light~3943,active,,,,,IN_STOCK,38.89,0.00,0
8011902058746,8011902058746,,1M/5M/10M 3 Core Twisted Ivory Fabric Lamp Cord Cable-0.75mm ~4868,active,,,,,IN_STOCK,2.23,0.00,0
4417260519520,4417260519520,,5V 150W LED Transformer 30A Power Supply AC to DC~ 3278,active,,,,,IN_STOCK,11.79,0.00,0
6061344293025,6061344293025,,Red Semi-Flush Ceiling Light for Modern Home Decor~1638,active,,,,,IN_STOCK,,0.00,0
5911744282785,5911744282785,,Modern Large Ceiling Black Metal Dome Pendant Light ~1845,active,,,,,IN_STOCK,16.71,0.00,0
4536795725920,4536795725920,,Easy Fit Drum Lampshade Pendant Light Shade Brushed Copper Colour~2449,active,,,,,IN_STOCK,3.99,0.00,0
8115366265082,8115366265082,,Retro Artwork Wall Clock – Decorative Flower Design~5182,active,,,,,IN_STOCK,,0.00,0
14879114002818,14879114002818,,Vintage Metal E27 Cone shade Ceiling Pendant Light Adjustable Cord-5629,active,,,,,IN_STOCK,,0.00,0
8021874147578,8021874147578,,Vintage Industrial Cone Metal Pendant Lamp Shade E27~4974,active,,,,,IN_STOCK,8.89,0.00,0
7691129291002,7691129291002,,Retro Easy Fit Yellow Mug Pendant Light Shade E27 13cm~3890,active,,,,,IN_STOCK,,0.00,0
8021874147578,8021874147578,,Vintage Industrial Cone Metal Pendant Lamp Shade E27~4974,active,,,,,IN_STOCK,,0.00,0
4592990716000,4592990716000,,Barn Light Metal Shades For Lamps ~2264,active,,,,,IN_STOCK,,0.00,0
4590456864864,4590456864864,,LEDSone Vintage Plug in Wall Sconces ~2273,active,,,,,IN_STOCK,,0.00,0
5320834285729,5320834285729,,2/3 Way Electrical Connectors Wire Block Clamp Clips Fast Cable Reusable Lever~2163,active,,,,,IN_STOCK,,0.00,0
8010522525946,8010522525946,,Adjustable E27 Wall Light Black Wall Sconce Lamp ~4737,active,,,,,IN_STOCK,8.39,0.00,0
4417282474080,4417282474080,,3 Core Twisted Brown Multi Tweed Vintage Electric fabric Cable Flex 0.75mm~3004,active,,,,,IN_STOCK,,0.00,0
7570088558842,7570088558842,,2.5cm BSP  Industrial Pipe Fittings ~3540,active,,,,,IN_STOCK,,0.00,0
8017199005946,8017199005946,,2-5 Outle Rectangular Ceiling Rose ~4958,active,,,,,IN_STOCK,9.49,0.00,0
8011000381690,8011000381690,,Ceiling Rose Base Hook Plate Holder Fitting Chandelier spider Accessories~4777,active,,,,,IN_STOCK,2.19,0.00,0
6542267646113,6542267646113,,Indoor Retro Sconce Wall Light Fitting Fixture ~1616,active,,,,,IN_STOCK,,0.00,0
14875084423554,14875084423554,,AC to DC Constant Current Supply G4 MR11 MR16 Pack 2 ~5595,active,,,,,IN_STOCK,10.69,0.00,0
