Parent List ID,Shade_Shape,Height_mm,Diameter_mm,Hole_Diameter_mm,Material_Primary,Fitting_Type,Colour_Family,Bulb_Base_Type,Style_Category,Room_Suitability
6842133151905,Cone,100,180,40,Metal,Easy Fit,Brushed Brass,E27,Vintage Industrial,"Kitchen, Dining, Hallway [VERIFY]"
6842133151905,Cone,100,180,40,Metal,Easy Fit,Black,E27,Vintage Industrial,"Kitchen, Cafe, Dining [VERIFY]"
6842133151905,Cone,100,180,40,Metal,Easy Fit,Brushed Silver,E27,Vintage Industrial,"Kitchen, Dining, Hallway [VERIFY]"
6842133151905,Cone,100,180,40,Metal,Easy Fit,Rustic Red,E27,Vintage Industrial,"Kitchen, Dining, Hallway [VERIFY]"
6842133151905,Cone,100,180,40,Metal,Easy Fit,Brushed Copper,E27,Vintage Industrial,"Kitchen, Dining, Hallway [VERIFY]"
6842390708385,Dome,100,210,40,Metal,Easy Fit,Black,E27,Vintage Industrial,"Kitchen, Cafe, Dining [VERIFY]"
6842266648737,Umbrella,120,300,40,Metal,Easy Fit,Brushed Copper,E27,Vintage Industrial,"Kitchen, Dining, Hallway [VERIFY]"
6842266648737,Umbrella,120,300,40,Metal,Easy Fit,Rustic Red,E27,Vintage Industrial,"Kitchen, Dining, Hallway [VERIFY]"
6842266648737,Umbrella,120,300,40,Metal,Easy Fit,Black,E27,Vintage Industrial,"Kitchen, Cafe, Dining [VERIFY]"
6842266648737,Umbrella,120,300,40,Metal,Easy Fit,Brushed Brass,E27,Vintage Industrial,"Kitchen, Dining, Hallway [VERIFY]"
6842266648737,Umbrella,120,300,40,Metal,Easy Fit,Brushed Silver,E27,Vintage Industrial,"Kitchen, Dining, Hallway [VERIFY]"
6914752151713,Bowel,70,260,40,Metal,Easy Fit,Rustic Red,E27,Vintage Industrial,"Kitchen, Dining, Hallway [VERIFY]"
6914752151713,Bowel,70,260,40,Metal,Easy Fit,Brushed Silver,E27,Vintage Industrial,"Kitchen, Dining, Hallway [VERIFY]"
6914752151713,Bowel,70,260,40,Metal,Easy Fit,Brushed Brass,E27,Vintage Industrial,"Kitchen, Dining, Hallway [VERIFY]"
6914752151713,Bowel,70,260,40,Metal,Easy Fit,Black,E27,Vintage Industrial,"Kitchen, Cafe, Dining [VERIFY]"
6914752151713,Bowel,70,260,40,Metal,Easy Fit,Brushed Copper,E27,Vintage Industrial,"Kitchen, Dining, Hallway [VERIFY]"
4592990716000,Barn Slot,160,300,40,Metal,Easy Fit,Black,E27,Vintage Industrial,"Kitchen, Cafe, Dining [VERIFY]"
4592990716000,Barn Slot,160,300,40,Metal,Easy Fit,Blue,E27,Vintage Industrial,"Kitchen, Dining, Living Room [VERIFY]"
4592990716000,Barn Slot,160,300,40,Metal,Easy Fit,Green,E27,Vintage Industrial,"Kitchen, Dining, Living Room [VERIFY]"
4592990716000,Barn Slot,160,300,40,Metal,Easy Fit,Red,E27,Vintage Industrial,"Kitchen, Dining, Living Room [VERIFY]"
4592990716000,Barn Slot,160,300,40,Metal,Easy Fit,Yellow,E27,Vintage Industrial,"Kitchen, Dining, Living Room [VERIFY]"
4592990716000,Barn Slot,160,300,40,Metal,Easy Fit,Rose Gold,E27,Vintage Industrial,"Kitchen, Dining, Hallway [VERIFY]"
4592990716000,Barn Slot,160,300,40,Metal,Easy Fit,Yellow Brass,E27,Vintage Industrial,"Kitchen, Dining, Hallway [VERIFY]"
4592990716000,Barn Slot,160,300,40,Metal,Easy Fit,Satin Nickel,E27,Vintage Industrial,"Kitchen, Dining, Hallway [VERIFY]"
4592990716000,Barn Slot,160,300,40,Metal,Easy Fit,Brushed Copper,E27,Vintage Industrial,"Kitchen, Dining, Hallway [VERIFY]"
4592990716000,Barn Slot,160,300,40,Metal,Easy Fit,Rustic Red,E27,Vintage Industrial,"Kitchen, Dining, Hallway [VERIFY]"
4592990716000,Barn Slot,160,300,40,Metal,Easy Fit,Brushed Silver,E27,Vintage Industrial,"Kitchen, Dining, Hallway [VERIFY]"
4592990716000,Barn Slot,160,300,40,Metal,Easy Fit,Navy Blue,E27,Vintage Industrial,"Kitchen, Dining, Living Room [VERIFY]"
4592990716000,,,,,,,,,,
4592990716000,Barn Slot,160,300,40,Metal,Easy Fit,Orange,E27,Vintage Industrial,"Kitchen, Dining, Living Room [VERIFY]"
4592990716000,Barn Slot,160,300,40,Metal,Easy Fit,Brushed Brass,E27,Vintage Industrial,"Kitchen, Dining, Hallway [VERIFY]"
4592990716000,Barn Slot,160,300,40,Metal,Easy Fit,Grey,E27,Vintage Industrial,"Kitchen, Cafe, Dining [VERIFY]"
4592990716000,Barn Slot,160,300,40,Metal,Easy Fit,Copper,E27,Vintage Industrial,"Kitchen, Dining, Hallway [VERIFY]"
4592990716000,Barn Slot,160,300,40,Metal,Easy Fit,Chrome,E27,Vintage Industrial,"Kitchen, Dining, Hallway [VERIFY]"
4592990716000,Barn Slot,160,300,40,Metal,Easy Fit,Green Brass,E27,Vintage Industrial,"Kitchen, Dining, Hallway [VERIFY]"
4592990716000,Barn Slot,160,300,40,Metal,Easy Fit,White,E27,Vintage Industrial,"Kitchen, Dining, Living Room [VERIFY]"
4592990716000,Barn Slot,160,300,40,Metal,Easy Fit,Pink,E27,Vintage Industrial,"Kitchen, Cafe, Dining [VERIFY]"
7455207424250,Temple Dome,135,320,40,Metal,Easy Fit,Orange,E27,Vintage Industrial,"Kitchen, Dining, Living Room [VERIFY]"
7455207424250,Temple Dome,135,320,40,Metal,Easy Fit,Green,E27,Vintage Industrial,"Kitchen, Dining, Living Room [VERIFY]"
7455207424250,Temple Dome,135,320,40,Metal,Easy Fit,Black,E27,Vintage Industrial,"Kitchen, Cafe, Dining [VERIFY]"
7455207424250,Temple Dome,135,320,40,Metal,Easy Fit,White,E27,Vintage Industrial,"Kitchen, Dining, Living Room [VERIFY]"
7455207424250,Temple Dome,135,320,40,Metal,Easy Fit,Red,E27,Vintage Industrial,"Kitchen, Dining, Living Room [VERIFY]"
7487350833402,,,,,,,,,,
6842221527201,Flat,40,220,40,Metal,Easy Fit,Copper,E27,Vintage Industrial,"Kitchen, Dining, Hallway [VERIFY]"
6842221527201,Flat,40,220,40,Metal,Easy Fit,Yellow Brass,E27,Vintage Industrial,"Kitchen, Dining, Hallway [VERIFY]"
6842221527201,Flat,40,220,40,Metal,Easy Fit,Green Brass,E27,Vintage Industrial,"Kitchen, Dining, Hallway [VERIFY]"
6842221527201,Flat,40,220,40,Metal,Easy Fit,Rustic Red,E27,Vintage Industrial,"Kitchen, Dining, Hallway [VERIFY]"
6842221527201,Flat,40,220,40,Metal,Easy Fit,Brushed Copper,E27,Vintage Industrial,"Kitchen, Dining, Hallway [VERIFY]"
6842221527201,Flat,40,220,40,Metal,Easy Fit,Black,E27,Vintage Industrial,"Kitchen, Cafe, Dining [VERIFY]"
6842221527201,Flat,40,220,40,Metal,Easy Fit,Satin Nickel,E27,Vintage Industrial,"Kitchen, Dining, Hallway [VERIFY]"
4536806146144,,,,,,,,,,
7455208014074,Temple Dome,135,320,40,Metal,Easy Fit,Cyan Blue,E27,Vintage Industrial,"Kids Room, Living Room, Kitchen [VERIFY]"
7615786451194,Dome,170,400,40,Metal,Easy Fit,White,E27,Vintage Industrial,"Kitchen, Dining, Living Room [VERIFY]"
7615786451194,Dome,170,400,40,Metal,Easy Fit,Red,E27,Vintage Industrial,"Kitchen, Dining, Living Room [VERIFY]"
7615786451194,Dome,170,400,40,Metal,Easy Fit,Orange,E27,Vintage Industrial,"Kitchen, Dining, Living Room [VERIFY]"
7615786451194,Dome,170,400,40,Metal,Easy Fit,Blue,E27,Vintage Industrial,"Kitchen, Cafe, Dining [VERIFY]"
7615786451194,Dome,170,400,40,Metal,Easy Fit,Grey,E27,Vintage Industrial,"Kitchen, Cafe, Dining [VERIFY]"
7615786451194,Dome,170,400,40,Metal,Easy Fit,Cyan Blue,E27,Vintage Industrial,"Kids Room, Living Room, Kitchen [VERIFY]"
7615786451194,Dome,170,400,40,Metal,Easy Fit,Black,E27,Vintage Industrial,"Kitchen, Cafe, Dining [VERIFY]"
7615786451194,Dome,170,400,40,Metal,Easy Fit,Yellow,E27,Vintage Industrial,"Kitchen, Dining, Living Room [VERIFY]"
7615786451194,Dome,170,400,40,Metal,Easy Fit,Navy Blue,E27,Vintage Industrial,"Kitchen, Dining, Living Room [VERIFY]"
4536795824224,,,,,,,,,,
4536795693152,,,,,,,,,,
4536806637664,,,,,,,,,,
4536806473824,,,,,,,,,,
4536795562080,,,,,,,,,,
5752972902561,,,,,,,,,,
8013147275514,Globe Shape,145,190,40,Glass,Easy Fit,Multi-Colour,E27,Contemporary Art Deco Glass,"Living Room, Hallway, Dining [VERIFY]"
8013202063610,Globe Shape,130,150,40,Glass,Easy Fit,Multi-Colour,E27,Contemporary Art Deco Glass,"Living Room, Hallway, Dining [VERIFY]"
7455207784698,Temple Dome,135,320,40,Metal,Easy Fit,Grey,E27,Vintage Industrial,"Kitchen, Cafe, Dining [VERIFY]"
5474398699681,Curvey,170,290,40,Metal,Easy Fit,Grey,E27,Vintage Industrial,"Kitchen, Cafe, Dining [VERIFY]"
8013156286714,Bell shape,115,135,40,Glass,Easy Fit,Multi-Colour,E27,Contemporary Art Deco Glass,"Living Room, Hallway, Dining [VERIFY]"
4536806670432,,,,,,,,,,
5742783922337,,,,,,,,,,
4536806539360,,,,,,,,,,
5282330738849,,,,,,,,,,
7702867771642,Teardrop,300,160,10,Metal,N/A,Green,E27,Vintage Industrial,"Kitchen, Dining, Living Room [VERIFY]"
7702888907002,Teardrop,300,160,10,Metal,N/A,Blue,E27,Vintage Industrial,"Kitchen, Dining, Living Room [VERIFY]"
7702888907002,,,,,,,,,,
7702888907002,Teardrop,300,160,10,Metal,N/A,Red,E27,Vintage Industrial,"Kitchen, Dining, Living Room [VERIFY]"
7702888907002,Teardrop,300,160,10,Metal,N/A,Orange,E27,Vintage Industrial,"Kitchen, Dining, Living Room [VERIFY]"
7702888907002,Teardrop,300,160,10,Metal,N/A,Grey,E27,Vintage Industrial,"Kitchen, Cafe, Dining [VERIFY]"
7702888907002,Teardrop,300,160,10,Metal,N/A,Green,E27,Vintage Industrial,"Kitchen, Dining, Living Room [VERIFY]"
7702888907002,Teardrop,300,160,10,Metal,N/A,Yellow,E27,Vintage Industrial,"Kitchen, Dining, Living Room [VERIFY]"
7702888907002,Teardrop,300,160,10,Metal,N/A,White,E27,Vintage Industrial,"Kitchen, Dining, Living Room [VERIFY]"
7702888907002,Teardrop,300,160,10,Metal,N/A,Black,E27,Vintage Industrial,"Kitchen, Cafe, Dining [VERIFY]"
7702888907002,Teardrop,300,160,10,Metal,N/A,Burgundy,E27,Vintage Industrial,"Kitchen, Dining, Living Room [VERIFY]"
7702867935482,Teardrop,300,160,10,Metal,N/A,White,E27,Vintage Industrial,"Kitchen, Dining, Living Room [VERIFY]"
4417288732768,,,,,,,,,,
4495624274016,,,,,,,,,,
7452902588666,Cone,80,220,40,Metal,Easy Fit,Black,E27,Vintage Industrial,"Kitchen, Cafe, Dining [VERIFY]"
7455207653626,Temple Dome,135,320,40,Metal,Easy Fit,Blue,E27,Vintage Industrial,"Kitchen, Cafe, Dining [VERIFY]"
8173292093690,Pluto,187,400,40,Metal,Easy Fit,Black,E27,Vintage Industrial,"Kitchen, Cafe, Dining [VERIFY]"
8173292093690,,,,,,,,,,
8173292093690,Pluto,187,400,40,Metal,Easy Fit,Grey,E27,Vintage Industrial,"Kitchen, Cafe, Dining [VERIFY]"
8173292093690,Pluto,187,400,40,Metal,Easy Fit,Orange,E27,Vintage Industrial,"Kitchen, Dining, Living Room [VERIFY]"
8173292093690,Pluto,187,400,40,Metal,Easy Fit,Yellow,E27,Vintage Industrial,"Kitchen, Dining, Living Room [VERIFY]"
8173292093690,Pluto,187,400,40,Metal,Easy Fit,White,E27,Vintage Industrial,"Kitchen, Dining, Living Room [VERIFY]"
8173292093690,Pluto,187,400,40,Metal,Easy Fit,Green,E27,Vintage Industrial,"Kitchen, Dining, Living Room [VERIFY]"
4536805982304,,,,,,,,,,
5742782742689,,,,,,,,,,
5282330640545,,,,,,,,,,
6842306166945,Curvey,170,290,40,Metal,Easy Fit,Red,E27,Vintage Industrial,"Kitchen, Dining, Living Room [VERIFY]"
6842306166945,Curvey,170,290,40,Metal,Easy Fit,White,E27,Vintage Industrial,"Kitchen, Dining, Living Room [VERIFY]"
6842306166945,Curvey,170,290,40,Metal,Easy Fit,Blue,E27,Vintage Industrial,"Kitchen, Dining, Living Room [VERIFY]"
6842306166945,Curvey,170,290,40,Metal,Easy Fit,Black,E27,Vintage Industrial,"Kitchen, Cafe, Dining [VERIFY]"
6842306166945,Curvey,170,290,40,Metal,Easy Fit,Green,E27,Vintage Industrial,"Kitchen, Dining, Living Room [VERIFY]"
6842306166945,Curvey,170,290,40,Metal,Easy Fit,Grey,E27,Vintage Industrial,"Kitchen, Cafe, Dining [VERIFY]"
6842306166945,Curvey,170,290,40,Metal,Easy Fit,Orange,E27,Vintage Industrial,"Kitchen, Dining, Living Room [VERIFY]"
6842306166945,Curvey,170,290,40,Metal,Easy Fit,Satin Nickel,E27,Vintage Industrial,"Kitchen, Dining, Hallway [VERIFY]"
6842306166945,Curvey,170,290,40,Metal,Easy Fit,Yellow,E27,Vintage Industrial,"Kitchen, Dining, Living Room [VERIFY]"
6842306166945,Curvey,170,290,40,Metal,Easy Fit,Chrome,E27,Vintage Industrial,"Kitchen, Dining, Hallway [VERIFY]"
6842306166945,Curvey,170,290,40,Metal,Easy Fit,Copper,E27,Vintage Industrial,"Kitchen, Dining, Hallway [VERIFY]"
5282331197601,,,,,,,,,,
7992642699514,,,,,,,,,,
8010959716602,,,,,,,,,,
8010965057786,,,,,,,,,,
4626542067808,Mug,110,150,40,Metal,Easy Fit,Blue,E27,Vintage Industrial,"Kitchen, Dining, Living Room [VERIFY]"
7452903244026,Cone,80,220,40,Metal,Easy Fit,Black,E27,Vintage Industrial,"Kitchen, Cafe, Dining [VERIFY]"
7452903145722,Cone,80,220,40,Metal,Easy Fit,Blue,E27,Vintage Industrial,"Kitchen, Dining, Living Room [VERIFY]"
7452903145722,,,,,,,,,,
4572385280096,Barn Slot,160,300,40,Metal,Easy Fit,Yellow Brass,E27,Vintage Industrial,"Kitchen, Dining, Hallway [VERIFY]"
8090718732538,,,,,,,,,,
5282439004321,Cone,100,180,40,Metal,Easy Fit,Brushed Copper,E27,Vintage Industrial,"Kitchen, Dining, Hallway [VERIFY]"
5282439004321,Cone,100,180,40,Metal,Easy Fit,Rustic Red,E27,Vintage Industrial,"Kitchen, Dining, Hallway [VERIFY]"
5282439004321,Cone,100,180,40,Metal,Easy Fit,Brushed Silver,E27,Vintage Industrial,"Kitchen, Dining, Hallway [VERIFY]"
5282439004321,Cone,100,180,40,Metal,Easy Fit,Black,E27,Vintage Industrial,"Kitchen, Cafe, Dining [VERIFY]"
4572385443936,Bowel,100,220,40,Metal,Easy Fit,Yellow Brass,E27,Vintage Industrial,"Kitchen, Dining, Hallway [VERIFY]"
4572385443936,Bowel,100,220,40,Metal,Easy Fit,French Gold,E27,Vintage Industrial,"Kitchen, Dining, Hallway [VERIFY]"
4572385443936,Bowel,100,220,40,Metal,Easy Fit,Green Brass,E27,Vintage Industrial,"Kitchen, Dining, Hallway [VERIFY]"
4572385443936,Bowel,100,220,40,Metal,Easy Fit,Chrome,E27,Vintage Industrial,"Kitchen, Dining, Hallway [VERIFY]"
4572385443936,Bowel,100,220,40,Metal,Easy Fit,Copper,E27,Vintage Industrial,"Kitchen, Dining, Hallway [VERIFY]"
4572385443936,Bowel,100,220,40,Metal,Easy Fit,Satin Nickel,E27,Vintage Industrial,"Kitchen, Dining, Hallway [VERIFY]"
4572385443936,Bowel,100,220,40,Metal,Easy Fit,Black,E27,Vintage Industrial,"Kitchen, Cafe, Dining [VERIFY]"
7452903604474,Cone,80,220,40,Metal,Easy Fit,Yellow Brass,E27,Vintage Industrial,"Kitchen, Dining, Hallway [VERIFY]"
4536806506592,,,,,,,,,,
7455209980154,Barn Slot,160,300,40,Metal,Easy Fit,Satin Nickel,E27,Vintage Industrial,"Kitchen, Dining, Hallway [VERIFY]"
4572385116256,Bowel,70,260,40,Metal,Easy Fit,Rustic Red,E27,Vintage Industrial,"Kitchen, Dining, Hallway [VERIFY]"
8021898854650,Temple Dome,135,320,40,Metal,Easy Fit,Navy Blue,E27,Vintage Industrial,"Kitchen, Dining, Living Room [VERIFY]"
8021911044346,,,,,,,,,,
8021911044346,Mosque,210,315,10,Metal,N/A,Burgundy,E27,Vintage Industrial,"Kitchen, Dining, Living Room [VERIFY]"
8021911044346,Mosque,210,315,10,Metal,N/A,Orange,E27,Vintage Industrial,"Kitchen, Dining, Living Room [VERIFY]"
8021911044346,Mosque,210,315,10,Metal,N/A,Grey,E27,Vintage Industrial,"Kitchen, Cafe, Dining [VERIFY]"
8021911044346,Mosque,210,315,10,Metal,N/A,Green,E27,Vintage Industrial,"Kitchen, Dining, Living Room [VERIFY]"
5866936696993,Dome,140,300,40,Metal,Easy Fit,Orange,E27,Vintage Industrial,"Kitchen, Dining, Living Room [VERIFY]"
5866936631457,Dome,140,300,40,Metal,Easy Fit,Red,E27,Vintage Industrial,"Kitchen, Dining, Living Room [VERIFY]"
5866936500385,Saucer Dome,70,240,40,Metal,Easy Fit,Brushed Silver,E27,Vintage Industrial,"Kitchen, Dining, Hallway [VERIFY]"
5866936500385,,,,,,,,,,
6842397687969,Dome,140,300,40,Metal,Easy Fit,Grey,E27,Vintage Industrial,"Kitchen, Cafe, Dining [VERIFY]"
6842397687969,Dome,140,300,40,Metal,Easy Fit,Blue,E27,Vintage Industrial,"Kitchen, Cafe, Dining [VERIFY]"
6842397687969,Dome,140,300,40,Metal,Easy Fit,Black,E27,Vintage Industrial,"Kitchen, Cafe, Dining [VERIFY]"
6842397687969,Dome,140,300,40,Metal,Easy Fit,Orange,E27,Vintage Industrial,"Kitchen, Dining, Living Room [VERIFY]"
6842397687969,Dome,140,300,40,Metal,Easy Fit,Rose Gold,E27,Vintage Industrial,"Kitchen, Dining, Hallway [VERIFY]"
6842397687969,Dome,140,300,40,Metal,Easy Fit,Red,E27,Vintage Industrial,"Kitchen, Dining, Living Room [VERIFY]"
6842397687969,Dome,140,300,40,Metal,Easy Fit,Satin Nickel,E27,Vintage Industrial,"Kitchen, Dining, Hallway [VERIFY]"
6842397687969,Dome,140,300,40,Metal,Easy Fit,White,E27,Vintage Industrial,"Kitchen, Dining, Living Room [VERIFY]"
7691129946362,Mug,110,150,40,Metal,Easy Fit,Black,E27,Vintage Industrial,"Kitchen, Cafe, Dining [VERIFY]"
7691129749754,Mug,110,150,40,Metal,Easy Fit,Blue,E27,Vintage Industrial,"Kitchen, Cafe, Dining [VERIFY]"
7691129422074,Mug,110,150,40,Metal,Easy Fit,Green,E27,Vintage Industrial,"Kitchen, Dining, Living Room [VERIFY]"
7691129651450,,,,,,,,,,
4495624175712,,,,,,,,,,
4495624437856,,,,,,,,,,
4572385869920,Fluted / Hammered Dome,165,260,40,Metal,Easy Fit,Satin Nickel,E27,Vintage Industrial,"Kitchen, Dining, Hallway [VERIFY]"
4572385771616,Fluted / Hammered Dome,165,260,40,Metal,Easy Fit,Yellow Brass,E27,Vintage Industrial,"Kitchen, Dining, Hallway [VERIFY]"
4572385771616,Fluted / Hammered Dome,165,260,40,Metal,Easy Fit,Green Brass,E27,Vintage Industrial,"Kitchen, Dining, Hallway [VERIFY]"
4572385771616,Fluted / Hammered Dome,165,260,40,Metal,Easy Fit,Chrome,E27,Vintage Industrial,"Kitchen, Dining Room, Hallway"
4572385771616,Fluted / Hammered Dome,165,260,40,Metal,Easy Fit,Copper,E27,Vintage Industrial,"Kitchen, Dining, Hallway [VERIFY]"
4572385771616,Fluted / Hammered Dome,165,260,40,Metal,Easy Fit,Satin Nickel,E27,Vintage Industrial,"Kitchen, Dining, Hallway [VERIFY]"
4536806408288,,,,,,,,,,
8021898264826,Bowel,140,360,40,Metal,Easy Fit,Yellow,E27,Vintage Industrial,"Kitchen, Dining, Living Room [VERIFY]"
8021902819578,Bowel,140,360,40,Metal,Easy Fit,Yellow,E27,Vintage Industrial,"Kitchen, Dining, Living Room [VERIFY]"
8021902819578,Bowel,140,360,40,Metal,Easy Fit,Orange,E27,Vintage Industrial,"Kitchen, Dining, Living Room [VERIFY]"
8021902819578,Bowel,140,360,40,Metal,Easy Fit,Blue,E27,Vintage Industrial,"Kitchen, Cafe, Dining [VERIFY]"
8021902819578,Bowel,140,360,40,Metal,Easy Fit,Green,E27,Vintage Industrial,"Kitchen, Dining, Living Room [VERIFY]"
8021902819578,Bowel,140,360,40,Metal,Easy Fit,Navy Blue,E27,Vintage Industrial,"Kitchen, Dining, Living Room [VERIFY]"
8021902819578,Bowel,140,360,40,Metal,Easy Fit,Brushed Silver,E27,Vintage Industrial,"Kitchen, Dining, Hallway [VERIFY]"
8021902819578,Bowel,140,360,40,Metal,Easy Fit,Burgundy,E27,Vintage Industrial,"Kitchen, Dining, Living Room [VERIFY]"
8021902819578,Bowel,140,360,40,Metal,Easy Fit,Grey,E27,Vintage Industrial,"Kitchen, Cafe, Dining [VERIFY]"
8021902819578,Bowel,140,360,40,Metal,Easy Fit,Brushed Copper,E27,Vintage Industrial,"Kitchen, Dining, Hallway [VERIFY]"
8021902819578,Bowel,140,360,40,Metal,Easy Fit,Cyan Blue,E27,Vintage Industrial,"Kids Room, Living Room, Kitchen [VERIFY]"
8021902819578,Bowel,140,360,40,Metal,Easy Fit,Black,E27,Vintage Industrial,"Kitchen, Cafe, Dining [VERIFY]"
8021902819578,Bowel,140,360,40,Metal,Easy Fit,White,E27,Vintage Industrial,"Kitchen, Dining, Living Room [VERIFY]"
8021902819578,Bowel,140,360,40,Metal,Easy Fit,Rustic Red,E27,Vintage Industrial,"Kitchen, Dining, Hallway [VERIFY]"
8021902819578,Bowel,140,360,40,Metal,Easy Fit,Red,E27,Vintage Industrial,"Kitchen, Dining, Living Room [VERIFY]"
4536806375520,,,,,,,,,,
8005785288954,Decorative Glass Lampshade,120,160,40,Glass,Easy Fit,Blue & White,E27,Contemporary Art Deco Glass,"Living Room, Hallway, Dining [VERIFY]"
8005785288954,Decorative Glass Lampshade,120,160,40,Glass,Easy Fit,Multi-Colour,E27,Contemporary Art Deco Glass,"Living Room, Hallway, Dining [VERIFY]"
8005785288954,,,,,,,,,,
8162856403194,Wide / Truncated Cone,143,360,40,Metal,Easy Fit,White,E27,Vintage Industrial,"Kitchen, Dining, Living Room [VERIFY]"
8162856403194,,,,,,,,,,
8162856403194,Wide / Truncated Cone,143,360,40,Metal,Easy Fit,Yellow,E27,Vintage Industrial,"Kitchen, Dining, Living Room [VERIFY]"
8162856403194,Wide / Truncated Cone,143,360,40,Metal,Easy Fit,Grey,E27,Vintage Industrial,"Kitchen, Cafe, Dining [VERIFY]"
8162856403194,Wide / Truncated Cone,143,360,40,Metal,Easy Fit,Green,E27,Vintage Industrial,"Kitchen, Dining, Living Room [VERIFY]"
8162856403194,Wide / Truncated Cone,143,360,40,Metal,Easy Fit,Orange,E27,Vintage Industrial,"Kitchen, Dining, Living Room [VERIFY]"
8162856403194,Wide / Truncated Cone,143,360,40,Metal,Easy Fit,Black,E27,Vintage Industrial,"Kitchen, Cafe, Dining [VERIFY]"
8005774409978,Globe Shape,105,150,40,Glass,Easy Fit,Multi-Colour,E27,Contemporary Art Deco Glass,"Living Room, Dining [VERIFY]"
8005774409978,,,,,,,,,,
4417293221984,,,,,,,,,,
5294722089121,Cone,110,250,40,Glass,Easy Fit,Amber / Warm Tone,E27,Contemporary Art Deco Glass,"Living Room, Dining [VERIFY]"
8009117368570,,,,,,,,,,
5866936369313,Saucer Dome,70,240,40,Metal,Easy Fit,Black,E27,Vintage Industrial,"Kitchen, Cafe, Dining [VERIFY]"
5866936369313,Saucer Dome,70,240,40,Metal,Easy Fit,Rustic Red,E27,Vintage Industrial,"Kitchen, Dining, Hallway [VERIFY]"
5866936369313,Saucer Dome,70,240,40,Metal,Easy Fit,Brushed Copper,E27,Vintage Industrial,"Kitchen, Dining, Hallway [VERIFY]"
5866936369313,Saucer Dome,70,240,40,Metal,Easy Fit,Brushed Silver,E27,Vintage Industrial,"Kitchen, Dining, Hallway [VERIFY]"
5866936369313,Saucer Dome,70,240,40,Metal,Easy Fit,Brushed Brass,E27,Vintage Industrial,"Kitchen, Dining, Hallway [VERIFY]"
8022239478010,Cone,80,220,40,Metal,Easy Fit,Rose Gold,E27,Vintage Industrial,"Kitchen, Dining, Hallway [VERIFY]"
8022239478010,Cone,80,220,40,Metal,Easy Fit,Yellow Brass,E27,Vintage Industrial,"Kitchen, Dining, Hallway [VERIFY]"
8022239478010,Cone,80,220,40,Metal,Easy Fit,Green Brass,E27,Vintage Industrial,"Kitchen, Dining, Hallway [VERIFY]"
8022239478010,Cone,100,180,40,Metal,[VERIFY],Chrome,[VERIFY],Vintage Industrial,"Kitchen, Dining Room, Hallway"
8022239478010,Cone,80,220,40,Metal,Easy Fit,Copper,E27,Vintage Industrial,"Kitchen, Dining, Hallway [VERIFY]"
8022239478010,Cone,80,220,40,Metal,Easy Fit,Satin Nickel,E27,Vintage Industrial,"Kitchen, Dining, Hallway [VERIFY]"
8173344653562,Wide Cone,110,400,40,Metal,Easy Fit,Black,E27,Vintage Industrial,"Kitchen, Cafe, Dining [VERIFY]"
8173344653562,,,,,,,,,,
8173344653562,Wide Cone,110,400,40,Metal,Easy Fit,Orange,E27,Vintage Industrial,"Kitchen, Dining, Living Room [VERIFY]"
8173344653562,Wide Cone,110,400,40,Metal,Easy Fit,White,E27,Vintage Industrial,"Kitchen, Dining, Living Room [VERIFY]"
8173344653562,Wide Cone,110,400,40,Metal,Easy Fit,Green,E27,Vintage Industrial,"Kitchen, Dining, Living Room [VERIFY]"
8173344653562,Wide Cone,110,400,40,Metal,Easy Fit,Yellow,E27,Vintage Industrial,"Kitchen, Dining, Living Room [VERIFY]"
8173344653562,Wide Cone,110,400,40,Metal,Easy Fit,Grey,E27,Vintage Industrial,"Kitchen, Cafe, Dining [VERIFY]"
5294722318497,Temple- Dome,155,280,40,Glass,Easy Fit,Amber / Warm Tone,E27,Contemporary Art Deco Glass,"Living Room, Dining [VERIFY]"
5753048727713,,,,,,,,,,
5866683498657,,,,,,,,,,
5556566655137,,,,,,,,,,
5347300966561,Cone,80,220,40,Metal,Easy Fit,Black,E27,Vintage Industrial,"Kitchen, Cafe, Dining [VERIFY]"
5347300966561,Cone,80,220,40,Metal,Easy Fit,Yellow Brass,E27,Vintage Industrial,"Kitchen, Dining, Hallway [VERIFY]"
5347300966561,Cone,80,220,40,Metal,Easy Fit,Green Brass,E27,Vintage Industrial,"Kitchen, Dining, Hallway [VERIFY]"
5347300966561,Cone,80,220,40,Metal,Easy Fit,French Gold,E27,Vintage Industrial,"Kitchen, Dining, Hallway [VERIFY]"
5347300966561,Cone,80,220,40,Metal,Easy Fit,Rose Gold,E27,Vintage Industrial,"Kitchen, Dining, Hallway [VERIFY]"
5347300966561,Cone,80,220,40,Metal,Easy Fit,Copper,E27,Vintage Industrial,"Kitchen, Dining, Hallway [VERIFY]"
5347300966561,Cone,80,220,40,Metal,Easy Fit,White,E27,Vintage Industrial,"Kitchen, Dining, Living Room [VERIFY]"
5347300966561,Cone,80,220,40,Metal,Easy Fit,Chrome,E27,Vintage Industrial,"Kitchen, Dining, Hallway [VERIFY]"
5347300966561,Cone,80,220,40,Metal,Easy Fit,Blue,E27,Vintage Industrial,"Kitchen, Dining, Living Room [VERIFY]"
5347300966561,Cone,80,220,40,Metal,Easy Fit,Yellow,E27,Vintage Industrial,"Kitchen, Dining, Living Room [VERIFY]"
5347300966561,Cone,80,220,40,Metal,Easy Fit,Pink,E27,Vintage Industrial,"Kitchen, Cafe, Dining [VERIFY]"
5347300966561,Cone,80,220,40,Metal,Easy Fit,Brushed Copper,E27,Vintage Industrial,"Kitchen, Dining, Hallway [VERIFY]"
5347300966561,Cone,80,220,40,Metal,Easy Fit,Brushed Brass,E27,Vintage Industrial,"Kitchen, Dining, Hallway [VERIFY]"
5347300966561,Cone,80,220,40,Metal,Easy Fit,Navy Blue,E27,Vintage Industrial,"Kitchen, Dining, Living Room [VERIFY]"
5347300966561,Cone,80,220,40,Metal,Easy Fit,Burgundy,E27,Vintage Industrial,"Kitchen, Dining, Living Room [VERIFY]"
5347300966561,Cone,80,220,40,Metal,Easy Fit,Orange,E27,Vintage Industrial,"Kitchen, Dining, Living Room [VERIFY]"
5347300966561,Cone,80,220,40,Metal,Easy Fit,Brushed Silver,E27,Vintage Industrial,"Kitchen, Dining, Hallway [VERIFY]"
5347300966561,Cone,80,220,40,Metal,Easy Fit,Satin Nickel,E27,Vintage Industrial,"Kitchen, Dining, Hallway [VERIFY]"
5347300966561,Cone,80,220,40,Metal,Easy Fit,Grey,E27,Vintage Industrial,"Kitchen, Cafe, Dining [VERIFY]"
5347300966561,Cone,80,220,40,Metal,Easy Fit,Green,E27,Vintage Industrial,"Kitchen, Dining, Living Room [VERIFY]"
5347300966561,Cone,80,220,40,Metal,Easy Fit,Brown,E27,Vintage Industrial,"Kitchen, Cafe, Dining [VERIFY]"
5347300966561,Cone,80,220,40,Metal,Easy Fit,Rustic Red,E27,Vintage Industrial,"Kitchen, Dining, Hallway [VERIFY]"
5347300966561,Cone,80,220,40,Metal,Easy Fit,Red,E27,Vintage Industrial,"Kitchen, Dining, Living Room [VERIFY]"
4417288470624,,,,,,,,,,
4572386033760,Curvey,170,290,40,Metal,Easy Fit,Copper,E27,Vintage Industrial,"Kitchen, Dining, Hallway [VERIFY]"
5294722252961,Flat,55,210,40,Glass,Easy Fit,Amber / Warm Tone,E27,Contemporary Art Deco Glass,"Living Room, Dining [VERIFY]"
5482307649697,Bowel,100,220,40,Metal,Easy Fit,Copper,E27,Vintage Industrial,"Kitchen, Dining, Hallway [VERIFY]"
5474398765217,Curvey,170,290,40,Metal,Easy Fit,White,E27,Vintage Industrial,"Kitchen, Dining, Living Room [VERIFY]"
8565777957114,Cylinder Dome,170,100,40,Glass,Easy Fit,Copper / Clear,E27,Contemporary Art Deco Glass,[VERIFY  conflicting source data]
8565777957114,,,,,,,,,,
6894937866401,,,,,,,,,,
8021911044346,Mosque,210,315,10,Metal,N/A,Black,E27,Vintage Industrial,"Kitchen, Cafe, Dining [VERIFY]"
6842390708385,Dome,100,210,40,Metal,Easy Fit,Grey,E27,Vintage Industrial,"Kitchen, Cafe, Dining [VERIFY]"
6842390708385,Dome,100,210,40,Metal,Easy Fit,White,E27,Vintage Industrial,"Kitchen, Dining, Living Room [VERIFY]"
5474398535841,Curvey,170,290,40,Metal,Easy Fit,Brushed Silver,E27,Vintage Industrial,"Kitchen, Dining, Hallway [VERIFY]"
5474398535841,Curvey,170,290,40,Metal,Easy Fit,Brushed Copper,E27,Vintage Industrial,"Kitchen, Dining, Hallway [VERIFY]"
5474398535841,Curvey,170,290,40,Metal,Easy Fit,Brushed Brass,E27,Vintage Industrial,"Kitchen, Dining, Hallway [VERIFY]"
5474398535841,Curvey,170,290,40,Metal,Easy Fit,Rustic Red,E27,Vintage Industrial,"Kitchen, Dining, Hallway [VERIFY]"
5474398535841,Curvey,170,290,40,Metal,Easy Fit,Yellow Brass,E27,Vintage Industrial,"Kitchen, Dining, Hallway [VERIFY]"
5474398535841,Curvey,170,290,40,Metal,Easy Fit,Green Brass,E27,Vintage Industrial,"Kitchen, Dining, Hallway [VERIFY]"
7455210569978,Barn Slot,160,300,40,Metal,Easy Fit,Black,E27,Vintage Industrial,"Kitchen, Cafe, Dining [VERIFY]"
7455210569978,Barn Slot,160,300,40,Metal,Easy Fit,White,E27,Vintage Industrial,"Kitchen, Dining, Living Room [VERIFY]"
7455210569978,Barn Slot,160,300,40,Metal,Easy Fit,Yellow,E27,Vintage Industrial,"Kitchen, Dining, Living Room [VERIFY]"
7455210569978,Barn Slot,160,300,40,Metal,Easy Fit,Red,E27,Vintage Industrial,"Kitchen, Dining, Living Room [VERIFY]"
7455210569978,Barn Slot,160,300,40,Metal,Easy Fit,Green,E27,Vintage Industrial,"Kitchen, Dining, Living Room [VERIFY]"
7455210569978,Barn Slot,160,300,40,Metal,Easy Fit,Blue,E27,Vintage Industrial,"Kitchen, Dining, Living Room [VERIFY]"
7455210569978,Barn Slot,160,300,40,Metal,Easy Fit,Grey,E27,Vintage Industrial,"Kitchen, Cafe, Dining [VERIFY]"
7455210569978,Barn Slot,160,300,40,Metal,Easy Fit,Copper,E27,Vintage Industrial,"Kitchen, Dining, Hallway [VERIFY]"
14892327797122,Half Round,130,150,40,Metal,Easy Fit,Black,E27,Vintage Industrial,"Kitchen, Cafe, Dining [VERIFY]"
14892327797122,Half Round,130,150,40,Metal,Easy Fit,White,E27,Vintage Industrial,"Kitchen, Dining, Living Room [VERIFY]"
14892327797122,Half Round,130,150,40,Metal,Easy Fit,Grey,E27,Vintage Industrial,"Kitchen, Cafe, Dining [VERIFY]"
14892327797122,Half Round,130,150,40,Metal,Easy Fit,Pink,E27,Vintage Industrial,"Kitchen, Cafe, Dining [VERIFY]"
14892327797122,Half Round,130,150,40,Metal,Easy Fit,Red,E27,Vintage Industrial,"Kitchen, Dining, Living Room [VERIFY]"
14892327797122,Half Round,130,150,40,Metal,Easy Fit,Orange,E27,Vintage Industrial,"Kitchen, Dining, Living Room [VERIFY]"
14892327797122,Half Round,130,150,40,Metal,Easy Fit,Yellow,E27,Vintage Industrial,"Kitchen, Dining, Living Room [VERIFY]"
14892327797122,Half Round,130,150,40,Metal,Easy Fit,Green,E27,Vintage Industrial,"Kitchen, Dining, Living Room [VERIFY]"
14892327797122,Half Round,130,150,40,Metal,Easy Fit,Cyan Blue,E27,Vintage Industrial,"Kids Room, Living Room, Kitchen [VERIFY]"
14892327797122,Half Round,130,150,40,Metal,Easy Fit,Burgundy,E27,Vintage Industrial,"Kitchen, Dining, Living Room [VERIFY]"
14892327797122,Half Round,120,160,40,Metal,Easy Fit,Black,E27,Vintage Industrial,"Kitchen, Cafe, Dining [VERIFY]"
8021902819578,Bowel,100,360,40,Metal,Easy Fit,Black,E27,Vintage Industrial,"Kitchen, Cafe, Dining [VERIFY]"
14919938539906,,,,,,,,,,
14919945650562,,,,,,,,,,
14929096540546,,,,,,,,,,
14934467281282,Dome,170,400,40,Metal,Easy Fit,Yellow,E27,Vintage Industrial,"Kitchen, Dining, Living Room [VERIFY]"
14934467281282,Dome,170,400,40,Metal,Easy Fit,Black,E27,Vintage Industrial,"Kitchen, Dining, Living Room [VERIFY]"
14934485369218,Cone,100,180,40,Metal,Easy Fit,Rustic Red,E27,Vintage Industrial,"Kitchen, Dining, Hallway [VERIFY]"
14934485369218,Cone,100,180,40,Metal,Easy Fit,Brushed Silver,E27,Vintage Industrial,"Kitchen, Dining, Hallway [VERIFY]"
14934485369218,Cone,100,180,40,Metal,Easy Fit,Brushed Copper,E27,Vintage Industrial,"Kitchen, Dining, Hallway [VERIFY]"
14934638199170,Cone,80,220,40,Metal,Easy Fit,Black,E27,Vintage Industrial,"Kitchen, Cafe, Dining [VERIFY]"
14934638199170,Cone,80,220,40,Metal,Easy Fit,Brushed Brass,E27,Vintage Industrial,"Kitchen, Dining, Hallway [VERIFY]"
14934638199170,Cone,80,220,40,Metal,Easy Fit,Rustic Red,E27,Vintage Industrial,"Kitchen, Dining, Hallway [VERIFY]"
14934663922050,Mosque,210,315,10,Metal,N/A,Blue,E27,Vintage Industrial,"Kitchen, Dining, Living Room [VERIFY]"
14934663922050,Mosque,210,315,10,Metal,N/A,Yellow,E27,Vintage Industrial,"Kitchen, Dining, Living Room [VERIFY]"
14934663922050,Mosque,210,315,10,Metal,N/A,White,E27,Vintage Industrial,"Kitchen, Dining, Living Room [VERIFY]"
14934663922050,,,,,,,,,,
14934663922050,Mosque,210,315,10,Metal,N/A,Black,E27,Vintage Industrial,"Kitchen, Cafe, Dining [VERIFY]"
15059906789762,,,,,,,,,,
14819787506050,,,,,,,,,,
15260005171586,Bowl,90,245,40,Glass,Easy Fit,Green,E27,Contemporary Art Deco Glass,"Living Room, Dining [VERIFY]"
15260005171586,Bowl,90,245,40,Glass,Easy Fit,Blue,E27,Contemporary Art Deco Glass,"Living Room, Dining, Bedroom [VERIFY]"
15260005171586,Bowl,90,245,40,Glass,Easy Fit,Purple / Violet,E27,Contemporary Art Deco Glass,"Living Room, Dining, Bedroom [VERIFY]"
15260005171586,Bowl,90,245,40,Glass,Easy Fit,Amber / Warm Tone,E27,Contemporary Art Deco Glass,"Living Room, Dining, Bedroom [VERIFY]"
15260812935554,Curvey,170,290,40,Metal,Easy Fit,Blue,E27,Vintage Industrial,"Kitchen, Cafe, Dining [VERIFY]"
15260812935554,Curvey,170,290,40,Metal,Easy Fit,Yellow,E27,Vintage Industrial,"Kitchen, Dining, Living Room [VERIFY]"
15260812935554,Curvey,170,290,40,Metal,Easy Fit,Red,E27,Vintage Industrial,"Kitchen, Dining, Living Room [VERIFY]"
15260812935554,Curvey,170,290,40,Metal,Easy Fit,Orange,E27,Vintage Industrial,"Kitchen, Dining, Living Room [VERIFY]"
15260812935554,Curvey,170,290,40,Metal,Easy Fit,Green,E27,Vintage Industrial,"Kitchen, Dining, Living Room [VERIFY]"
15260812935554,Curvey,170,290,40,Metal,Easy Fit,White,E27,Vintage Industrial,"Kitchen, Dining, Living Room [VERIFY]"
15260844720514,,,,,,,,,,
15260844720514,Cone,125,240,40,Metal,Easy Fit,Black,E27,Vintage Industrial,"Kitchen, Cafe, Dining [VERIFY]"
15260848062850,Curvey,170,290,40,Metal,Easy Fit,Cyan Blue,E27,Vintage Industrial,"Kids Room, Living Room, Kitchen [VERIFY]"
15260848062850,Curvey,170,290,40,Metal,Easy Fit,Black,E27,Vintage Industrial,"Kitchen, Cafe, Dining [VERIFY]"
15260848062850,Curvey,170,290,40,Metal,Easy Fit,Burgundy,E27,Vintage Industrial,"Kitchen, Dining, Living Room [VERIFY]"
15260848062850,Curvey,170,290,40,Metal,Easy Fit,Gold,E27,Vintage Industrial,"Kitchen, Cafe, Dining [VERIFY]"
15260848062850,Curvey,170,290,40,Metal,Easy Fit,Navy Blue,E27,Vintage Industrial,"Kitchen, Dining, Living Room [VERIFY]"
15260934177154,Tapered Cone,145,160,40,Glass,Easy Fit,Silver / Chrome,E27,Contemporary Art Deco Glass,"Living Room, Dining, Bedroom [VERIFY]"
15260936831362,Stripped,95,120,40,Glass,Easy Fit,Clear / Transparent,E27,Contemporary Art Deco Glass,"Kitchen, Dining, Hallway [VERIFY]"
15263658180994,Dome,110,200,40,Glass,Easy Fit,White & Warm Amber,E27,Contemporary Art Deco Glass,"Living Room, Dining, Bedroom [VERIFY]"
15263658180994,Dome,90,180,40,Glass,Easy Fit,White & Warm Amber,E27,Contemporary Art Deco Glass,"Living Room, Dining, Bedroom [VERIFY]"
15263751340418,Temple Dome,135,320,40,Metal,Easy Fit,Green,E27,Vintage Industrial,"Kitchen, Dining, Living Room [VERIFY]"
15263751340418,Temple Dome,135,320,40,Metal,Easy Fit,White,E27,Vintage Industrial,"Kitchen, Dining, Living Room [VERIFY]"
15269014962562,Bell Jar,155,145,40,Glass,Easy Fit,Amber / Warm Tone,E27,Contemporary Art Deco Glass,"Living Room, Dining [VERIFY]"
15269017223554,Bell,130,-,40,Glass,Easy Fit,White & Amber,E27,Contemporary Art Deco Glass,"Living Room, Hallway, Dining [VERIFY]"
15269017354626,Decorative Bell,100,170,40,Glass,Easy Fit,Amber / Warm Tone,E27,Contemporary Art Deco Glass,"Living Room, Dining, Bedroom [VERIFY]"
15273974301058,Dome,160,260,10,Metal,N/A,Antique / Bronze,E27,Vintage Industrial,"Kitchen, Cafe, Dining [VERIFY]"
15273985540482,Dome,165,120,10,Metal,N/A,Antique / Bronze,E27,Vintage Industrial,"Kitchen, Cafe, Dining [VERIFY]"
15280059023746,Bell Jar,230,145,40,Glass,Easy Fit,Clear / Transparent,E27,Contemporary Art Deco Glass,"Kitchen, Dining, Hallway [VERIFY]"
15297567916418,,,,,,,,,,
15319604593026,,,,,,,,,,
15319604822402,,,,,,,,,,
15260812935554,Curvey,170,290,40,Metal,Easy Fit,Grey,E27,Vintage Industrial,"Kitchen, Cafe, Dining [VERIFY]"
15325851910530,Half Round,130,150,40,Metal,Easy Fit,Grey,E27,Vintage Industrial,"Kitchen, Cafe, Dining [VERIFY]"
15325851910530,Half Round,130,150,40,Metal,Easy Fit,Burgundy,E27,Vintage Industrial,"Kitchen, Dining, Living Room [VERIFY]"
15325851910530,Half Round,130,150,40,Metal,Easy Fit,Orange,E27,Vintage Industrial,"Kitchen, Dining, Living Room [VERIFY]"
15325851910530,Half Round,130,150,40,Metal,Easy Fit,White,E27,Vintage Industrial,"Kitchen, Dining, Living Room [VERIFY]"
15325851910530,Half Round,130,150,40,Metal,Easy Fit,Blue,E27,Vintage Industrial,"Kitchen, Dining, Living Room [VERIFY]"
15325851910530,Half Round,130,150,40,Metal,Easy Fit,Black,E27,Vintage Industrial,"Kitchen, Cafe, Dining [VERIFY]"
15325851910530,Half Round,130,150,40,Metal,Easy Fit,Green,E27,Vintage Industrial,"Kitchen, Dining, Living Room [VERIFY]"
15325851910530,Half Round,130,150,40,Metal,Easy Fit,Pink,E27,Vintage Industrial,"Kitchen, Cafe, Dining [VERIFY]"
15325851910530,Half Round,130,150,40,Metal,Easy Fit,Red,E27,Vintage Industrial,"Kitchen, Dining, Living Room [VERIFY]"
15325851910530,Half Round,130,150,40,Metal,Easy Fit,Yellow,E27,Vintage Industrial,"Kitchen, Dining, Living Room [VERIFY]"
5474398437537,Curvey,170,290,40,Metal,Easy Fit,Black,E27,Vintage Industrial,"Kitchen, Cafe, Dining [VERIFY]"
15364654498178,,,,,,,,,,
15364740809090,Dome,355,325,40,Natural Rope,Easy Fit,Black & Natural,E27,Bohemian / Boho,"Living Room, Bedroom, Conservatory [VERIFY]"
