product_id,product_title,sku,variant_title,apr_units,apr_rev,may_units,may_rev,jun_units,jun_rev,jul_units,jul_rev,aug_units,aug_rev,sep_units,sep_rev,total_units,total_rev
14874199490946,E27 ES Bulb Holder Batten Lamp Fitting Threaded 20mm Conduit Pipe Socket-5585,LHCTOSN,E27 ES Bulb Holder Batten Lamp Fitting Threaded 20mm Conduit Pipe Socket-5585 - Satin Nickel,67,488.43,42,306.18,26,189.54,118,860.22,36,262.44,17,123.93,306,2230.74
14821925781890,M20 Metric Male to M10 Female Thread Bush Reducing Conduit Pipe Connector-5561,PCBSM2FBM,M20 Metric Male to M10 Female Thread Bush Reducing Conduit Pipe Connector-5561 - Black,25,31.25,11,18.05,95,120.47,10,12.50,37,46.25,72,90.00,250,318.52
14823229260162,20mm Conduit Dome Cover Conduit Fitting 20mm Nominal Size -5564,PCDO20WH,20mm Conduit Dome Cover Conduit Fitting 20mm Nominal Size -5564 - White,6,8.70,28,40.60,0,0.00,14,20.30,19,27.55,65,94.25,132,191.40
14874199490946,E27 ES Bulb Holder Batten Lamp Fitting Threaded 20mm Conduit Pipe Socket-5585,LHCTOCO,E27 ES Bulb Holder Batten Lamp Fitting Threaded 20mm Conduit Pipe Socket-5585 - Copper,3,21.87,4,29.16,1,7.29,81,590.49,33,240.57,5,36.45,127,925.83
8633541427450,20mm Diameter Black Steel Round Pipe Female thread conduit lighting ~5757,PCFT800BA,20mm Diameter Black Steel Round Conduit Pipe  Female thread conduit lighting ~5757 - 80cm,70,384.30,56,307.44,1,5.49,0,0.00,0,0.00,0,0.00,127,697.23
8649884762362,E27 ES Threaded 20mm Conduit Pipe Lamp Holder Bulb Fitting Socket ~5540,LHTOE27SN,20mm E27 Thread Holder for Conduit Light ~5540 - Satin Nickel,42,268.92,65,415.35,18,115.02,0,0.00,0,0.00,0,0.00,125,799.29
14823229260162,20mm Conduit Dome Cover Conduit Fitting 20mm Nominal Size -5564,PCDO20BM,20mm Conduit Dome Cover Conduit Fitting 20mm Nominal Size -5564 - Black,22,30.58,21,29.19,10,14.19,15,20.85,20,28.36,18,25.02,106,148.19
8651552686330,M20 20mm Conduit Galvanized Steel Connector Conduit Fitting ~5542,PCGZ20NL,M20 20mm Conduit Galvanized Steel Connector Conduit Fitting ~5542 - 1 PACK,1,0.89,36,32.04,13,11.57,23,20.47,18,16.02,10,8.90,101,89.89
14874199490946,E27 ES Bulb Holder Batten Lamp Fitting Threaded 20mm Conduit Pipe Socket-5585,LHCTOYB,E27 ES Bulb Holder Batten Lamp Fitting Threaded 20mm Conduit Pipe Socket-5585 - Yellow Brass,35,232.75,11,73.15,12,79.80,28,186.20,8,53.20,7,46.55,101,671.65
14881058324866,Rotatable Metal Wall Spotlight GU10 Conduit Light Fixture ~ 5642,ENC8046,Rotatable Metal Wall Spotlight GU10 Conduit Light Fixture ~ 5642 - White,17,207.23,14,170.66,39,475.41,8,97.52,15,182.85,8,97.52,101,1231.19
8633541427450,20mm Diameter Black Steel Round Pipe Female thread conduit lighting ~5757,PCFT800BA,20mm Diameter Black Steel Round Pipe Female thread conduit lighting ~5757 - 80cm,0,0.00,0,0.00,24,133.26,10,54.90,40,223.74,21,115.29,95,527.19
8633541427450,20mm Diameter Black Steel Round Pipe Female thread conduit lighting ~5757,PCFT500BA,20mm Diameter Black Steel Round Pipe Female thread conduit lighting ~5757 - 50cm,0,0.00,0,0.00,12,48.44,3,11.97,32,128.18,30,119.70,77,308.29
14819408216450,"Conduit Fittings, L T Connectors, Saddles Accessories ~5554",PCBM20DS,"Conduit Fittings, L T Connectors, Saddles Accessories ~5554 - 20mm Saddle Mount",0,0.00,0,0.00,0,0.00,0,0.00,50,99.50,22,43.78,72,143.28
8633541427450,20mm Diameter Black Steel Round Pipe Female thread conduit lighting ~5757,PCFT200BA,20mm Diameter Black Steel Round Pipe Female thread conduit lighting ~5757 - 20cm,0,0.00,0,0.00,7,15.33,15,32.85,27,60.49,22,48.18,71,156.85
8651485544698,20mm Conduit Pipe Installation for 25mm Conduit Distance Saddle Mount ~5541,PCBM25DSBM,20mm Conduit Pipe Installation for 25mm Conduit Distance Saddle Mount ~5541 - Black,8,15.92,47,93.53,14,30.10,0,0.00,0,0.00,0,0.00,69,139.55
14821925781890,M20 Metric Male to M10 Female Thread Bush Reducing Conduit Pipe Connector-5561,PCBSM2FWH,M20 Metric Male to M10 Female Thread Bush Reducing Conduit Pipe Connector-5561 - White,11,13.75,49,61.25,0,0.00,0,0.00,0,0.00,0,0.00,60,75.00
14879664472450,Cylinder Adjustable Ceiling Spotlight for Conduit Lighting~5633,CRFF65YB+LHTTAGU10YB+LDGU10WW5,Cylinder Adjustable Ceiling Spotlight for Conduit Lighting~5633 - Yellow Brass,0,0.00,4,43.96,24,263.76,8,87.92,3,32.97,21,230.79,60,659.40
8649874997498,E27 Bulb Lamp Holders M20 Entry Lamp Holder Conduit Light Socket ~ 5539,LHPOE27BM,E27 Bulb Holders M20 Conduit Entry Lamp Holder Conduit Light Socket ~5539 - Black,4,19.40,54,261.90,1,4.85,0,0.00,0,0.00,0,0.00,59,286.15
8633541427450,20mm Diameter Black Steel Round Pipe Female thread conduit lighting ~5757,PCFT500BA,20mm Diameter Black Steel Round Conduit Pipe  Female thread conduit lighting ~5757 - 50cm,37,147.63,21,83.79,0,0.00,0,0.00,0,0.00,0,0.00,58,231.42
8633541427450,20mm Diameter Black Steel Round Pipe Female thread conduit lighting ~5757,PCFT300BA,20mm Diameter Black Steel Round Pipe Female thread conduit lighting ~5757 - 30cm,0,0.00,0,0.00,2,4.98,13,32.37,20,53.36,19,47.31,54,138.02
8651637883130,Electric Terminal Box Galvanized Steel Conduit Lighting Box Fitting~5543,PCGZ20MT,Electric Terminal Box Galvanized Steel Conduit Lighting Box Fitting~5543 - 1 Way / 1 Pack,12,17.88,9,13.41,8,12.68,5,7.45,9,13.41,6,8.94,49,73.77
14823229260162,20mm Conduit Dome Cover Conduit Fitting 20mm Nominal Size -5564,PCDO20SN,20mm Conduit Dome Cover Conduit Fitting 20mm Nominal Size -5564 - Satin Nickel,2,4.90,0,0.00,0,0.00,9,22.05,34,85.38,4,9.80,49,122.13
14821925781890,M20 Metric Male to M10 Female Thread Bush Reducing Conduit Pipe Connector-5561,PCBSM2FYB,M20 Metric Male to M10 Female Thread Bush Reducing Conduit Pipe Connector-5561 - Yellow Brass,0,0.00,20,31.00,5,7.75,2,3.10,21,32.55,0,0.00,48,74.40
14874202472834,Conduit pipe Wall light Industrial Edison E27 Lamp Holder Fitting-5588,ENC7860,Conduit pipe Wall light Industrial Edison E27 Lamp Holder Fitting-5588 - Yes,0,0.00,4,76.76,0,0.00,0,0.00,13,249.47,29,556.51,46,882.74
14966296576386,Conduit Dome cover with E27 Arm Lamp Holder Fitting light ~ 6051,PCDO20BM+RW1FG2PK+PCBSM2FYB+WSSS70BM,Conduit Dome cover with E27 Arm Lamp Holder Fitting light ~ 6051,2,21.78,5,54.45,6,65.34,16,174.24,11,120.86,5,54.45,45,491.12
8651637883130,Electric Terminal Box Galvanized Steel Conduit Lighting Box Fitting~5543,PCGZ20MO,Electric Terminal Box Galvanized Steel Conduit Lighting Box Fitting~5543 - 2 Way / 1 Pack,2,4.08,10,21.90,7,16.77,6,13.14,17,37.23,3,6.57,45,99.69
14798554268034,Elbow 90 Degree 20mm Metal Bend Conduit Fitting -5552,PCMT20BM,Elbow 90 Degree 20mm Metal Bend Conduit Fitting -5552 - Black,10,27.90,11,30.69,3,8.37,5,13.95,11,30.69,4,11.16,44,122.76
14881058324866,Rotatable Metal Wall Spotlight GU10 Conduit Light Fixture ~ 5642,ENC8051,Rotatable Metal Wall Spotlight GU10 Conduit Light Fixture ~ 5642 - Yellow Brass,11,134.09,0,0.00,5,60.95,15,182.85,0,0.00,12,146.28,43,524.17
8649874997498,E27 Bulb Lamp Holders M20 Entry Lamp Holder Conduit Light Socket ~ 5539,LHPOE27WH,E27 Bulb Lamp Holders M20 Entry Lamp Holder Conduit Light Socket ~ 5539 - White,0,0.00,0,0.00,0,0.00,0,0.00,1,4.85,40,194.00,41,198.85
15260815720834,Exposed Nautical Conduit Wall Light E27 Metal ~6548,WSIWCRBM+LDMA60E274WW,Exposed Nautical Conduit Wall Light E27 Metal ~6548 - Black,0,0.00,0,0.00,0,0.00,24,724.56,12,362.28,5,150.95,41,1237.79
15260815720834,Exposed Nautical Conduit Wall Light E27 Metal ~6548,WSIWCRBM,Exposed Nautical Conduit Wall Light E27 Metal ~6548 - Black,0,0.00,15,430.35,21,602.49,4,114.76,0,0.00,0,0.00,40,1147.60
8651552686330,M20 20mm Conduit Galvanized Steel Connector Conduit Fitting ~5542,PCGZ20NLAPK,M20 20mm Conduit Galvanized Steel Connector Conduit Fitting ~5542 - 10 PACK,15,155.85,6,62.34,2,20.78,3,31.17,14,146.86,0,0.00,40,417.00
14821925781890,M20 Metric Male to M10 Female Thread Bush Reducing Conduit Pipe Connector-5561,PCBSM2FFG,M20 Metric Male to M10 Female Thread Bush Reducing Conduit Pipe Connector-5561 - French Gold,0,0.00,2,3.10,3,4.65,15,23.25,20,31.00,0,0.00,40,62.00
14879664472450,Cylinder Adjustable Ceiling Spotlight for Conduit Lighting~5633,LHTTAGU10WH+LDGU10WW5,Cylinder Adjustable Ceiling Spotlight for Conduit Lighting~5633 - White,14,153.86,8,87.92,13,142.87,0,0.00,4,43.96,0,0.00,39,428.61
8652600606970,20mm Conduit Metal Loop-In Box Terminal for Electrical Connections ~5545,PCBM20MX,20mm Conduit Metal Loop-In Box Terminal for Electrical Connections ~5545 - Black,2,11.38,11,62.59,8,45.52,15,85.35,3,19.31,0,0.00,39,224.15
14823201898882,Conduit Lid 14mm Center Hole Switch Fitting Covers For Terminal Boxes -5563,PCFL20YB,Conduit Lid 14mm Center Hole Switch Fitting Covers For Terminal Boxes -5563 - Yellow Brass,4,7.56,4,7.56,2,4.44,1,1.89,22,41.58,5,9.45,38,72.48
14874199490946,E27 ES Bulb Holder Batten Lamp Fitting Threaded 20mm Conduit Pipe Socket-5585,LHCTOBM,E27 ES Bulb Holder Batten Lamp Fitting Threaded 20mm Conduit Pipe Socket-5585 - Black,0,0.00,0,0.00,0,0.00,0,0.00,2,13.30,34,226.10,36,239.40
14874199490946,E27 ES Bulb Holder Batten Lamp Fitting Threaded 20mm Conduit Pipe Socket-5585,LHCTOFG,E27 ES Bulb Holder Batten Lamp Fitting Threaded 20mm Conduit Pipe Socket-5585 - French Gold,0,0.00,5,33.25,1,6.65,0,0.00,3,19.95,26,172.90,35,232.75
14821925781890,M20 Metric Male to M10 Female Thread Bush Reducing Conduit Pipe Connector-5561,PCBSM2FCH,M20 Metric Male to M10 Female Thread Bush Reducing Conduit Pipe Connector-5561 - Chrome,0,0.00,8,12.40,12,18.60,0,0.00,15,23.25,0,0.00,35,54.25
8633541427450,20mm Diameter Black Steel Round Pipe Female thread conduit lighting ~5757,PCFT300BA,20mm Diameter Black Steel Round Conduit Pipe  Female thread conduit lighting ~5757 - 30cm,24,59.76,10,24.90,0,0.00,0,0.00,0,0.00,0,0.00,34,84.66
14882318418306,Swan Neck Bend conduit pipe Fitting Metal 220mm length Thread~5653,PCSN220SN,Swan Neck Bend conduit pipe Fitting Metal 220mm length Thread~5653 - Satin Nickel,0,0.00,0,0.00,2,9.78,21,102.69,0,0.00,9,44.01,32,156.48
8004464607482,3/4 BSP Malleable Iron Black Floor Flange Pipe Light Fittings~4529,PCBIFF,3/4 BSP Malleable Iron Black Floor Flange Pipe Light Fittings~4529 - Black Floor Flange,0,0.00,0,0.00,7,10.43,2,2.98,8,11.92,13,19.37,30,44.70
14882049458562,Industrial Black Large pendant light 40cm Metal ~5647,ENC8071,Industrial Black Large pendant light 40cm Metal ~5647 - Cable Kit / No,0,0.00,0,0.00,0,0.00,5,77.45,8,123.92,16,247.84,29,449.21
14823229260162,20mm Conduit Dome Cover Conduit Fitting 20mm Nominal Size -5564,PCDO20YB,20mm Conduit Dome Cover Conduit Fitting 20mm Nominal Size -5564 - Yellow Brass,4,9.80,8,19.60,2,4.90,1,2.45,13,31.85,1,2.45,29,71.05
8009969238266,¾ inch Raw Conduit Barrel BSP MALLEABLE Tubing Iron Pipe Fitting ~4653,PCRN65TP,¾ inch Raw Conduit Barrel BSP MALLEABLE Tubing Iron Pipe Fitting ~4653 - 6.5cm,0,0.00,0,0.00,0,0.00,11,17.49,18,28.62,0,0.00,29,46.11
14798554268034,Elbow 90 Degree 20mm Metal Bend Conduit Fitting -5552,PCMT20SN,Elbow 90 Degree 20mm Metal Bend Conduit Fitting -5552 - Satin Nickel,1,4.25,2,8.50,0,0.00,7,29.75,15,74.80,2,8.50,27,125.80
15260815720834,Exposed Nautical Conduit Wall Light E27 Metal ~6548,WSIWCRGR+LDMA60E274WW,Exposed Nautical Conduit Wall Light E27 Metal ~6548 - Green,0,0.00,0,0.00,0,0.00,2,57.38,25,717.25,0,0.00,27,774.63
14819408216450,"Conduit Fittings, L T Connectors, Saddles Accessories ~5554",PCGZ20NL,"Conduit Fittings, L T Connectors, Saddles Accessories-5554 - Nipple",0,0.00,20,17.80,0,0.00,6,5.34,0,0.00,0,0.00,26,23.14
14819408216450,"Conduit Fittings, L T Connectors, Saddles Accessories ~5554",PCBM20DS,"Conduit Fittings, L T Connectors, Saddles Accessories-5554 - 20mm Saddle Mount",0,0.00,17,33.83,0,0.00,9,17.91,0,0.00,0,0.00,26,51.74
15260815720834,Exposed Nautical Conduit Wall Light E27 Metal ~6548,WSIWCRRE,Exposed Nautical Conduit Wall Light E27 Metal ~6548 - Red,0,0.00,23,660.31,2,57.38,0,0.00,0,0.00,0,0.00,25,717.69
15337613820290,16mm/ 20mm/ 3/4'Diameter Round Seamless Steel Conduit Pipe~6806,PCFT200BA,16mm/ 20mm/ 3/4'Diameter Round Seamless Steel Conduit Pipe ~6806 - 20mm / 20cm,0,0.00,0,0.00,25,54.75,0,0.00,0,0.00,0,0.00,25,54.75
15260815720834,Exposed Nautical Conduit Wall Light E27 Metal ~6548,WSIWCRBC+LDMA60E274WW,Exposed Nautical Conduit Wall Light E27 Metal ~6548 - Brushed Copper,0,0.00,0,0.00,0,0.00,10,286.90,0,0.00,14,401.66,24,688.56
14819408216450,"Conduit Fittings, L T Connectors, Saddles Accessories ~5554",PCFT90LBM,"Conduit Fittings, L T Connectors, Saddles Accessories-5554 - L Connector",13,19.37,3,4.47,6,9.32,1,1.49,0,0.00,0,0.00,23,34.65
14874202472834,Conduit pipe Wall light Industrial Edison E27 Lamp Holder Fitting-5588,ENC7859,Conduit pipe Wall light Industrial Edison E27 Lamp Holder Fitting-5588 - No,0,0.00,1,16.79,0,0.00,0,0.00,14,235.06,7,117.53,22,369.38
8004329373946,Galvanized Malleable Iron Floor Flange Fitting pipe Décor ~4522,PCGZFF,Galvanized Malleable Iron Floor Flange PIPE Light FITTINGS~4522 - Flange,2,2.98,20,29.80,0,0.00,0,0.00,0,0.00,0,0.00,22,32.78
14821925781890,M20 Metric Male to M10 Female Thread Bush Reducing Conduit Pipe Connector-5561,PCBSM2FSN,M20 Metric Male to M10 Female Thread Bush Reducing Conduit Pipe Connector-5561 - Satin Nickel,1,1.55,1,1.55,20,31.00,0,0.00,0,0.00,0,0.00,22,34.10
8649884762362,E27 ES Threaded 20mm Conduit Pipe Lamp Holder Bulb Fitting Socket ~5540,LHTOE27SN,20mm E27 Thread Lamp Holder for Conduit Lights ~5540 - Satin Nickel,0,0.00,0,0.00,0,0.00,8,51.12,14,89.87,0,0.00,22,140.99
14822482411906,20mm Bush Female x Fit 3/4 Male Reducing Bushing Converter~5562,PCBSF2MCH3PK,20mm Bush Female x Fit 3/4 Male Reducing Bushing Converter~5562 - 3 PACK,0,0.00,0,0.00,6,25.74,1,4.29,4,17.16,10,42.90,21,90.09
14986122461570,Industrial 20mm Conduit Box Lid Round 10mm Centre Hole ~ 6120,CRFF65YB,Industrial 20mm Conduit Box Lid Round 10mm Centre Hole ~ 6120 - Yellow Brass,0,0.00,0,0.00,8,16.60,0,0.00,2,3.58,11,19.69,21,39.87
8633541427450,20mm Diameter Black Steel Round Pipe Female thread conduit lighting ~5757,PCFT200BA,20mm Diameter Black Steel Round Conduit Pipe  Female thread conduit lighting ~5757 - 20cm,6,13.14,15,32.85,0,0.00,0,0.00,0,0.00,0,0.00,21,45.99
14986122461570,Industrial 20mm Conduit Box Lid Round 10mm Centre Hole ~ 6120,CRFF65SN,Industrial 20mm Conduit Box Lid 10mm Centre Hole  ~ 6120 - Satin Nickel,0,0.00,21,37.59,0,0.00,0,0.00,0,0.00,0,0.00,21,37.59
14821925781890,M20 Metric Male to M10 Female Thread Bush Reducing Conduit Pipe Connector-5561,PCBSM2FCO,M20 Metric Male to M10 Female Thread Bush Reducing Conduit Pipe Connector-5561 - Copper,0,0.00,11,17.05,4,6.20,0,0.00,5,7.75,0,0.00,20,31.00
14822482411906,20mm Bush Female x Fit 3/4 Male Reducing Bushing Converter~5562,PCBSF2MCH3PK,Bush Fit 20mm Female x Fit 3/4 Male Reducing Bush Converter-5562 - 3 PACK,8,34.32,10,42.90,2,8.58,0,0.00,0,0.00,0,0.00,20,85.80
14977818722690,Toggle ON/OFF SPST Switch with 10mm hole plate ~ 6110,SWFF1GCH,Toggle ON/OFF SPST Switch with 10mm hole plate ~ 6110 - Switch withOut plate,0,0.00,2,4.18,2,4.18,2,4.18,6,13.40,7,15.53,19,41.47
14819408216450,"Conduit Fittings, L T Connectors, Saddles Accessories ~5554",PCFT90TBM,"Conduit Fittings, L T Connectors, Saddles Accessories-5554 - T Connector",6,11.34,2,3.78,9,17.01,2,3.78,0,0.00,0,0.00,19,35.91
14819408216450,"Conduit Fittings, L T Connectors, Saddles Accessories ~5554",PCGZ20NL,"Conduit Fittings, L T Connectors, Saddles Accessories ~5554 - Nipple",0,0.00,0,0.00,0,0.00,0,0.00,6,5.34,13,11.57,19,16.91
8651552686330,M20 20mm Conduit Galvanized Steel Connector Conduit Fitting ~5542,PCGZ20NL5PK,M20 20mm Conduit Galvanized Steel Connector Conduit Fitting ~5542 - 5 PACK,4,21.16,4,21.16,3,16.57,0,0.00,5,27.11,3,15.87,19,101.87
14823201898882,Conduit Lid 14mm Center Hole Switch Fitting Covers For Terminal Boxes -5563,PCFL20SN,Conduit Lid 14mm Center Hole Switch Fitting Covers For Terminal Boxes -5563 - Satin Nickel,1,1.89,1,1.89,1,1.89,16,30.24,0,0.00,0,0.00,19,35.91
8649874997498,E27 Bulb Lamp Holders M20 Entry Lamp Holder Conduit Light Socket ~ 5539,LHPOE27SN,E27 Bulb Lamp Holders M20 Entry Lamp Holder Conduit Light Socket ~ 5539 - Satin Nickel,0,0.00,0,0.00,0,0.00,19,92.15,0,0.00,0,0.00,19,92.15
15260815720834,Exposed Nautical Conduit Wall Light E27 Metal ~6548,WSIWCRPI,Exposed Nautical Conduit Wall Light E27 Metal ~6548 - Pink,0,0.00,16,459.32,1,28.69,1,28.69,0,0.00,0,0.00,18,516.70
14882318418306,Swan Neck Bend conduit pipe Fitting Metal 220mm length Thread~5653,PCSN220BM,Swan Neck Bend conduit pipe Fitting Metal 220mm length Thread~5653 - Black,0,0.00,0,0.00,1,5.14,13,63.57,3,14.67,0,0.00,17,83.38
14823201898882,Conduit Lid 14mm Center Hole Switch Fitting Covers For Terminal Boxes -5563,PCFL20BM,Conduit Lid 14mm Center Hole Switch Fitting Covers For Terminal Boxes -5563 - Black,2,3.78,6,11.34,2,3.78,5,9.45,2,3.78,0,0.00,17,32.13
14986122461570,Industrial 20mm Conduit Box Lid Round 10mm Centre Hole ~ 6120,CRFF65YB,Industrial 20mm Conduit Box Lid 10mm Centre Hole  ~ 6120 - Yellow Brass,0,0.00,16,28.64,0,0.00,0,0.00,0,0.00,0,0.00,16,28.64
8649884762362,E27 ES Threaded 20mm Conduit Pipe Lamp Holder Bulb Fitting Socket ~5540,LHTOE27YB,20mm E27 Thread Holder for Conduit Light ~5540 - Yellow Brass,5,31.95,7,44.73,4,25.56,0,0.00,0,0.00,0,0.00,16,102.24
15260895773058,Nautical Bulkhead Flush Mount Ceiling Light Wire Cage E27 ~6546,WSWTBM,Nautical Bulkhead Flush Mount Ceiling Light Wire Cage E27 ~6546 - Black,0,0.00,0,0.00,0,0.00,0,0.00,10,254.90,6,152.94,16,407.84
14898962596226,Industrial Conduit Pipe Metal Cage Wall Light Kit Matte Black E27~ 5701,ENC8256,Industrial Conduit Pipe Metal Cage Wall Light Kit Matte Black E27~ 5701 - Yes,2,45.58,0,0.00,2,45.58,2,42.06,10,210.30,0,0.00,16,343.52
14977818722690,Toggle ON/OFF SPST Switch with 10mm hole plate ~ 6110,PCSWRG10CO+SWFF1GCH,Toggle ON/OFF SPST Switch with 10mm hole plate ~ 6110 - Switch with Copper plate,0,0.00,0,0.00,5,16.43,0,0.00,2,5.58,8,22.32,15,44.33
14879664472450,Cylinder Adjustable Ceiling Spotlight for Conduit Lighting~5633,CRFF65YB+RW1FG2PK+LHTTAGU10YB+LDGU10WW5,Cylinder Adjustable Ceiling Spotlight for Conduit Lighting~5633 - Yellow Brass,0,0.00,15,164.85,0,0.00,0,0.00,0,0.00,0,0.00,15,164.85
14823201898882,Conduit Lid 14mm Center Hole Switch Fitting Covers For Terminal Boxes -5563,PCFL20CO,Conduit Lid 14mm Center Hole Switch Fitting Covers For Terminal Boxes -5563 - Copper,0,0.00,0,0.00,5,12.09,1,1.89,3,5.67,6,11.34,15,30.99
14958817739138,Industrial 20mm Conduit Ceiling Light Fitting E27 Metal Lamp Holder~ 6006,ENC8402,Industrial 20mm Conduit Ceiling Light Fitting E27 Metal Lamp Holder~ 6006 - Yellow Brass,0,0.00,2,21.78,3,32.67,0,0.00,0,0.00,10,108.90,15,163.35
8649884762362,E27 ES Threaded 20mm Conduit Pipe Lamp Holder Bulb Fitting Socket ~5540,LHTOE27CO,20mm E27 Thread Holder for Conduit Light ~5540 - Copper,3,19.17,7,44.73,4,25.56,0,0.00,0,0.00,0,0.00,14,89.46
14848208535938,"Fisherman Caged Conduit Pipe Light Shade 3/4"" Entry Wall Lantern with Glass -5570",WCPC220GY,"Fisherman Caged Conduit Pipe Light Shade 3/4"" Entry Wall Lantern with Glass -5570 - Grey",8,143.12,0,0.00,1,17.89,5,89.45,0,0.00,0,0.00,14,250.46
14975891964290,Round Rocker Switch ON/OFF SPST with Pre-Wired Leads ~ 6109,SWCRD16BM,Round Rocker Switch ON/OFF SPST with Pre-Wired Leads ~ 6109,6,15.54,5,12.95,1,3.41,0,0.00,1,2.59,0,0.00,13,34.49
8649874997498,E27 Bulb Lamp Holders M20 Entry Lamp Holder Conduit Light Socket ~ 5539,LHPOE27CO,E27 Bulb Lamp Holders M20 Entry Lamp Holder Conduit Light Socket ~ 5539 - Copper,0,0.00,0,0.00,0,0.00,12,58.20,1,4.85,0,0.00,13,63.05
14878271373698,M16 to M10 Thread Bush Reducer Metric Male to Female Pipe Connector-5618,PCBS16T10BM3PK,M16 to M10 Thread Bush Reducer Metric Male to Female Pipe Connector-5618 - 3 PACK,0,0.00,0,0.00,9,6.03,3,2.01,1,0.67,0,0.00,13,8.71
8649884762362,E27 ES Threaded 20mm Conduit Pipe Lamp Holder Bulb Fitting Socket ~5540,LHTOE27YB,20mm E27 Thread Lamp Holder for Conduit Lights ~5540 - Yellow Brass,0,0.00,0,0.00,0,0.00,3,19.17,5,31.95,5,31.95,13,83.07
8649884762362,E27 ES Threaded 20mm Conduit Pipe Lamp Holder Bulb Fitting Socket ~5540,LHTOE27FG,20mm E27 Thread Lamp Holder for Conduit Lights ~5540 - French Gold,0,0.00,0,0.00,0,0.00,6,38.34,7,44.73,0,0.00,13,83.07
14986122461570,Industrial 20mm Conduit Box Lid Round 10mm Centre Hole ~ 6120,CRFF65SN,Industrial 20mm Conduit Box Lid Round 10mm Centre Hole ~ 6120 - Satin Nickel,0,0.00,0,0.00,10,17.90,3,5.37,0,0.00,0,0.00,13,23.27
8649884762362,E27 ES Threaded 20mm Conduit Pipe Lamp Holder Bulb Fitting Socket ~5540,LHTOE27RO,20mm E27 Thread Holder for Conduit Light ~5540 - Rose Gold,6,35.10,6,35.10,1,5.85,0,0.00,0,0.00,0,0.00,13,76.05
14879664472450,Cylinder Adjustable Ceiling Spotlight for Conduit Lighting~5633,CRFF65YB+RW1FG2PK+LHTTAGU10YB+LDGU10WD5,Cylinder Adjustable Ceiling Spotlight for Conduit Lighting~5633 - Yellow Brass,0,0.00,12,131.88,0,0.00,0,0.00,0,0.00,0,0.00,12,131.88
8649874997498,E27 Bulb Lamp Holders M20 Entry Lamp Holder Conduit Light Socket ~ 5539,LHPOE27SN,E27 Bulb Holders M20 Conduit Entry Lamp Holder Conduit Light Socket ~5539 - Satin Nickel,12,58.20,0,0.00,0,0.00,0,0.00,0,0.00,0,0.00,12,58.20
8009969238266,¾ inch Raw Conduit Barrel BSP MALLEABLE Tubing Iron Pipe Fitting ~4653,PCRNB25TP,¾ inch Raw Conduit Barrel BSP MALLEABLE Tubing Iron Pipe Fitting ~4653 - 2.5cm,0,0.00,0,0.00,0,0.00,1,1.59,10,15.90,0,0.00,11,17.49
8649874997498,E27 Bulb Lamp Holders M20 Entry Lamp Holder Conduit Light Socket ~ 5539,LHPOE27YB,E27 Bulb Holders M20 Conduit Entry Lamp Holder Conduit Light Socket ~5539 - Yellow Brass,9,43.65,2,9.70,0,0.00,0,0.00,0,0.00,0,0.00,11,53.35
14823229260162,20mm Conduit Dome Cover Conduit Fitting 20mm Nominal Size -5564,PCDO20CO,20mm Conduit Dome Cover Conduit Fitting 20mm Nominal Size -5564 - Copper,1,2.45,2,4.90,6,14.70,2,4.90,0,0.00,0,0.00,11,26.95
14977818722690,Toggle ON/OFF SPST Switch with 10mm hole plate ~ 6110,PCSWRG10SN+SWFF1GCH,Toggle ON/OFF SPST Switch with 10mm hole plate ~ 6110 - Switch with Satin Nickel plate,0,0.00,0,0.00,4,11.16,3,8.37,0,0.00,4,11.16,11,30.69
14822482411906,20mm Bush Female x Fit 3/4 Male Reducing Bushing Converter~5562,PCBSF2MCH2PK,20mm Bush Female x Fit 3/4 Male Reducing Bushing Converter~5562 - 2 PACK,0,0.00,0,0.00,3,8.97,0,0.00,0,0.00,7,20.93,10,29.90
8649884762362,E27 ES Threaded 20mm Conduit Pipe Lamp Holder Bulb Fitting Socket ~5540,LHTOE27RO,20mm E27 Thread Lamp Holder for Conduit Lights ~5540 - Rose Gold,0,0.00,0,0.00,0,0.00,7,40.95,3,17.55,0,0.00,10,58.50
14821925781890,M20 Metric Male to M10 Female Thread Bush Reducing Conduit Pipe Connector-5561,PCBSM2FSN,M20 Metric Male to M10 Female Thread Bush Reducing Conduit Pipe Connector-5561 - Black,0,0.00,10,12.50,0,0.00,0,0.00,0,0.00,0,0.00,10,12.50
14986122461570,Industrial 20mm Conduit Box Lid Round 10mm Centre Hole ~ 6120,CRFF65BM,Industrial 20mm Conduit Box Lid 10mm Centre Hole  ~ 6120 - Black,6,10.74,3,5.37,0,0.00,0,0.00,0,0.00,0,0.00,9,16.11
14822482411906,20mm Bush Female x Fit 3/4 Male Reducing Bushing Converter~5562,PCBSF2MCH,Bush Fit 20mm Female x Fit 3/4 Male Reducing Bush Converter-5562 - 1 PACK,7,11.83,2,3.38,0,0.00,0,0.00,0,0.00,0,0.00,9,15.21
14882318418306,Swan Neck Bend conduit pipe Fitting Metal 220mm length Thread~5653,PCSN220YB,Swan Neck Bend conduit pipe Fitting Metal 220mm length Male Thread -5653 - Yellow Brass,0,0.00,9,39.81,0,0.00,0,0.00,0,0.00,0,0.00,9,39.81
14881090568578,Conduit Lighting L & Tee Connector with E27 Arm Holder -5643,PCFT90LBM+PCBSM2FYB+LHNSE27YB,Conduit Lighting L & Tee Connector with E27 Arm Holder -5643 - L Connecter set only / No,0,0.00,1,6.89,4,27.56,0,0.00,0,0.00,4,27.56,9,62.01
8009969238266,¾ inch Raw Conduit Barrel BSP MALLEABLE Tubing Iron Pipe Fitting ~4653,PCRN40TP,¾ inch Raw Conduit Barrel BSP MALLEABLE Tubing Iron Pipe Fitting ~4653 - 4cm,0,0.00,0,0.00,0,0.00,1,1.59,8,3.60,0,0.00,9,5.19
8009969238266,¾ inch Raw Conduit Barrel BSP MALLEABLE Tubing Iron Pipe Fitting ~4653,PCRN200TP,¾ inch Raw Conduit Barrel BSP MALLEABLE Tubing Iron Pipe Fitting ~4653 - 20cm,0,0.00,0,0.00,0,0.00,0,0.00,4,5.40,5,6.75,9,12.15
14882318418306,Swan Neck Bend conduit pipe Fitting Metal 220mm length Thread~5653,PCSN220BM,Swan Neck Bend conduit pipe Fitting Metal 220mm length Male Thread -5653 - Black,0,0.00,8,39.12,0,0.00,0,0.00,0,0.00,0,0.00,8,39.12
15260815720834,Exposed Nautical Conduit Wall Light E27 Metal ~6548,WSIWCRGR,Exposed Nautical Conduit Wall Light E27 Metal ~6548 - Green,0,0.00,2,57.38,5,143.45,1,28.69,0,0.00,0,0.00,8,229.52
14819408216450,"Conduit Fittings, L T Connectors, Saddles Accessories ~5554",PCBM25DSBM,"Conduit Fittings, L T Connectors, Saddles Accessories-5554 - 25mm Saddle Mount",0,0.00,0,0.00,8,2.00,0,0.00,0,0.00,0,0.00,8,2.00
14819408216450,"Conduit Fittings, L T Connectors, Saddles Accessories ~5554",PCFT90LBM,"Conduit Fittings, L T Connectors, Saddles Accessories ~5554 - L Connector",0,0.00,0,0.00,0,0.00,0,0.00,8,11.92,0,0.00,8,11.92
14819408216450,"Conduit Fittings, L T Connectors, Saddles Accessories ~5554",PCFT90TBM,"Conduit Fittings, L T Connectors, Saddles Accessories ~5554 - T Connector",0,0.00,0,0.00,0,0.00,0,0.00,6,11.98,2,3.78,8,15.76
14822482411906,20mm Bush Female x Fit 3/4 Male Reducing Bushing Converter~5562,PCBSF2MCH,20mm Bush Female x Fit 3/4 Male Reducing Bushing Converter~5562 - 1 PACK,0,0.00,0,0.00,1,1.69,5,8.45,1,1.69,1,1.69,8,13.52
8651485544698,20mm Conduit Pipe Installation for 25mm Conduit Distance Saddle Mount ~5541,PCDS20SL,20mm Conduit Pipe Installation for 25mm Conduit Distance Saddle Mount ~5541 - Silver,0,0.00,0,0.00,0,0.00,8,15.92,0,0.00,0,0.00,8,15.92
14848208535938,"Fisherman Caged Conduit Pipe Light Shade 3/4"" Entry Wall Lantern with Glass -5570",WCPC220YE,"Fisherman Caged Conduit Pipe Light Shade 3/4"" Entry Wall Lantern with Glass -5570 - Yellow",8,143.12,0,0.00,0,0.00,0,0.00,0,0.00,0,0.00,8,143.12
14877967122818,Black Steel standard threaded Connector For Conduit Pipe 16mm Male Thread -5617,PC16FTNLBM3PK,Black Steel standard threaded Connector For Conduit Pipe 16mm Male Thread -5617 - 3 Pack,0,0.00,0,0.00,1,1.49,6,8.94,1,1.49,0,0.00,8,11.92
8649874997498,E27 Bulb Lamp Holders M20 Entry Lamp Holder Conduit Light Socket ~ 5539,LHPOE27YB,E27 Bulb Lamp Holders M20 Entry Lamp Holder Conduit Light Socket ~ 5539 - Yellow Brass,0,0.00,0,0.00,0,0.00,3,14.55,2,9.70,3,14.55,8,38.80
8652600606970,20mm Conduit Metal Loop-In Box Terminal for Electrical Connections ~5545,PCGZ20MX,20mm Conduit Metal Loop-In Box Terminal for Electrical Connections ~5545 - Silver,1,5.69,3,17.07,0,0.00,3,17.07,1,5.69,0,0.00,8,45.52
14979601891714,Industrial Pipe Pendant Light with Metal 21cm cage Hanging Conduit Set ~ 6112,PCGZFF+PCGZ250TP+WCPC210GY+ICST64E27,Industrial Pipe Pendant Light with Metal 21cm cage Hanging Conduit Set ~ 6112 - Grey / 25cm / Yes,0,0.00,0,0.00,0,0.00,0,0.00,7,128.73,1,18.39,8,147.12
8649884762362,E27 ES Threaded 20mm Conduit Pipe Lamp Holder Bulb Fitting Socket ~5540,LHTOE27CO,20mm E27 Thread Lamp Holder for Conduit Lights ~5540 - Copper,0,0.00,0,0.00,0,0.00,1,6.39,1,6.39,5,31.95,7,44.73
15260815720834,Exposed Nautical Conduit Wall Light E27 Metal ~6548,WSIWCRBL,Exposed Nautical Conduit Wall Light E27 Metal ~6548 - Blue,0,0.00,6,172.22,1,28.69,0,0.00,0,0.00,0,0.00,7,200.91
14819408216450,"Conduit Fittings, L T Connectors, Saddles Accessories ~5554",PCBM20PCBM,"Conduit Fittings, L T Connectors, Saddles Accessories ~5554 - 20mm P Clamp",0,0.00,0,0.00,0,0.00,0,0.00,2,0.50,5,1.25,7,1.75
8649884762362,E27 ES Threaded 20mm Conduit Pipe Lamp Holder Bulb Fitting Socket ~5540,LHTOE27YB,E27 ES Threaded 20mm Conduit Pipe Lamp Holder Bulb Fitting Socket ~5540 - Yellow Brass,0,0.00,0,0.00,0,0.00,0,0.00,0,0.00,7,44.73,7,44.73
14823229260162,20mm Conduit Dome Cover Conduit Fitting 20mm Nominal Size -5564,PCDO20FG,20mm Conduit Dome Cover Conduit Fitting 20mm Nominal Size -5564 - French Gold,0,0.00,0,0.00,1,2.45,6,14.70,0,0.00,0,0.00,7,17.15
14986122461570,Industrial 20mm Conduit Box Lid Round 10mm Centre Hole ~ 6120,CRFF65FG,Industrial 20mm Conduit Box Lid Round 10mm Centre Hole ~ 6120 - French Gold,0,0.00,0,0.00,1,1.79,6,10.74,0,0.00,0,0.00,7,12.53
15374741209474,20mm Conduit Ceiling Rose Kit Black Metal Back Box Fitting ~6872,PCBM20MX+PCDO20CO+PCBSM2FCO+RW1FG2PK,20mm Conduit Ceiling Rose Kit Black Metal Back Box Fitting ~6872 - Copper,0,0.00,0,0.00,0,0.00,0,0.00,0,0.00,7,71.33,7,71.33
8651552686330,M20 20mm Conduit Galvanized Steel Connector Conduit Fitting ~5542,PCGZ20NL2PK,M20 20mm Conduit Galvanized Steel Connector Conduit Fitting ~5542 - 2 PACK,0,0.00,0,0.00,0,0.00,0,0.00,3,6.57,4,8.76,7,15.33
14821925781890,M20 Metric Male to M10 Female Thread Bush Reducing Conduit Pipe Connector-5561,PCBSM2FRO,M20 Metric Male to M10 Female Thread Bush Reducing Conduit Pipe Connector-5561 - Rose Gold,0,0.00,0,0.00,0,0.00,0,0.00,6,9.30,0,0.00,6,9.30
15260895773058,Nautical Bulkhead Flush Mount Ceiling Light Wire Cage E27 ~6546,WSWTRE,Nautical Bulkhead Flush Mount Ceiling Light Wire Cage E27 ~6546 - Red,0,0.00,0,0.00,6,152.94,0,0.00,0,0.00,0,0.00,6,152.94
7600601727226,"Industrial 3/4"" Malleable Cast Iron Pipe Fittings Decorative DIY Steampunk~3613",PCBI500TP,"Industrial 3/4"" Malleable Cast Iron Pipe Fittings Decorative DIY Steampunk~3613 - Pipe 50 cm",0,0.00,0,0.00,2,15.46,0,0.00,0,0.00,4,27.56,6,43.02
14979601891714,Industrial Pipe Pendant Light with Metal 21cm cage Hanging Conduit Set ~ 6112,PCGZFF+PCGZ400TP+WCPC210GY+ICST64E27,Industrial Pipe Pendant Light with Metal 21cm cage Hanging Conduit Set ~ 6112 - Grey / 40cm / Yes,0,0.00,0,0.00,0,0.00,0,0.00,6,113.34,0,0.00,6,113.34
14898962596226,Industrial Conduit Pipe Metal Cage Wall Light Kit Matte Black E27~ 5701,ENC8257,Industrial Conduit Pipe Metal Cage Wall Light Kit Matte Black E27~ 5701 - No,5,98.95,0,0.00,0,0.00,0,0.00,0,0.00,0,0.00,5,98.95
15098025640322,20mm Black Saddle Clamp Conduit Pipe Lighting U Clip ~6289,PCBM20DSAPK,20mm Black Saddle Clamp Conduit Pipe Lighting U Clip ~6289 - 10 PACK,0,0.00,0,0.00,0,0.00,1,9.59,4,38.36,0,0.00,5,47.95
14882318418306,Swan Neck Bend conduit pipe Fitting Metal 220mm length Thread~5653,PCSN220CO,Swan Neck Bend conduit pipe Fitting Metal 220mm length Thread~5653 - Copper,0,0.00,0,0.00,4,19.56,1,4.89,0,0.00,0,0.00,5,24.45
15098025640322,20mm Black Saddle Clamp Conduit Pipe Lighting U Clip ~6289,PCBM20DSAPK,20mm Metal Distance Saddle Conduit Pipe Lighting Clip~6289 - 10 PACK,3,28.77,0,0.00,2,19.18,0,0.00,0,0.00,0,0.00,5,47.95
8649884762362,E27 ES Threaded 20mm Conduit Pipe Lamp Holder Bulb Fitting Socket ~5540,LHTOE27WH,20mm E27 Thread Lamp Holder for Conduit Lights ~5540 - White,0,0.00,0,0.00,0,0.00,2,12.78,0,0.00,3,19.17,5,31.95
15260895773058,Nautical Bulkhead Flush Mount Ceiling Light Wire Cage E27 ~6546,WSWTGR,Nautical Bulkhead Flush Mount Ceiling Light Wire Cage E27 ~6546 - Green,0,0.00,0,0.00,0,0.00,1,25.49,0,0.00,4,101.96,5,127.45
15260895773058,Nautical Bulkhead Flush Mount Ceiling Light Wire Cage E27 ~6546,WSWTBC,Nautical Bulkhead Light Flush Mount Wire Cage E27 ~6546 - Brushed Copper,0,0.00,5,128.47,0,0.00,0,0.00,0,0.00,0,0.00,5,128.47
14821912510850,M20 Metric To M10 Female Thread Bushing Conduit Pipe Connector-5560,PCBS2FEBM,M20 Metric To M10 Female Thread Bushing Conduit Pipe Connector-5560 - Pack 1,0,0.00,0,0.00,4,6.76,0,0.00,1,1.69,0,0.00,5,8.45
15260815720834,Exposed Nautical Conduit Wall Light E27 Metal ~6548,WSIWCRWH+LDMA60E274WW,Exposed Nautical Conduit Wall Light E27 Metal ~6548 - White,0,0.00,0,0.00,0,0.00,0,0.00,5,143.45,0,0.00,5,143.45
14882318418306,Swan Neck Bend conduit pipe Fitting Metal 220mm length Thread~5653,PCSN230WH,Swan Neck Bend conduit pipe Fitting Metal 20mm Male Thread -5653 - White,5,24.45,0,0.00,0,0.00,0,0.00,0,0.00,0,0.00,5,24.45
8649874997498,E27 Bulb Lamp Holders M20 Entry Lamp Holder Conduit Light Socket ~ 5539,LHPOE27FG,E27 Bulb Holders M20 Conduit Entry Lamp Holder Conduit Light Socket ~5539 - French Gold,0,0.00,0,0.00,4,19.40,0,0.00,0,0.00,0,0.00,4,19.40
14798554268034,Elbow 90 Degree 20mm Metal Bend Conduit Fitting -5552,PCMT20YB,Elbow 90 Degree 20mm Metal Bend Conduit Fitting -5552 - Yellow Brass,1,4.25,1,4.25,2,8.50,0,0.00,0,0.00,0,0.00,4,17.00
14821912510850,M20 Metric To M10 Female Thread Bushing Conduit Pipe Connector-5560,PCBS2FEBM,M20 Metric Female To M10 Female Thread Bushing Conduit Pipe Connector-5560,3,5.07,1,1.69,0,0.00,0,0.00,0,0.00,0,0.00,4,6.76
14821912510850,M20 Metric To M10 Female Thread Bushing Conduit Pipe Connector-5560,PCBS2FEBM3PK,M20 Metric To M10 Female Thread Bushing Conduit Pipe Connector-5560 - Pack 3,0,0.00,0,0.00,0,0.00,1,3.89,3,11.67,0,0.00,4,15.56
14879661883778,Modern Small Spot Wall Lamp Cylinder Metal Rotatable Bedside Wall Light ~ 5631,CRSF100SBM+LHTTAGU10YB+LDGU10WD5,Modern Small Spot Wall Lamp Cylinder Metal Rotatable Bedside Wall Light ~ 5631 - 1 Pack,0,0.00,0,0.00,1,16.89,0,0.00,1,16.89,2,33.78,4,67.56
14882049458562,Industrial Black Large pendant light 40cm Metal ~5647,ENC8067,Industrial Black Large pendant light 40cm Metal ~5647 - Chain Kit / Yes,0,0.00,0,0.00,0,0.00,0,0.00,4,81.16,0,0.00,4,81.16
14882318418306,Swan Neck Bend conduit pipe Fitting Metal 220mm length Thread~5653,PCSN230BM,Swan Neck Bend conduit pipe Fitting Metal 20mm Male Thread -5653 - Black,4,19.56,0,0.00,0,0.00,0,0.00,0,0.00,0,0.00,4,19.56
14882318418306,Swan Neck Bend conduit pipe Fitting Metal 220mm length Thread~5653,PCSN295YB,Swan Neck Bend conduit pipe Fitting Metal 20mm Male Thread -5653 - Yellow Brass,4,19.56,0,0.00,0,0.00,0,0.00,0,0.00,0,0.00,4,19.56
14986122461570,Industrial 20mm Conduit Box Lid Round 10mm Centre Hole ~ 6120,CRFF65CH,Industrial 20mm Conduit Box Lid Round 10mm Centre Hole ~ 6120 - Chrome,0,0.00,0,0.00,0,0.00,0,0.00,0,0.00,4,7.16,4,7.16
15260815720834,Exposed Nautical Conduit Wall Light E27 Metal ~6548,WSIWCRBC,Exposed Nautical Conduit Wall Light E27 Metal ~6548 - Brushed Copper,0,0.00,2,57.38,0,0.00,2,57.38,0,0.00,0,0.00,4,114.76
15260815720834,Exposed Nautical Conduit Wall Light E27 Metal ~6548,WSIWCRPI+LDMA60E274WW,Exposed Nautical Conduit Wall Light E27 Metal ~6548 - Pink,0,0.00,0,0.00,0,0.00,2,57.38,2,57.38,0,0.00,4,114.76
15260815720834,Exposed Nautical Conduit Wall Light E27 Metal ~6548,WSIWCRRE+LDMT45E274,Exposed Nautical Conduit Wall Light E27 Metal ~6548 - Red,0,0.00,0,0.00,0,0.00,0,0.00,0,0.00,4,114.76,4,114.76
15260815720834,Exposed Nautical Conduit Wall Light E27 Metal ~6548,WSIWCRWH,Exposed Nautical Conduit Wall Light E27 Metal ~6548 - White,0,0.00,2,57.38,0,0.00,2,57.38,0,0.00,0,0.00,4,114.76
15337613820290,16mm/ 20mm/ 3/4'Diameter Round Seamless Steel Conduit Pipe~6806,PC16FT500BA,16mm/ 20mm/ 3/4'Diameter Round Seamless Steel Conduit Pipe ~6806 - 16mm / 50cm,0,0.00,0,0.00,4,28.60,0,0.00,0,0.00,0,0.00,4,28.60
15337613820290,16mm/ 20mm/ 3/4'Diameter Round Seamless Steel Conduit Pipe~6806,PCFT200BA,16mm/ 20mm/ 3/4'Diameter Round Seamless Steel Conduit Pipe~6806 - 20mm / 20cm,0,0.00,0,0.00,0,0.00,2,4.38,2,4.38,0,0.00,4,8.76
15337613820290,16mm/ 20mm/ 3/4'Diameter Round Seamless Steel Conduit Pipe~6806,PCFT500BA,16mm/ 20mm/ 3/4'Diameter Round Seamless Steel Conduit Pipe~6806 - 20mm / 50cm,0,0.00,0,0.00,0,0.00,0,0.00,0,0.00,4,15.96,4,15.96
15348210041218,M20 Female Thread Ceiling Rose 100mm Conduit Pendant Kit~6817,CRSFM210080WH+CBSF95,M20 Female Thread Ceiling Rose 100mm Conduit Pendant Kit~6817 - White,0,0.00,0,0.00,0,0.00,0,0.00,4,21.56,0,0.00,4,21.56
8003778740474,Galvanized ¾ inch BSP MALLEABLE Iron Pipe Lamp fitting Vintage DIY Accessories~4507,PCGZ300TP,Galvanized ¾ inch BSP MALLEABLE Iron Pipe Lamp fitting Vintage DIY Accessories~4507 - 30 cm,0,0.00,0,0.00,0,0.00,0,0.00,4,19.56,0,0.00,4,19.56
8651637883130,Electric Terminal Box Galvanized Steel Conduit Lighting Box Fitting~5543,PCGZ20ML,Electric Terminal Box Galvanized Steel Conduit Lighting Box Fitting~5543 - L  2 Way / 1 Pack,0,0.00,2,4.38,1,2.19,0,0.00,0,0.00,0,0.00,3,6.57
14986122461570,Industrial 20mm Conduit Box Lid Round 10mm Centre Hole ~ 6120,CRFF65CO,Industrial 20mm Conduit Box Lid Round 10mm Centre Hole ~ 6120 - Copper,0,0.00,0,0.00,0,0.00,0,0.00,3,5.37,0,0.00,3,5.37
14798554268034,Elbow 90 Degree 20mm Metal Bend Conduit Fitting -5552,PCMT20CO,Elbow 90 Degree 20mm Metal Bend Conduit Fitting -5552 - Copper,0,0.00,3,12.75,0,0.00,0,0.00,0,0.00,0,0.00,3,12.75
4417289551968,5 x M10 Threaded Aluminum rod Nipple hollow tube in various length ~ 2898,RD905PK,5 x M10 Threaded Aluminum rod Nipple hollow tube in various length ~ 2898 - 90mm,0,0.00,1,5.79,1,5.79,1,5.79,0,0.00,0,0.00,3,17.37
14798554268034,Elbow 90 Degree 20mm Metal Bend Conduit Fitting -5552,PCMT20CH,Elbow 90 Degree 20mm Metal Bend Conduit Fitting -5552 - Chrome,0,0.00,3,12.75,0,0.00,0,0.00,0,0.00,0,0.00,3,12.75
8009969238266,¾ inch Raw Conduit Barrel BSP MALLEABLE Tubing Iron Pipe Fitting ~4653,PCRN100TP,¾ inch Raw Conduit Barrel BSP MALLEABLE Tubing Iron Pipe Fitting ~4653 - 10.5cm,0,0.00,0,0.00,1,3.59,1,3.59,0,0.00,1,1.00,3,8.18
14958817739138,Industrial 20mm Conduit Ceiling Light Fitting E27 Metal Lamp Holder~ 6006,ENC8401,Industrial 20mm Conduit Ceiling Light Fitting E27 Metal Lamp Holder~ 6006 - Copper,0,0.00,0,0.00,2,21.78,0,0.00,1,10.89,0,0.00,3,32.67
14882318418306,Swan Neck Bend conduit pipe Fitting Metal 220mm length Thread~5653,PCSN220YB,Swan Neck Bend conduit pipe Fitting Metal 220mm length Thread~5653 - Yellow Brass,0,0.00,0,0.00,0,0.00,3,14.67,0,0.00,0,0.00,3,14.67
14882318418306,Swan Neck Bend conduit pipe Fitting Metal 220mm length Thread~5653,PCSN220WH,Swan Neck Bend conduit pipe Fitting Metal 220mm length Male Thread -5653 - White,0,0.00,3,14.67,0,0.00,0,0.00,0,0.00,0,0.00,3,14.67
14882318418306,Swan Neck Bend conduit pipe Fitting Metal 220mm length Thread~5653,PCSN220SN,Swan Neck Bend conduit pipe Fitting Metal 220mm Male Thread -5653 - Satin Nickel,3,14.67,0,0.00,0,0.00,0,0.00,0,0.00,0,0.00,3,14.67
14882049458562,Industrial Black Large pendant light 40cm Metal ~5647,ENC8072,Large pendant light 40cm Metal ~5647 - Chain Kit / No,0,0.00,3,46.41,0,0.00,0,0.00,0,0.00,0,0.00,3,46.41
14882049458562,Industrial Black Large pendant light 40cm Metal ~5647,ENC8072,Large pendant light 40cm Metal -5647 - Chain Kit / No,3,53.37,0,0.00,0,0.00,0,0.00,0,0.00,0,0.00,3,53.37
14848208535938,"Fisherman Caged Conduit Pipe Light Shade 3/4"" Entry Wall Lantern with Glass -5570",WCPC220GR,"Fisherman Caged Conduit Pipe Light Shade 3/4"" Entry Wall Lantern with Glass -5570 - Green",2,35.78,0,0.00,0,0.00,0,0.00,0,0.00,1,17.89,3,53.67
14823229260162,20mm Conduit Dome Cover Conduit Fitting 20mm Nominal Size -5564,PCDO20CH,20mm Conduit Dome Cover Conduit Fitting 20mm Nominal Size -5564 - Chrome,0,0.00,3,7.35,0,0.00,0,0.00,0,0.00,0,0.00,3,7.35
14822482411906,20mm Bush Female x Fit 3/4 Male Reducing Bushing Converter~5562,PCBSF2MCH2PK,Bush Fit 20mm Female x Fit 3/4 Male Reducing Bush Converter-5562 - 2 PACK,3,8.97,0,0.00,0,0.00,0,0.00,0,0.00,0,0.00,3,8.97
8651552686330,M20 20mm Conduit Galvanized Steel Connector Conduit Fitting ~5542,PCGZ20NL3PK,M20 20mm Conduit Galvanized Steel Connector Conduit Fitting ~5542 - 3 PACK,1,3.39,1,3.39,0,0.00,0,0.00,1,3.39,0,0.00,3,10.17
14821247418754,Industrial Metal Wire Cage Pipe Pendant Light for 3/4 Inch Conduit  ~ 5558,WCPC170GR,Industrial Metal Wire Cage Pipe Pendant Light for 3/4 Inch Conduit  ~ 5558 - Green / 17cm,0,0.00,0,0.00,1,15.89,0,0.00,0,0.00,2,31.78,3,47.67
15098025640322,20mm Black Saddle Clamp Conduit Pipe Lighting U Clip ~6289,PCBM20DS5PK,20mm Black Saddle Clamp Conduit Pipe Lighting U Clip ~6289 - Pack 05,0,0.00,0,0.00,0,0.00,0,0.00,3,16.77,0,0.00,3,16.77
14878271373698,M16 to M10 Thread Bush Reducer Metric Male to Female Pipe Connector-5618,PCBS16T10BM,M16 to M10 Thread Bush Reducer Metric Male to Female Pipe Connector-5618 - 1 PACK,0,0.00,0,0.00,0,0.00,1,0.25,0,0.00,1,0.25,2,0.50
15358782865794,Industrial Wall Light E27 G95 LED Elbow Arm Wall Sconce - 6829,ENC10155,Industrial Wall Light E27 G95 LED Elbow Arm Wall Sconce - 6829 - White,0,0.00,0,0.00,0,0.00,0,0.00,0,0.00,2,35.78,2,35.78
15359655346562,2 Pcs 20mm Conduit Dome Cover Conduit Fitting Electrical - 6825,PCDO20SN2PK,2 Pcs 20mm Conduit Dome Cover Conduit Fitting Electrical - 6825 - Satin Nickel,0,0.00,0,0.00,0,0.00,0,0.00,0,0.00,2,10.18,2,10.18
4417289551968,5 x M10 Threaded Aluminum rod Nipple hollow tube in various length ~ 2898,RD205PK,5 x M10 Threaded Aluminum rod Nipple hollow tube in various length ~ 2898 - 20mm,0,0.00,0,0.00,0,0.00,0,0.00,1,4.29,1,4.29,2,8.58
4417289551968,5 x M10 Threaded Aluminum rod Nipple hollow tube in various length ~ 2898,RD255PK,5 x M10 Threaded Aluminum rod Nipple hollow tube in various length ~ 2898 - 25mm,0,0.00,0,0.00,0,0.00,1,4.39,0,0.00,1,4.39,2,8.78
4417289551968,5 x M10 Threaded Aluminum rod Nipple hollow tube in various length ~ 2898,RD305PK,5 x M10 Threaded Aluminum rod Nipple hollow tube in various length ~ 2898 - 30mm,0,0.00,0,0.00,0,0.00,0,0.00,1,4.49,1,4.49,2,8.98
4417289551968,5 x M10 Threaded Aluminum rod Nipple hollow tube in various length ~ 2898,RD505PK,5 x M10 Threaded Aluminum rod Nipple hollow tube in various length ~ 2898 - 50mm,0,0.00,0,0.00,1,5.09,0,0.00,1,5.09,0,0.00,2,10.18
4417289551968,5 x M10 Threaded Aluminum rod Nipple hollow tube in various length ~ 2898,RD605PK,5 x M10 Threaded Aluminum rod Nipple hollow tube in various length ~ 2898 - 60mm,0,0.00,0,0.00,0,0.00,0,0.00,1,5.19,1,5.19,2,10.38
4417289551968,5 x M10 Threaded Aluminum rod Nipple hollow tube in various length ~ 2898,RD705PK,5 x M10 Threaded Aluminum rod Nipple hollow tube in various length ~ 2898 - 70mm,1,5.39,0,0.00,0,0.00,0,0.00,1,5.39,0,0.00,2,10.78
14874199490946,E27 ES Bulb Holder Batten Lamp Fitting Threaded 20mm Conduit Pipe Socket-5585,LHCTORO,E27 ES Bulb Holder Batten Lamp Fitting Threaded 20mm Conduit Pipe Socket-5585 - Rose Gold,0,0.00,0,0.00,0,0.00,0,0.00,0,0.00,2,13.30,2,13.30
7600601727226,"Industrial 3/4"" Malleable Cast Iron Pipe Fittings Decorative DIY Steampunk~3613",PCBI300TP,"Industrial 3/4"" Malleable Cast Iron Pipe Fittings Decorative DIY Steampunk~3613 - Pipe 30 cm",0,0.00,1,4.89,1,4.89,0,0.00,0,0.00,0,0.00,2,9.78
7600601727226,"Industrial 3/4"" Malleable Cast Iron Pipe Fittings Decorative DIY Steampunk~3613",PCBI400TP,"Industrial 3/4"" Malleable Cast Iron Pipe Fittings Decorative DIY Steampunk~3613 - Pipe 40 cm",0,0.00,1,5.89,1,5.89,0,0.00,0,0.00,0,0.00,2,11.78
8003778740474,Galvanized ¾ inch BSP MALLEABLE Iron Pipe Lamp fitting Vintage DIY Accessories~4507,PCGZ300TP,Galvanized ¾ inch barrel BSP MALLEABLE Tubing Iron pipe Lamp fitting Vintage DIY Accessories~4507 - 30 cm,0,0.00,2,9.78,0,0.00,0,0.00,0,0.00,0,0.00,2,9.78
8003778740474,Galvanized ¾ inch BSP MALLEABLE Iron Pipe Lamp fitting Vintage DIY Accessories~4507,PCGZ40TP,Galvanized ¾ inch BSP MALLEABLE Iron Pipe Lamp fitting Vintage DIY Accessories~4507 - 4 cm,0,0.00,0,0.00,1,1.89,0,0.00,0,0.00,1,1.89,2,3.78
8003778740474,Galvanized ¾ inch BSP MALLEABLE Iron Pipe Lamp fitting Vintage DIY Accessories~4507,PCGZ600TP,Galvanized ¾ inch barrel BSP MALLEABLE Tubing Iron pipe Lamp fitting Vintage DIY Accessories~4507 - 60 cm,0,0.00,2,15.78,0,0.00,0,0.00,0,0.00,0,0.00,2,15.78
8003778740474,Galvanized ¾ inch BSP MALLEABLE Iron Pipe Lamp fitting Vintage DIY Accessories~4507,PCGZ75TP,Galvanized ¾ inch barrel BSP MALLEABLE Tubing Iron pipe Lamp fitting Vintage DIY Accessories~4507 - 7.5 cm,2,5.78,0,0.00,0,0.00,0,0.00,0,0.00,0,0.00,2,5.78
14983364116866,Industrial pipe ceiling pendant lights kit with Conduit Fisherman Cage ~ 6114,ENC8681,Industrial pipe ceiling pendant light kit with Conduit Fisherman Cage ~ 6114 - Grey / 30cm / Yes,0,0.00,0,0.00,0,0.00,2,47.98,0,0.00,0,0.00,2,47.98
8009969238266,¾ inch Raw Conduit Barrel BSP MALLEABLE Tubing Iron Pipe Fitting ~4653,PCRN65TP,¾ inch Raw Conduit barrel BSP MALLEABLE Tubing Iron pipe Lamp fitting ~4653 - 6.5cm,0,0.00,0,0.00,2,3.36,0,0.00,0,0.00,0,0.00,2,3.36
14958828421506,20mm Conduit Dome Cover with E27 Lamp Holder Fitting Light ~6009,PCDO20YB+PCBSM2FYB+LHNSE27YB,20mm Conduit Dome Cover with E27 Lamp Holder Fitting Light ~6009 - Yellow Brass,0,0.00,0,0.00,0,0.00,0,0.00,0,0.00,2,20.58,2,20.58
14958828421506,20mm Conduit Dome Cover with E27 Lamp Holder Fitting Light ~6009,PCDO20CO+RW1RO2PK+PCBSM2FCO+LHNSE27CO,20mm Conduit Dome cover with E27 Lamp Holder Fitting light ~6009 - Copper,2,20.58,0,0.00,0,0.00,0,0.00,0,0.00,0,0.00,2,20.58
15260815720834,Exposed Nautical Conduit Wall Light E27 Metal ~6548,WSIWCRBC+ICT45E2760,Exposed Nautical Conduit Wall Light E27 Metal ~6548 - Brushed Copper,0,0.00,0,0.00,0,0.00,0,0.00,0,0.00,2,57.38,2,57.38
14882318418306,Swan Neck Bend conduit pipe Fitting Metal 220mm length Thread~5653,PCSN230CH,Swan Neck Bend conduit pipe Fitting Metal 20mm Male Thread -5653 - Chrome,2,9.78,0,0.00,0,0.00,0,0.00,0,0.00,0,0.00,2,9.78
14821247418754,Industrial Metal Wire Cage Pipe Pendant Light for 3/4 Inch Conduit  ~ 5558,WCPC210GY,Industrial Metal Wire Cage Pipe Pendant Light for 3/4 Inch Conduit  ~ 5558 - Grey / 21cm,0,0.00,0,0.00,2,33.78,0,0.00,0,0.00,0,0.00,2,33.78
14821247418754,Industrial Metal Wire Cage Pipe Pendant Light for 3/4 Inch Conduit  ~ 5558,WCPC170YE,Industrial Metal Wire Cage Pipe Pendant Light for 3/4 Inch Conduit  ~ 5558 - Yellow / 17cm,0,0.00,0,0.00,1,15.89,0,0.00,0,0.00,1,15.89,2,31.78
8649874997498,E27 Bulb Lamp Holders M20 Entry Lamp Holder Conduit Light Socket ~ 5539,LHPOE27FG,E27 Bulb Lamp Holders M20 Entry Lamp Holder Conduit Light Socket ~ 5539 - French Gold,0,0.00,0,0.00,0,0.00,1,4.85,0,0.00,1,4.85,2,9.70
14882306818434,Conduit Pipe Table Lamp Kit with Dimmer Switch Steampunk Light -5651,ENC8079,Conduit Pipe Table Lamp Kit with Dimmer Switch Steampunk Light -5651 - YES,0,0.00,0,0.00,1,20.89,0,0.00,0,0.00,1,20.89,2,41.78
14881090568578,Conduit Lighting L & Tee Connector with E27 Arm Holder -5643,ENC8049,Conduit Lighting L & Tee Connector with E27 Arm Holder -5643 - T Connecter set with Lampshade / No,0,0.00,0,0.00,0,0.00,0,0.00,0,0.00,2,24.38,2,24.38
14877967122818,Black Steel standard threaded Connector For Conduit Pipe 16mm Male Thread -5617,PC16FTNLBM,Black Steel standard threaded Connector For Conduit Pipe 16mm Male Thread -5617 - 1 Pack,0,0.00,0,0.00,0,0.00,1,0.81,0,0.00,1,0.49,2,1.30
15260895773058,Nautical Bulkhead Flush Mount Ceiling Light Wire Cage E27 ~6546,WSWTBC,Nautical Bulkhead Flush Mount Ceiling Light Wire Cage E27 ~6546 - Brushed Copper,0,0.00,0,0.00,2,50.98,0,0.00,0,0.00,0,0.00,2,50.98
14986122461570,Industrial 20mm Conduit Box Lid Round 10mm Centre Hole ~ 6120,CRFF65SN,Conduit Lid 10mm Center Hole Switch Fitting Covers For Terminal Boxes ~ 6120 - Satin Nickel,2,3.58,0,0.00,0,0.00,0,0.00,0,0.00,0,0.00,2,3.58
15260895773058,Nautical Bulkhead Flush Mount Ceiling Light Wire Cage E27 ~6546,WSWTBL,Nautical Bulkhead Light Flush Mount Wire Cage E27 ~6546 - Blue,0,0.00,0,0.00,2,53.58,0,0.00,0,0.00,0,0.00,2,53.58
15260895773058,Nautical Bulkhead Flush Mount Ceiling Light Wire Cage E27 ~6546,WSWTBS,Nautical Bulkhead Flush Mount Ceiling Light Wire Cage E27 ~6546 - Brushed Silver,0,0.00,0,0.00,0,0.00,2,50.98,0,0.00,0,0.00,2,50.98
14798554268034,Elbow 90 Degree 20mm Metal Bend Conduit Fitting -5552,PCMT20RO,Elbow 90 Degree 20mm Metal Bend Conduit Fitting -5552 - Rose Gold,0,0.00,0,0.00,0,0.00,2,9.70,0,0.00,0,0.00,2,9.70
14986122461570,Industrial 20mm Conduit Box Lid Round 10mm Centre Hole ~ 6120,CRFF65CO,Industrial 20mm Conduit Box Lid 10mm Centre Hole  ~ 6120 - Copper,0,0.00,0,0.00,2,3.58,0,0.00,0,0.00,0,0.00,2,3.58
15337613820290,16mm/ 20mm/ 3/4'Diameter Round Seamless Steel Conduit Pipe~6806,PCFT500BA,16mm/ 20mm/ 3/4'Diameter Round Seamless Steel Conduit Pipe ~6806 - 20mm / 50cm,0,0.00,0,0.00,2,8.56,0,0.00,0,0.00,0,0.00,2,8.56
8651637883130,Electric Terminal Box Galvanized Steel Conduit Lighting Box Fitting~5543,PCGZ20MY,Electric Terminal Box Galvanized Steel Conduit Lighting Box Fitting~5543 - 3 Way / 1 Pack,2,4.58,0,0.00,0,0.00,0,0.00,0,0.00,0,0.00,2,4.58
15260895773058,Nautical Bulkhead Flush Mount Ceiling Light Wire Cage E27 ~6546,WSWTPI,Nautical Bulkhead Flush Mount Ceiling Light Wire Cage E27 ~6546 - Pink,0,0.00,0,0.00,0,0.00,0,0.00,1,25.49,0,0.00,1,25.49
15260815720834,Exposed Nautical Conduit Wall Light E27 Metal ~6548,WSIWCRWH+LDMT45E274,Exposed Nautical Conduit Wall Light E27 Metal ~6548 - White,0,0.00,0,0.00,0,0.00,0,0.00,0,0.00,1,28.69,1,28.69
14958817739138,Industrial 20mm Conduit Ceiling Light Fitting E27 Metal Lamp Holder~ 6006,ENC8402,Industrial E27 Lamp Holder with 20mm Conduit Entry Ceiling Light Fitting ~ 6006 - Yellow Brass,0,0.00,1,10.89,0,0.00,0,0.00,0,0.00,0,0.00,1,10.89
8649884762362,E27 ES Threaded 20mm Conduit Pipe Lamp Holder Bulb Fitting Socket ~5540,LHTOE27WH,E27 ES Threaded 20mm Conduit Pipe Lamp Holder Bulb Fitting Socket ~5540 - White,0,0.00,0,0.00,0,0.00,0,0.00,0,0.00,1,6.39,1,6.39
14956271567234,Black P Clips 20mm Diameter Plastic Pipe Clamp for Cable Conduit ~ 5997,PCBM20PCBMAPK,Black P Clips 20mm Diameter Plastic Pipe Clamp for Cable Conduit ~ 5997 - Pack 10,0,0.00,0,0.00,0,0.00,0,0.00,0,0.00,1,8.89,1,8.89
15337613820290,16mm/ 20mm/ 3/4'Diameter Round Seamless Steel Conduit Pipe~6806,PC16FT200BA,16mm/ 20mm/ 3/4'Diameter Round Seamless Steel Conduit Pipe~6806 - 16mm / 20cm,0,0.00,0,0.00,0,0.00,0,0.00,1,5.29,0,0.00,1,5.29
15260895773058,Nautical Bulkhead Flush Mount Ceiling Light Wire Cage E27 ~6546,WSWTBL,Nautical Bulkhead Flush Mount Ceiling Light Wire Cage E27 ~6546 - Blue,0,0.00,0,0.00,0,0.00,0,0.00,0,0.00,1,25.49,1,25.49
14882318418306,Swan Neck Bend conduit pipe Fitting Metal 220mm length Thread~5653,PCSN220YB,Swan Neck Bend conduit pipe Fitting Metal 220mm Male Thread -5653 - Yellow Brass,1,4.89,0,0.00,0,0.00,0,0.00,0,0.00,0,0.00,1,4.89
15337613820290,16mm/ 20mm/ 3/4'Diameter Round Seamless Steel Conduit Pipe~6806,PCGZ65TP,16mm/ 20mm/ 3/4'Diameter Round Seamless Steel Conduit Pipe~6806 - 3/4' / 6.5cm,0,0.00,0,0.00,0,0.00,1,2.29,0,0.00,0,0.00,1,2.29
15348210041218,M20 Female Thread Ceiling Rose 100mm Conduit Pendant Kit~6817,CRSFM210080BM+CBSF95,M20 Female Thread Ceiling Rose 100mm Conduit Pendant Kit~6817 - Black,0,0.00,0,0.00,0,0.00,0,0.00,0,0.00,1,5.39,1,5.39
14877955654018,16mm Diameter Round Seamless Steel Black Conduit Pipe Female Thread~5616,PC16FT500BA,16mm Diameter Round Seamless Steel Black Conduit Pipe Female Thread~5616 - 50cm,0,0.00,0,0.00,0,0.00,0,0.00,0,0.00,1,7.15,1,7.15
15348210041218,M20 Female Thread Ceiling Rose 100mm Conduit Pendant Kit~6817,CRSFM210080YB,M20 Female Thread Ceiling Rose 100mm Conduit Pendant Kit~6817 - Yellow Brass,0,0.00,0,0.00,1,6.85,0,0.00,0,0.00,0,0.00,1,6.85
14882318418306,Swan Neck Bend conduit pipe Fitting Metal 220mm length Thread~5653,PCSN220YB,Swan Neck Bend conduit pipe Fitting Metal 20mm Male Thread -5653 - Yellow Brass,1,4.89,0,0.00,0,0.00,0,0.00,0,0.00,0,0.00,1,4.89
15337613820290,16mm/ 20mm/ 3/4'Diameter Round Seamless Steel Conduit Pipe~6806,PC16FT300BA,16mm/ 20mm/ 3/4'Diameter Round Seamless Steel Conduit Pipe~6806 - 16mm / 30cm,0,0.00,0,0.00,0,0.00,1,6.81,0,0.00,0,0.00,1,6.81
15359655346562,2 Pcs 20mm Conduit Dome Cover Conduit Fitting Electrical - 6825,PCDO20WH2PK,2 Pcs 20mm Conduit Dome Cover Conduit Fitting Electrical - 6825 - White,0,0.00,0,0.00,0,0.00,1,4.89,0,0.00,0,0.00,1,4.89
14986122461570,Industrial 20mm Conduit Box Lid Round 10mm Centre Hole ~ 6120,CRFF65BM,Conduit Lid 10mm Center Hole Switch Fitting Covers For Terminal Boxes ~ 6120 - Black,1,1.79,0,0.00,0,0.00,0,0.00,0,0.00,0,0.00,1,1.79
4417289551968,5 x M10 Threaded Aluminum rod Nipple hollow tube in various length ~ 2898,NT35PK,5 x M10 Threaded Aluminum rod Nipple hollow tube in various length ~ 2898 - M10 Nut 3mm,0,0.00,0,0.00,0,0.00,0,0.00,1,5.09,0,0.00,1,5.09
4417289551968,5 x M10 Threaded Aluminum rod Nipple hollow tube in various length ~ 2898,NT55PK,5 x M10 Threaded Aluminum rod Nipple hollow tube in various length ~ 2898 - M10 Nut 5mm,1,5.19,0,0.00,0,0.00,0,0.00,0,0.00,0,0.00,1,5.19
15260815720834,Exposed Nautical Conduit Wall Light E27 Metal ~6548,WSIWCRRE+LDMA60E274WW,Exposed Nautical Conduit Wall Light E27 Metal ~6548 - Red,0,0.00,0,0.00,0,0.00,0,0.00,1,28.69,0,0.00,1,28.69
14882318418306,Swan Neck Bend conduit pipe Fitting Metal 220mm length Thread~5653,PCSN220CO,Swan Neck Bend conduit pipe Fitting Metal 220mm length Male Thread -5653 - Copper,0,0.00,1,4.89,0,0.00,0,0.00,0,0.00,0,0.00,1,4.89
14986122461570,Industrial 20mm Conduit Box Lid Round 10mm Centre Hole ~ 6120,CRFF65FG,Industrial 20mm Conduit Box Lid 10mm Centre Hole  ~ 6120 - French Gold,0,0.00,1,1.79,0,0.00,0,0.00,0,0.00,0,0.00,1,1.79
4417289551968,5 x M10 Threaded Aluminum rod Nipple hollow tube in various length ~ 2898,RD355PK,5 x M10 Threaded Aluminum rod Nipple hollow tube in various length ~ 2898 - 35mm,0,0.00,0,0.00,0,0.00,0,0.00,0,0.00,1,4.59,1,4.59
14882318418306,Swan Neck Bend conduit pipe Fitting Metal 220mm length Thread~5653,PCSN220CO,Swan Neck Bend conduit pipe Fitting Metal 220mm Male Thread -5653 - Copper,1,4.89,0,0.00,0,0.00,0,0.00,0,0.00,0,0.00,1,4.89
14882318418306,Swan Neck Bend conduit pipe Fitting Metal 220mm length Thread~5653,PCSN220BM,Swan Neck Bend conduit pipe Fitting Metal 20mm Male Thread -5653 - Black,1,4.89,0,0.00,0,0.00,0,0.00,0,0.00,0,0.00,1,4.89
14798554268034,Elbow 90 Degree 20mm Metal Bend Conduit Fitting -5552,PCMT20FG,Elbow 90 Degree 20mm Metal Bend Conduit Fitting -5552 - French Gold,0,0.00,1,4.25,0,0.00,0,0.00,0,0.00,0,0.00,1,4.25
4417289551968,5 x M10 Threaded Aluminum rod Nipple hollow tube in various length ~ 2898,RD805PK,5 x M10 Threaded Aluminum rod Nipple hollow tube in various length ~ 2898 - 80mm,1,5.49,0,0.00,0,0.00,0,0.00,0,0.00,0,0.00,1,5.49
14882306818434,Conduit Pipe Table Lamp Kit with Dimmer Switch Steampunk Light -5651,ENC8078,Conduit Pipe Table Lamp Kit with Dimmer Switch Steampunk Light -5651 - NO,0,0.00,1,17.89,0,0.00,0,0.00,0,0.00,0,0.00,1,17.89
15260815720834,Exposed Nautical Conduit Wall Light E27 Metal ~6548,WSIWCRBM+ICT45E2760,Exposed Nautical Conduit Wall Light E27 Metal ~6548 - Black,0,0.00,0,0.00,0,0.00,0,0.00,0,0.00,1,30.19,1,30.19
15260815720834,Exposed Nautical Conduit Wall Light E27 Metal ~6548,WSIWCRBL+LDMA60E274WW,Exposed Nautical Conduit Wall Light E27 Metal ~6548 - Blue,0,0.00,0,0.00,0,0.00,0,0.00,0,0.00,1,28.69,1,28.69
14983364116866,Industrial pipe ceiling pendant lights kit with Conduit Fisherman Cage ~ 6114,ENC8682,Industrial pipe ceiling pendant lights kit with Conduit Fisherman Cage ~ 6114 - Yellow / 30cm / Yes,0,0.00,0,0.00,0,0.00,0,0.00,0,0.00,1,23.99,1,23.99
14821247418754,Industrial Metal Wire Cage Pipe Pendant Light for 3/4 Inch Conduit  ~ 5558,WCPC170GY,Industrial Metal Wire Cage Pipe Pendant Light for 3/4 Inch Conduit  ~ 5558 - Grey / 17cm,0,0.00,0,0.00,1,15.89,0,0.00,0,0.00,0,0.00,1,15.89
14882049458562,Industrial Black Large pendant light 40cm Metal ~5647,ENC8071,Large pendant light 40cm Metal ~5647 - Cable Kit / No,0,0.00,1,15.47,0,0.00,0,0.00,0,0.00,0,0.00,1,15.47
14882049458562,Industrial Black Large pendant light 40cm Metal ~5647,ENC8067,Large pendant light 40cm Metal ~5647 - Chain Kit / Yes,1,20.29,0,0.00,0,0.00,0,0.00,0,0.00,0,0.00,1,20.29
14882049458562,Industrial Black Large pendant light 40cm Metal ~5647,ENC8066,Industrial Black Large pendant light 40cm Metal ~5647 - Cable Kit / Yes,0,0.00,0,0.00,1,18.29,0,0.00,0,0.00,0,0.00,1,18.29
14986122461570,Industrial 20mm Conduit Box Lid Round 10mm Centre Hole ~ 6120,CRFF65CO+PCGZ600TP2PK+PCGZ300TP2PK,Industrial 20mm Conduit Box Lid 10mm Centre Hole  ~ 6120 - Copper,0,0.00,1,1.79,0,0.00,0,0.00,0,0.00,0,0.00,1,1.79
14983364116866,Industrial pipe ceiling pendant lights kit with Conduit Fisherman Cage ~ 6114,ENC8681,Industrial pipe ceiling pendant lights kit with Conduit Fisherman Cage ~ 6114 - Grey / 30cm / Yes,0,0.00,0,0.00,0,0.00,0,0.00,0,0.00,1,23.99,1,23.99
14881090568578,Conduit Lighting L & Tee Connector with E27 Arm Holder -5643,ENC8047,Conduit Lighting L & Tee Connector with E27 Arm Holder -5643 - L Connecter set with Lampshade / No,0,0.00,0,0.00,0,0.00,0,0.00,0,0.00,1,11.19,1,11.19
15260815720834,Exposed Nautical Conduit Wall Light E27 Metal ~6548,WSIWCRPI+LDMT45E274,Exposed Nautical Conduit Wall Light E27 Metal ~6548 - Pink,0,0.00,0,0.00,0,0.00,0,0.00,0,0.00,1,28.69,1,28.69
14983364116866,Industrial pipe ceiling pendant lights kit with Conduit Fisherman Cage ~ 6114,ENC8680,Industrial pipe ceiling pendant lights kit with Conduit Fisherman Cage ~ 6114 - Green / 30cm / Yes,0,0.00,0,0.00,0,0.00,0,0.00,0,0.00,1,23.99,1,23.99
8009969238266,¾ inch Raw Conduit Barrel BSP MALLEABLE Tubing Iron Pipe Fitting ~4653,PCRN200TP,¾ inch Raw Conduit barrel BSP MALLEABLE Tubing Iron pipe Lamp fitting ~4653 - 20cm,0,0.00,1,4.59,0,0.00,0,0.00,0,0.00,0,0.00,1,4.59
14979285942658,Industrial Steampunk Pipe Pendant Light E27 Metal cage hanging Lights~6111,PCGZFF+PCGZ250TP+WCPC170GY+ICST64E27,Industrial Steampunk Pipe Pendant Light E27 Metal cage hanging Lights~6111 - Grey / 25cm / Yes,0,0.00,0,0.00,0,0.00,1,16.39,0,0.00,0,0.00,1,16.39
14958828421506,20mm Conduit Dome Cover with E27 Lamp Holder Fitting Light ~6009,PCDO20YB+PCBSM2FYB+LHNSE27YB,20mm Conduit Dome cover with E27 Lamp Holder Fitting light ~6009 - Yellow Brass,0,0.00,0,0.00,1,10.29,0,0.00,0,0.00,0,0.00,1,10.29
15337613820290,16mm/ 20mm/ 3/4'Diameter Round Seamless Steel Conduit Pipe~6806,PCFT800BA,16mm/ 20mm/ 3/4'Diameter Round Seamless Steel Conduit Pipe~6806 - 20mm / 80cm,0,0.00,0,0.00,1,5.49,0,0.00,0,0.00,0,0.00,1,5.49
