ProductId,Current stock,2026-10-07
SWGS1GBL1,0,
SWGS1GBL,15,6
PHUH1HETBM2PK+ICST64E272PK,350,210
PHUH1HETBM2PK,350,210
PHUH1HETBM+ICST64E27,350,421
LSFT220BB+RPR44WH,300,183
LSFT220BC+RPR44WH,900,305
LSFT220BM+RPR44WH,2853,1481
ENC3487,0,0
LSFT220RR+RPR44WH,294,507
LSFT220BS+RPR44WH,349,250
CRSF100BM+PHCN1PBRBM+LSCP150WH+ICST64E27,74,51
LSDO400OR+RPR44WH,48,49
ENC4097,36,42
LSDO210OR+RPR44WH,342,154
ENC4435,0,0
LSFT220GY+RPR44WH,806,569
CRSF100BMAPK+PHHT1PBRBMAPK+ICST64E27APK,728,194
ENC3548,-,
ENC3546,0,64
LSFT220BL+RPR44WH,551,568
ENC4081,52,32
CRFF100WO+PHMH1HERCO,0,0
LSFT220BI+RPR44WH,2067,1532
CRSF100RR+PHSH1PBRRR+WCBNRR,57,0
CRSF100RRAPK+PHHT1PBRRRAPK+ICST64E27APK,9,3
LSFT220PI+RPR44WH,90,131
LSFT220GR+RPR44WH,1550,1006
ENC4079,0,0
ENC3492,99,0
ENC4135,52,32
ENC4078,0,0
ENC3580,0,0
ENC4377,47,5
LSSS300LG+RPR44WH,0,0
ENC4132,0,47
ENC3516,55,3
LSFT220WH+RPR44WH,882,737
LSFT220RE+RPR44WH,635,446
LSFT220OR+RPR44WH,628,327
ENC4133,80,73
ENC4134,36,42
WCB825BM,5,5
LSFT220YE+RPR44WH,428,499
CRSF100CH+PHCHPCRCH+LSMS320BT,195,229
WCB2BB,78,118
WCB4BM,614,433
LDCWE27125PK,0,0
12BO48,502,1694
WCB3BC,207,175
CRSF2003CH+PHSH1PCRCH3PK+WCLCCH3PK+ICT185E27603PK,118,117
ENC4204,22,33
ENC4201,15,18
LSWD360BC+RPR44WH,59,15
LSTF40BM+RPR44WH,309,133
LSRP260SN+RPR44WH,84,104
CRSF100WH+PHRB1PWR40WH+LSBS160BL,33,12
LSDO210BI+RPR44WH,957,830
LSDM220YB+RPR44WH,325,227
CRFF140GL+LHNSE27YB+SCRN70BM+LSFT220OR+ICST64E27,44,173
CRFF100BM+WSLS155YB+WCMSBM,1,0
12IP6750,302,74
ENC4374,62,57
CRSF100BM+WSLS155GB+LSCY290RE+ICST64E27,369,193
CRSF100BM+WSLS155GB+LSCY290GY,369,241
CRSF100WH+PHCN1PWRWH+LSSS300CH,150,114
ENC4380,9,5
LSUL220BC+RPR44WH,521,617
CRSF100BM+PHHT1PBRBM+WCWVBM+ICST64E2740,98,52
LSFT220FG+RPR44WH,178,324
CRSF100BM+LHNSE27BM+SCRN70YB+LSLT360YE+ICST64E27,149,122
WCB5BB,127,114
PLBXBM+PCGZ250TP+PCRNSR+PCGZ30NT+LHTTE27BM+RPM40BM+LSMS320BI,148,129
ENC4329,0,15
ENC4093,38,17
LSMS320WH+RPR44WH,1231,0
LSHH240BC+RPR44WH,156,85
CRSF2003WH+PHCH1PWRSBL3PK+WCDTBL3PK,57,36
CRSF1202CH+WSIW70CH2PK+WCBNCH2PK,54,51
LSSS300RE+RPR44WH,1215,876
LSSS300CO+RPR44WH,395,330
LSTF40BC+RPR44WH,492,522
LSDO210BG+RPR44WH,802,2094
LDCWE27255PK,71,31
LDCWE27253PK,118,52
CRFF140GL+LHNSE27YB+SCRN70BM+LSTL260BI,0,0
CRFF140GL+LHNSE27YB+SCRN70BM+LSFT220RE+ICST64E27,44,173
CRFF140GL+LHNSE27YB+SCRN70BM+LSFT220BS,44,173
CRFF140GL+LHNSE27YB+SCRN70BM+LSFT220BC,44,173
12IP6730,397,142
12IP67150,245,86
LDCWB22125PK,0,0
CRSF100BM+WSLS155GB+LSCY290BS+ICST64E27,369,241
LDWWB22125PK,0,0
CRSF100BM+PHSH1PBRYB+LSSS300BM+ICST64E2740,842,323
LSSS300BC+RPR44WH,45,63
CCBC18,463,405
12BO18,145,1479
LSFT220RO+RPR44WH,170,382
CRSF2003CH+PHSH1PCRCH3PK+WCLCCH3PK,118,117
WCB5BM,455,380
ENC4331,36,42
LDWWB2212,0,0
ENC4200,51,39
CRSF100BM+PHSH1PBRYB+LSSS300PI,123,68
ENC4195,305,81
CRSF100OR2PK+WSCH135OR2PK+LSDO210OR2PK,64,22
CRSF2003BS+PHRI1PCRSN3PK+LSHH240BS3PK,62,57
ENC4332,18,29
CRSF2003BM+PHRI1PCRCH3PK+LSHH240BM3PK,47,5
ENC4087,18,0
LSTF40CO+RPR44WH,217,0
ENC4086,93,73
LSDM220RO+RPR44WH,258,199
LSDO400WH+RPR44WH,34,0
LSDM220GB+RPR44WH,138,0
CRSF1202CH+WSIW70CH2PK+WCBNCH2PK+ICST64E272PK,54,
LSCY210BS+RPR44WH,179,134
LSUL220BM+RPR44WH,369,638
CRFF500WH+PHCH1PWRSYE3PK+WCDTYE3PK,0,15
WCB6BB,233,113
WCB6BC,391,335
LSTF40SN+RPR44WH,237,147
CRFF500WH+PHCH1PWRSYE3PK+LSSS300YE3PK,0,36
WCB6BS,348,186
CRSF100YB+PHCN1PBRYB+LSSS300YB+ICST64E27,59,0
CRSF100CO+PHCN1PBRCO+LSSS300CO,382,330
ENC4330,92,10
LDCWE2725,355,156
12BO28,626,2363
CRFF500WH+PHCH1PWRSOR3PK+LSSS300OR3PK,52,32
CRFF500WH+PHCH1PWRSOR3PK+LSCY290OR3PK,52,32
LSFT220GB+RPR44WH,88,472
CRSF100BM+LHNSE27BM+SCRN70YB+LSLT360WH,50,60
CRSF100BM+LHNSE27BM+SCRN70YB+LSLT360RE+ICST64E27,84,55
CRFF140YB+WSNW170YB+LSRP260YB,128,0
CRFF500WH+PHCH1PWRSGY3PK+LSSS300GY3PK,63,59
CRSF100BM+LHNSE27BM+SCRN70YB+LSLT360GY,306,220
PLTYBS+ICST64E27,59,0
CRSF125BM+TPWDWO+PHPO1PBRBM,0,0
12IP67100,415,221
CRFF500BS+PHRI1PCRSN3PK+LSHH240BS3PK,2,20
CRFF140GL+LHNSE27YB+SCRN70BM+LSFT220BS+ICST64E27,44,173
PHSF1PWR20WH+LSWE315BU,34,22
CRSF100WH+PHCN1PWRWH+LSSS300CH+ICST64E27,150,114
LSCY210BC+RPR44WH,289,163
LDCWE277,-15,0
LDCWE27252PK,177,78
CRFF500WH+PHCH1PWRSRE3PK+LSCY290RE3PK,36,42
CRFF140GL+LHNSE27YB+SCRN70BM+LSFT220BM,44,173
CRFF140GL+LHNSE27YB+SCRN70BM+LSFT220BB+ICST64E27,44,173
WCB6BM,752,334
CRFF500WH+PHCH1PWRSGY3PK+LSCY290GY3PK,93,73
CRFF140GL+LHNSE27YB+SCRN70BM+LSFT220YE,44,173
12IP6720,599,62
LDWWE2773PK,0,0
LDWWE2772PK,0,0
CCGNNSWE48,170,101
PLTYBC+ICST64E27,144,39
CRSF100BM+WSLS155GB+LSCY290RE,369,193
ENC4293,18,29
ENC4292,36,42
CRSF100GD2PK+PHAH2RGBGD2PK+ICST64E272PK,20,0
ENC4092,95,73
12IP6715,823,259
CRSF100HBM+WSLS155BM+SCRN70BM+LSFT220BM+PSDS2BPB,-,
CRSF100BM2PK+PHAH2RCHBW2PK+ICST64E272PK,110,88
CRSF100FG+WSNW170FG+WCBNFG+ICST64E27,5,0
CRSF100BC+PLOTBC,152,125
ENC4089,68,50
LSMS320BI+RPR44WH,1837,1280
CRSF2003WH+PHCH1PWRSYE3PK+LSDO210YE3PK,0,47
PHSF1PWR20WH+LSWE315BU+ICST64E27,34,22
CRFF500WH+PHCH1PWRSWH3PK+LSCY290WH3PK,95,73
CRFF500WH+PHCH1PWRSRE3PK+LSSS300RE3PK,36,42
CRFF140GL+LHNSE27YB+SCRN70BM+LSFT220BL+ICST64E27,44,173
LDWWE277,-25,0
CRSF100BM+WSLS155GB+LSCY290GY+ICST64E27,369,241
WCB7BM,242,230
WCB4BS,133,621
ENC4090,0,47
LSFT220SN+RPR44WH,154,151
CRSF100BM+LHNSE27BM+SCRN70YB+LSLT360OR,264,191
ENC4205,45,13
PLTYBM+ICST64E27,244,160
LSLC180BC+RPR44WH,110,57
CRSF2003WH+PHCH1PWRSOR3PK+LSDO210OR3PK,52,32
CRSF2003WH+PHCH1PWRSGY3PK+LSDO210GY3PK,34,73
LSSS300RR+RPR44WH,195,155
LSDM220GS+RPR44WH,336,225
LSDM220CO+RPR44WH,302,210
CRFF500WH+PHCH1PWRSWH3PK+LSSS300WH3PK,95,73
CRFF140GL+LHNSE27YB+SCRN70BM+LSFT220BL,44,173
CRFF140GL+LHNSE27YB+SCRN70BM+LSFT220BC+ICST64E27,44,173
12IP6736,1822,1672
ENC4372,52,21
CRSF100HBM+WSLS155BM+SCRN70BM+LSFT220BM+PSDS2BPB+ICST64E27,-,
CRSF100GD2PK+PHAH2RGBGD2PK,20,0
CRSF100FG+WSST70FG,117,73
CRSF100CH+WSST70CH,90,69
WCB7BS,326,144
CRSF100BM+PHCN1PBRBM+LSSS300BI,632,47
LSUL220BB+RPR44WH,245,97
CRSF100BM+PHSQ1PBRYB+LSFT220BL+LDMST64E274,0,285
ENC4193,305,81
12IP20100,109,3
CRSF100BM+PHBL1PBRBM+WCWVBM,98,52
CRSF100BM+LHNSE27BM+SCRN70YB+LSLT360BL,-,
WCB5BC,119,98
WCB3BB,333,304
ENC4091,36,42
LSMS320OR+RPR44WH,868,479
LDCWB22122PK,0,0
LSCY210BG+RPR44WH,1056,1609
LDCWE2725APK,35,15
CRFF500WH+PHCH1PWRSRE3PK+WCDTRE3PK,36,42
CRFF500RR+PHRI1PBRCO3PK+LSHH240RR3PK,9,5
CRFF140GL+LHNSE27YB+SCRN70BM+LSFT220OR,44,173
WCB5WH,28,8
WCB4BC,161,118
WCB4BB,181,151
PSOS2HETBM+WCWVBM,48,52
CRSF100BM+PHCN1PBRBM+LSSS300BM,842,647
CRSF100BM+PHSH1PBRYB+LSSS300BC+ICST64E27,45,63
CRSF100BM+PHSQ1PBRBM+WCSLBM,287,243
CRSF100BM+LHNSE27BM+SCRN70YB+LSLT360WH+ICST64E27,50,60
CRSF100BM+LHNSE27BM+SCRN70YB+LSLT360GY+ICST64E27,306,220
ENC4333,57,36
LSOL180BM+RPR44WH,1276,1775
LSMS320GR+RPR44WH,1228,589
CRSF2003WH+PHCH1PWRSGR3PK+WCDTGR3PK,18,29
CRSF2003BC+PHRI1PBRYB3PK+LSHH240BC3PK,52,21
LSUL220RR+RPR44WH,146,229
LSUL220BS+RPR44WH,369,326
LSSS300SN+RPR44WH,162,99
PHSF1PWR20WH+LSWE315BD+ICST64E27,-,
LSTF40YB+RPR44WH,328,0
LSTF40RR+RPR44WH,255,240
LDCWB22123PK,0,0
LSDO210BS+RPR44WH,201,198
LSDM220CH+RPR44WH,109,46
CRFF500WH+PHCH1PWRSGR3PK+WCDTGR3PK,18,29
CRFF140GL+LHNSE27YB+SCRN70BM+LSFT220WH,44,173
CRFF140RO+WSNW170RO+WCDCRO+ICST64E27,102,124
ENC4156,7,1
CCBC12,236,70
CRSF100BM+PHSH1PBRYB+LSSS300GY,190,178
LSFT220CH+RPR44WH,253,142
LSOL180BS+RPR44WH,171,117
LSMS320YE+RPR44WH,485,25
LSMS320BT+RPR44WH,459,229
CRSF2003WH+PHCH1PWRSRE3PK+WCDTRE3PK,36,42
LSSS300BS+RPR44WH,0,59
CRFF500WH+PHCH1PWRSYE3PK+LSCY290YE3PK,0,47
CRFF500WH+PHCH1PWRSPI3PK+LSSS300PI3PK,0,0
LDWWE2775PK,0,0
CRSF100BM+PHCN1PBRBM+LSSS300BM+ICST64E27,842,647
CRSF100YB+PHCN1PBRYB+LSSS300YB,59,0
LSSS300BI+RPR44WH,632,47
LSFT220YB+RPR44WH,594,200
CRSF1205BM+PHSH2PBRYB5PK+SPUPBM5PK+SCRN70BM+SCRN70FG2PK+LSCY210BM+LSTF40YB+LSUL220BC+LSDO300CO+WCSLBM+ICST64E275PK,-,
CRSF100BM+LHNSE27BM+SCRN70YB+LSLT360YE,149,122
CRSF100BM+LHNSE27BM+SCRN70YB+LSLT360BL+ICST64E27,-,
ENC4199,4,1
ENC4295,57,36
LSHH240BS+RPR44WH,188,171
LSHH240BM+RPR44WH,142,15
CRSF2003WH+PHCH1PWRSYE3PK+WCDTYE3PK,0,15
CRSF2003WH+PHCH1PWRSWH3PK+WCDTWH3PK,92,10
CRSF2003WH+PHCH1PWRSWH3PK+LSDO210WH3PK,80,73
CRSF2003WH+PHCH1PWRSBL3PK+LSDO210BL3PK,8,14
LSCY210RR+RPR44WH,214,195
CRFF500WH+PHCH1PWRSGR3PK+LSSS300GR3PK,18,29
CRFF500BC+PHRI1PBRYB3PK+LSHH240BC3PK,1,28
CRFF140GL+LHNSE27YB+SCRN70BM+LSFT220GR+ICST64E27,44,173
CRFF140GL+LHNSE27YB+SCRN70BM+LSFT220BM+ICST64E27,44,173
12IP6710,963,580
ENC4371,47,5
CRSF100BM+WSLS155GB+LSCY290BL,369,241
LSRP260CO+RPR44WH,229,141
CRSF100GD2PK+PHAH2RYBGD2PK+ICST64E272PK,35,0
CRSF100GD2PK+PHAH2RYBGD2PK,35,0
WCB4RR,314,294
ENC4100,0,36
CRSF100BM+PHSQ1PBRYB+LSFT220BM,0,285
CRSF100RE2PK+WSCH135RE2PK+LSDO210RE2PK,22,33
CRSF100BM+PHSQ1PBRBM+WCSLBM+ICST64E27,287,243
LSRP260CH+RPR44WH,244,0
LSOL180BC+RPR44WH,234,210
CRFF500WH+PHCH1PWRSBL3PK+LSSS300BL3PK,38,17
CRFF140GL+LHNSE27YB+SCRN70BM+LSTL260BI+LDMST64E274,0,0
12IP67250,128,35
LDCWB2212APK,0,0
LSRP260GB+RPR44WH,226,108
CRSF100GY2PK+WSCH135GY2PK+LSDO210GY2PK,51,39
WCB5RR,134,120
LDCWE2712,-56,0
CRSF100CO+PHCN1PBRCO+LSSS300CO+ICST64E27,382,330
12BO100,614,515
CRSF100BM+PHSH1PBRYB+LSSS300BM,842,323
PLBXBM+PCGZ250TP+PCRNSR+PCGZ30NT+LHTTE27BM+RPM40BM+LSMS320BI+LDCWE2715,148,129
WCB2BM,542,353
LSMS320GY+RPR44WH,1106,939
CRSF100BM+PHSQ1PBRYB+LSFT220GR+LDMST64E274,0,285
CRSF2003WH+PHCH1PWRSRE3PK+LSDO210RE3PK,36,42
CRSF100BM+PHSQ1PBRYB+LSFT220BL,0,285
CRSF2003WH+PHCH1PWRSGR3PK+LSDO210GR3PK,18,29
CRSF125BM+TPWDWO+PHPO1PBRBM+ICST64E27,0,0
12BO72,623,853
LSTF40GB+RPR44WH,201,68
LSFT220CO+RPR44WH,789,327
ENC4733,309,133
CRSF100YE2PK+WSCH135YE2PK+LSDO210YE2PK,15,18
WCB5BS,40,34
ENC4379,2,20
ENC4203,64,22
CRFF500WH+PHCH1PWRSGR3PK+LSCY290GR3PK,18,0
WCB2BC,147,129
ENC4202,65,54
CRFF500WH+PHCH1PWRSBL3PK+WCDTBL3PK,57,36
LDCWE27123PK,0,0
ENC4290,92,10
CRFF500WH+PHCH1PWRSBL3PK+LSCY290BL3PK,68,50
LDWWB22122PK,0,0
CRFF500BM+PHRI1PCRCH3PK+LSHH240BM3PK,47,5
ENC4099,95,73
CRSF100BM+PHCN1PBRBM+LSSS300BI+ICST64E27,632,47
CRFF140GL+LHNSE27YB+SCRN70BM+LSFT220WH+ICST64E27,44,173
ENC4088,52,32
ENC4194,305,81
CRFF140GL+LHNSE27YB+SCRN70BM+LSFT220RR,44,173
LSLC180BS+RPR44WH,174,154
LSSS300RO+RPR44WH,74,118
CRSF100WH2PK+WSCH135WH2PK+LSDO210WH2PK,45,13
CRFF140GL+LHNSE27YB+SCRN70BM+LSFT220BB,44,173
LSSS300BL+RPR44WH,114,53
CRSF125BM+TPWDWO+PHDC1PBRBX+ICG95E2740,0,0
12IP20120,300,216
12IP6724,402,377
PHSF1PWR20WH+LSWE315BD,-,
LSWD360BS+RPR44WH,109,100
ENC4291,0,15
ENC4376,9,5
LSTF40BG+RPR44WH,268,284
ENC4378,1,28
LSOL180RR+RPR44WH,164,83
LSDO210BB+RPR44WH,312,233
CRSF100BM+WSLS155GB+LSCY290WH+ICST64E27,369,241
CRSF2003WH+PHCH1PWRSBD3PK+LSDO210BD3PK,-,
CRSF100BM2PK+PHAH2RCOBR2PK,0,0
LSSS300WH+RPR44WH,594,489
LSDM220SN+RPR44WH,315,155
LDWWE277APK,0,0
CRSF100BM2PK+PHAH2RCHBW2PK,110,88
CRSF100BM2PK+PHAH2RBMBM2PK,26,24
CRSF100BM+WSLS155GB+LSCY290YE+ICST64E27,369,241
CRSF100BS+PLOTBS,24,19
CRSF100BM+WSST70BM,268,363
WCB7RR,388,315
CRSF100BM+PHSH1PBRYB+LSSS300BL+ICST64E27,114,53
CRSF100BM+PHSQ1PBRYB+LSFT220BM+LDMST64E274,0,285
CRSF100BM+PHSQ1PBRYB+LSFT220OR+LDMST64E274,0,285
CRSF100NB2PK+WSCH135NB2PK+LSDO210NB2PK,65,54
CRSF100GR2PK+WSCH135GR2PK+LSDO210GR2PK,4,1
CRSF100BM+LHNSE27BM+SCRN70YB+LSLT360RE,84,55
CRSF100BM+LHNSE27BM+SCRN70YB+LSLT360OR+ICST64E27,264,191
PLTYRR+ICST64E27,178,111
LSMS320RE+RPR44WH,648,1088
LSHH240RR+RPR44WH,28,15
CRSF2003RR+PHRI1PBRCO3PK+LSHH240RR3PK,9,5
CRSF1205BM+PHSH2PBRYB5PK+SPUPBM5PK+SCRN70BM+SCRN70FG2PK+LSCY210BM+LSTF40YB+LSUL220BC+LSDO300CO+WCSLBM,77,0
LSSS300YB+RPR44WH,59,65
LSRP260YB+RPR44WH,128,69
LDCWB2212,-23,0
LSDO210BM+RPR44WH,675,628
CRFF500WH+PHCH1PWRSWH3PK+WCDTWH3PK,92,10
CRFF500WH+PHCH1PWRSBU3PK+LSCY290BU3PK,0,0
CRFF140GL+LHNSE27YB+SCRN70BM+LSFT220RE,44,173
CRFF140GL+LHNSE27YB+SCRN70BM+LSFT220GR,44,173
CRSF100BM+WSLS155GB+LSCY290BS,369,241
CRSF100BM+WSLS155GB+LSCY290RR+ICST64E27,38,29
CRSF100BB+PLOTBB+ICST64E2760,-,
CRSF100CO+WSST70CO,61,53
CRSF100BM2PK+PHAH2RCOBR2PK+ICST64E272PK,0,0
CRSF100BM2PK+PHAH2RBMBM2PK+ICST64E272PK,26,24
CRSF100BM+WSLS155GB+LSCY290YE,369,241
LSDO300NB+RPR44WH,157,152
CRSF100BC+PHRI1PBRYB+LSHH240BC,156,85
CRSF100BC+PHRI1PBRYB+LSHH240BC+ICST64E27,156,85
CRSF100CH+PHHT1PCRCH+LSFT220CH+ICST64E27,132,93
CRSF100BM+WSLS155GB+LSCY290WH,369,241
CRSF100FG+WSNW170FG+WCBNFG,5,0
CRSF100BC+PLOTBC+ICST64E27,152,125
CRSF100BS+PLOTBS+ICST64E27,24,19
CRSF100CH+PHHT1PCRCH+LSFT220CH,132,93
CRSF100GB+WSST70GB,125,7
CRSF100BB+PLOTBB,37,22
CRSF100WH+WSST70WH,26,3
CRSF100SE+WSSM40BM+LSOL180SE,-,
CRSF100RR+PHRI1PBRCO+LSHH240RR,28,15
PLBXBS+PLWP120BS+LSUL220BS+ICST64E27,28,4
LDWWB225,-24,0
CRSF100YB+WSST70YB,664,486
CRSF100SN+PHRI1PCRSN+LSHH240BS,188,171
LDCWE277APK,0,0
CRSF100BM+WSLS155GB+LSCY290BL+ICST64E27,369,241
CRSF100SN+WSST70SN,451,423
CRFF500WH+PHCH1PWRSGR3PK+LSFT220GR3PK,18,29
CRFF500WH+PHCH1PWRSBL3PK+LSFT220BL3PK,68,50
LDCWB2272PK,0,0
LDCWB225,25,3
LDCWE279APK,0,0
LDCWB2275PK,0,0
ENC4137,18,29
CCBKNWE25,386,275
WCB1BS,93,0
ENC4389,64,49
CRSF100RRAPK+PHHT1PBRRRAPK,9,3
ENC4336,0,33
LDWWE2795PK,0,0
12ASIP20300,92,78
CRSF100BM+PHSH1PBRYB+LSSS300BL,114,53
CRFF140WH+PHUP1PCRCH+WCB5WH,28,8
CRSF100CH+PHCHPCRCH+LSMS320OR,195,479
CRSF100CH+PHCHPCRCH+LSMS320BD+LDCWE275,-,
24IP2072,274,224
CRSF100BM+WSCH135BM+LSDO210BG,610,162
PHSF1PWR40WH+LSBS160RE,35,69
LDWWE27183PK,249,193
CRSF100BM+PHCN1PBRBM+CNT900BM+LSSS300BM,372,0
CRSF100BS+PHPV1HERBM+LSDO210BS+ICST64E27,17,44
CRSF100BM+PHUH1HETBM+LSCY290BB+ICST64E27,350,312
LSDO300OR+RPR44WH,113,115
LSDO300WH+RPR44WH,101,9
LSDO300SN+RPR44WH,129,21
WCB3WH,187,0
WCB6WH,472,240
WCB2RR,122,0
CRFF140CO+WSNW170CO+LSRP260CO+ICST64E27,229,131
LDWWB2225APK,0,0
LDMA60B224WW2PK,26,0
WCB2BS,340,258
WCB3BS,161,110
LSSS300PI+RPR44WH,123,68
LSDO400BM+RPR44WH,186,51
CRSF100RO+WSNW170RO+WCBNRO+ICST64E27,153,132
LDCWE2773PK,0,0
LDWWE2725APK,49,29
ENC4080,93,73
LDCWB2253PK,8,1
CRFF500WH+PHCH1PWRSBU3PK+LSFT220BU3PK,0,0
LDWWB2218APK,0,0
PLWERR+PHHT1PBRRR+WCSRRR,0,0
CRSF100RR5PK+PHHT1PBRRR5PK,19,6
CRSF100PI5PK+PHHT1PBRPI5PK+ICST64E275PK,5,0
CCBC7,591,549
CRSF100GG2PK+LHLTE27GG2PK+WCGSGD2PK,0,5
ENC4335,0,11
CRFF140GL+LHNSE27YB+SCRN70BM+LSFT220YE+ICST64E27,44,173
CRFF100WO+PHMH1HERYB,0,0
CRSF100WH+PHCN1PWRWH+CNT900WH+LSCY290WH,170,139
LDWWE27153PK,96,50
LDWWE27152PK,144,75
LDWWE279,-19,0
CRSF100CH+PHCHPCRCH+LSMS320GR+LDCWE275,195,589
CRSF100BM+PHRI1PCRCH+LSHH240BM+ICST64E27,142,15
CRSF100BM+PHCH1PBRBC+WCBCBC+LDMST64E274,78,32
CRFF500WH+PHCH1PWRSWH3PK+LSFT220WH3PK,95,73
LDCWE2793PK,0,0
LDWWB2218,-4,0
LDWWE2753PK,0,0
LDWWE2755PK,0,0
ENC4094,18,29
ENC4098,0,0
ENC4096,52,32
PLWP120BS+ICST64E27,28,4
5IP2010,80,27
CCBKNWE18,381,242
CRSF100BM2PK+LHLTE27BM2PK+WCGSBM2PK,0,1
LSRP260YB2PK+RPR44WH2PK,64,34
PLHTBM+ICST64E27,59,0
12ASIP20200,143,117
ENC1115,16,3
CRFF140BY+PHUP1PBRBM+WCB5BM+ICST64E27,118,110
LDCWE2772PK,0,0
LDCWB2232PK,0,0
LDWWE27252PK,245,149
LDWWE27122PK,99,0
ENC4083,36,42
CRFF500WH+PHCH1PWRSRE3PK+LSFT220RE3PK,36,42
ENC4136,34,73
CCBC3,852,773
5IP2025,334,326
CRFF500BM+PHRB1PBR35BM3PK+LSWB135BM3PK,9,6
CRSF100GR+PHCH1PWRSGR+LSLT360GR,56,81
CRSF100BL2PK+LHLTE27BL2PK+WCGSBL2PK,0,11
ENC4436,56,81
PHSF1PWR40WH+LSBS160WH,0,27
CRFF140CO+PHUP1PBRCO+WCB5RR+ICST64E27,134,120
CRFF140WH+PHUP1PCRCH+WCB5WH+ICST64E27,28,8
PHSF1PWR40WH+LSBS160GY+ICST64E27,5,111
CRSF100RE+WSCH135RE+LSDO210RE+ICST64E27,44,66
CRSF100WH+PHCN1PWRWH+CNT900WH+LSSS300CH,150,114
CRFF100BM+WSLS155YB+WCMSBM+ICST64E27,1,0
LDCWB2273PK,0,0
CRFF500WH+PHCH1PWRSYE3PK+LSFT220YE3PK,0,47
LDWWB22185PK,0,0
LDCWE27183PK,91,0
LDCWE27185PK,54,0
LDWWE27123PK,66,0
PLTABC+ICST64E27,76,62
ENC4138,8,14
5IP20100,181,102
ENC4339,0,5
ENC4348,6,3
LDCWB223APK,0,0
LDCWB22253PK,0,0
LDWWB22123PK,0,0
LDCWE2718APK,27,0
LDCWE27182PK,137,0
PLTABM+ICST64E27,54,38
PLWP120RR+ICST64E27,45,43
CRSF100CO+PHUP1PBRCO+CNT900CO+LSCY290CO,256,0
ENC4338,0,12
CRFF140BM+WSCH135BM+LSDO210RE+ICST64E27,129,98
CRSF100GG+PHTT1PWR105GG+WCGSGD+ICST64E27,19,11
LDWWE273,0,0
PHSF1PWR40WH+LSBS160GR+ICST64E27,85,95
24IP20300,106,99
CRSF100BM+PHUH1HETBM+LSCY290BC+ICST64E27,779,421
LSCY290BS+RPR44WH,1105,816
CRSF100RO+PHCHPBRRO+WCWDRO,167,108
12IP20720,57,0
CRSF100BM+PHSQ1PBRYB+LSFT220YE+LDMST64E274,0,285
LDCWB22153PK,103,78
CRSF140GL+LHNSE27YB+SCRN70BM+LSDO210BM,0,0
LSLT360NB2PK+RPR44WH2PK,33,29
CRFF500RR+PHSH1PBRRR3PK+WCBNRR3PK,19,0
CRFF108RO+WSST70RO+LSFT220RO+ICST64E27,80,70
CRSF100BM+WSHR135BM+LSOL180BM+ICST64E27,693,430
PLWP120BM+ICST64E27,1,1
CRSF100BM+LHHTE27BM+WCWVBM,98,52
CRSF100BM5PK+PHHT1PBRBM5PK+ICST64E275PK,1457,388
ENC4337,0,37
WCB1WH,365,209
CRFF140GL+LHNSE27YB+SCRN70BM+LSFT220RR+ICST64E27,44,173
CRSF100BU+PHRB1PBRWH+LSWE315BU+ICST64E27,34,22
ENC4437,0,0
CRSF100BU+PHCH1PWRSBU+LSMS320BU,0,0
LDWWE2793PK,0,0
PHSF1PWR40WH+LSBS160BM,0,60
24IP2024,101,51
LSDO400NB+RPR44WH,0,0
CRSF100BM+PHPV1HERBM+LSDO210BM+ICST64E27,17,44
CRSF100BS+PLOTBS+LSFT220BS+ICST64E27,24,19
CRSF100RR+PLOTRR+LSFT220RR+ICST64E27,95,30
PLDMBC,226,109
CRSF100OR+PHCH1PWRSOR+LSFT220OR,156,97
CRSF100RO+PHCHPBRRO+WCWDRO+LDMST64E274,167,108
12IP20240,122,0
12IP20180,399,328
CRSF100BM+PHSH1PBRYB+LSSS300RE,1215,323
LDWWB2225,0,0
LSHH240BB+RPR44WH,110,92
LSDO400RE+RPR44WH,29,124
CRSF100BM+PHSQ1PBRYB+LSFT220GR,0,285
12IP67350,208,0
CRSF100BM+PHSH1PBRYB+LSSS300RE+ICST64E2740,1215,323
PHCT1BMRBM+PHBA1BMRBM+LSLT360NB,66,0
CRFF500RR+PHSH1PBRRR3PK+LSTF40RR3PK,19,0
CRFF108RO+WSST70RO+ICST64E27,80,70
CRFF108RO+WSST70RO+LSDM220RO,80,70
CRSF100RR+PLOTRR,95,30
LDWWE27255PK,98,59
PLBXRR+PLWP120RR+LSUL220RR,45,43
ENC2181,95,73
ENC4084,0,47
LDCWB2252PK,12,1
LDWWE2712APK,19,0
PLWP120BC+ICST64E27,121,114
PLWEBM+PHHT1PBRBM+WCSRBM+ICT45E2760,25,0
ENC4368,256,0
5IP2050,179,28
5IP20300,314,286
ENC3469,9,6
CRSF100BM+PHCN1PBRBM+CNT900BM+LSCY290BM,372,0
ENC4433,6,3
CRFF140BM+WSCH135BM+LSDO210RE,129,98
LDWWE2715APK,28,15
LDWWE2733PK,0,0
CRSF100SE+WSSM40BM+LSOL180SE+LDMST64E274,-,
PLBXBC+PLWP120BC+LSUL220BC+ICST64E27,121,114
PLBXBM+PLWP120BM+LSUL220BM+ICST64E27,1,1
LDWWB225APK,0,0
LDWWB22183PK,0,0
LDCWB2255PK,5,0
LDWWB22182PK,0,0
LDCWB227,-9,0
LDCWE2795PK,0,0
LDWWE27125PK,39,0
PLTABB+ICST64E27,15,61
WCB1BB,1,14
ENC4364,149,0
PLHTBS+ICST64E27,75,75
PHSF1PWR40WH+LSBS160OR,0,87
PHSF1PWR40WH+LSBS160YE,7,131
CRSF100CH+PHCHPCRCH+LSMS320YE,195,25
PLBXBS+PLWP120BS+LSUL220BS,28,4
PLBXRR+PLWP120RR+LSUL220RR+ICST64E27,45,43
CRSF100RR+PLOTRR+WCBNRR+ICST64E2740,95,30
CRSF100BM+PLOTBM+ICST64E27,45,0
CRSF100RO+WSNW170RO+WCBNRO,153,132
LDCWE2775PK,0,0
LDWWB2212APK,0,0
PLBXBC+PLWP120BC+LSUL220BC,121,114
PLBXBM+PLWP120BM+LSUL220BM,1,1
LDCWE2752PK,0,0
LDCWE2755PK,0,0
ENC4366,372,0
CRFF500FG+PHTT1PWR105GG3PK+WCGSGD3PK,6,3
CRSF100RE2PK+LHLTE27RE2PK+WCGSRE2PK,0,37
CCBKNWE7,663,449
CCBKNWE50,-1,0
CRFF140BM2PK+WSCH135BM2PK+LSDO210RE2PK,64,49
CRSF100BM+PHUP1PBRBM+CNT900BM+LSCY290BM,372,0
WSNGBM+LSFT220GR+LDCWE277,150,149
PHSF1PWR40WH+LSBS160BM+ICST64E27,0,60
24IP20400,19,0
CRSF100BM+WSCH135BM+LSDO210BM+ICST64E27,610,162
CRSF100NB+WSCH135NB+LSDO210NB,131,109
CRSF100BM+PHUH1HETBM+LSCY290GR+ICST64E27,779,0
WSWMYE+ICT45E2760,75,59
CRSF100BM+PHUH1HETBM+LSCY290YE+ICST64E27,779,421
CRSF100BM+PHUH1HETBM+LSCY290RR,38,29
CRSF100BM+PHUH1HETBM+LSCY290BS,779,421
PLDMBM,63,44
ENC4344,54,465
LSDO300YE+RPR44WH,40,0
12IP2080,200,70
CRSF100BM+PHSQ1PBRYB+LSFT220RE,0,285
WCB814BM,0,0
ENC3550,77,0
CRSF100BM+WSLS155GB+LSCY290RR,38,29
ENC4710,47,0
WCWDCH+RPR44WH,171,90
ENC5024,12,0
CRFF108RO+WSST70RO+LSFT220RO,80,70
CRFF500RR+PHCH1PBRRR3PK+WCB5RR3PK,12,0
CRSF100BM+WSHR135BM+LSHH240BB+ICST64E27,110,92
LDMG125E2782PK,1403,887
CRSF100BM+WSHR135BM+LSOL180RR+ICST64E27,164,83
CRSF100WH+PHRB1PWRPW+LSDW100WH+ICST64E27,85,0
CRSF100WHAPK+PHCH1PWRSWHAPK,28,16
ENC4736,103,44
ENC4763,0,0
CRFF500CH+PHTT1PCRCH3PK+WCDC10CH3PK,14,8
CRFF500WH+PHTT1PWR105RE3PK+WCGSRE3PK,26,25
LHRBE27BM,3839,4121
CRSF100WH2PK+PHCH1PWRSYE2PK+LSDO210YE2PK,0,71
CRSF100BMAPK+PHHT1PBRBMAPK,728,194
SPSD88SN,238,136
CBSF175,737,726
SPSD95SN,375,349
ENC2942,16,2
LSDO400WH,34,0
LSOL220GB,127,121
CCORNWH24,199,150
CNT900GB,394,288
SWGS3GBL,178,178
WCSNRO,200,184
LDWWE27182PK,374,290
WSWMWH+ICT45E2760,85,83
CRSF100BM+PHUH1HETBM+LSCY290BC,779,421
PLDMRR,38,14
CRFF140GL+LHNSE27YB+SCRN70BM+LSDO210RR+ICST64E27,44,173
12IP20480,288,204
LDCWE275APK,0,0
LDCWB2215,309,236
LSCY290CH+RPR44WH,248,341
CRSF2003BM+PHHT1PBRBM3PK+WCB5BM3PK+ICST64E273PK,151,126
CRSF100BB+PHCH1PBRBB+LSFT220BB+ICST64E27,37,9
LSCY210BM+RPR44WH,245,292
CRSF100BM+PHSH1PBRYB+LSDO400BI,308,58
CRSF100BL5PK+PHHT1PBRBL5PK,0,0
CRSF100WH2PK+PHCH1PWRSWH2PK+LSDO210WH2PK,121,81
CRSF100BM+WSLS155YB+LSLC180BS,174,45
LQAP3PK,50,50
CRSF100WH5PK+PHHT1PBRWH5PK+ICST64E275PK,0,0
CRSF100WH5PK+PHHT1PWRWH5PK+ICST64E275PK,3,0
ENC4767,20,0
CRFF500CH+PHSF1GYRCH3PK+WCDCCH3PK,0,0
LHRBE27WH,1087,967
LHSHE27BY,350,287
LHSHE27FG,197,210
CRSF100FGAPK+PHHT1PBRFGAPK,31,36
LHCCE27GR,168,202
LDCWB2225,0,0
LDCWB2225APK,0,0
LDCWE2753PK,0,0
LDCWE2718,274,0
LDCWE279,-1,0
CRSF100PI5PK+PHHT1PBRPI5PK,5,0
CRSF100CO+PHCN1PBRCO+CNT900CO+LSCY290CO,262,0
WCB1BC,183,138
24IP20180,114,77
24IP20240,80,6
CRSF100BU+PHCH1PWRSBU+LSLT360BU,0,0
CRFF140CO+PHUP1PBRCO+WCB5RR,134,120
CRFF140BC+PHUP1PBRYB+WCB5BC+ICST64E27,28,23
PHSF1PWR40WH+LSBS160RE+ICST64E27,35,69
PHSF1PWR40WH+LSBS160GR,85,95
CRSF100CH+PHCHPCRCH+LSMS320GY+LDCWE275,195,892
CRSF100YE+WSCH135YE+LSDO210YE+ICST64E27,30,36
CRSF100BS+PLOTBS+LSFT220BS,24,19
CRSF100RR+PHPV1HERBM+LSDO210RR,17,30
CRSF100BM+PHUH1HETBM+LSCY290BB,350,312
CRSF100HBM+WSLS155BM+PSDS4BPB+WCDTBM,0,465
ENC4346,1,0
CRSF100OR+PHCH1PWRSOR+LSFT220OR+ICST64E27,156,97
WCB2WH,681,371
CRSF100BM+PHSQ1PBRYB+LSFT220WH+LDMST64E274,0,285
LDMA60E278WW2PK,338,1047
CRSF2003CO+PHHT1PBRRO3PK+WCB5RR3PK+ICST64E273PK,9,40
LSDO210RR+RPR44WH,141,176
CRSF125BM+TPWDWO+PHDC1PBRBX,0,0
PHCT1BMRBM+PHBA1BMRBM+LSLT360BU,47,0
LSLT360BU3PK+RPR44WH3PK,15,11
CRSF100WH+PHCH1PWRSBD+LSDO210BD,-,
CRSF100BM+PHRI1PCRCH+LSHH240BM,142,15
LDWWE27253PK,163,99
LDCWB2235PK,0,0
LDCWB22255PK,0,0
LDWWE275APK,0,0
PLWEBM+PHHT1PBRBM+WCSRBM,25,0
CRFF140YB+WSNW170YB+LSRP260YB+ICST64E27,128,0
WCB1RR,35,0
24IP20120,142,0
CRSF100BM+PHCH1PBRBC+WCBCBC,78,32
CRSF100SN+PHRI1PCRSN+LSHH240BS+ICST64E27,188,171
CRSF100RR+PLOTRR+ICST64E2760,95,30
CRSF100RR+PHRI1PBRCO+LSHH240RR+ICST64E27,28,15
LDCWE2712APK,0,0
LDWWB2253PK,0,0
LDCWB22252PK,0,0
LDCWB225APK,2,0
PLTABS+ICST64E27,60,50
ENC4361,372,0
WCB1BM,716,432
CRSF100WH+PHUP1PWRWH+CNT900WH+LSCY290WH,215,163
ENC4370,176,46
LDWWE2715,288,150
PHSF1PWR40WH+LSBS160BL,33,12
CRSF100CH+PHCHPCRCH+LSMS320OR+LDCWE2715,195,479
CRSF100BM+WSCH135BM+LSDO210BI+ICST64E27,610,162
CRSF100CO+PHCN1PBRCO+CNT900CO+LSSS300CO,262,155
CRSF100BM+PLOTBM+LSFT220BM+ICST64E27,45,0
CRSF100HBM+WSLS155BM+PSDS4BPB+WCBNBM,54,465
WCB3BM,678,508
LDCWB2215APK,30,23
LDWWB22252PK,0,0
CRSF100BB+PHCH1PBRBB+LSFT220BB,37,9
LSSS300BM+RPR44WH,842,647
WCB7WH,799,415
CRSF100BM+WSHR135BM+LSDM220CH,109,46
LDMG95E278,3995,0
CRSF100WHAPK+PHHT1PBRWHAPK+ICST64E27APK,0,0
ENC4688,0,45
ENC4742,65,61
ENC4765,44,31
ENC5025,11,0
CRFF500WH+PHUM1PCRCH3PK+WCCLWH3PK,0,0
LHPHE27CO,100,73
LHSHE27CH,75,500
CRSF100FGAPK+PHHT1PBRFGAPK+ICST64E27APK,31,36
CRSF100BM+WSHR135BM+LSFT220BB,353,183
CRSF100BM5PK+PHHT1PBRBM5PK,1457,388
CRSF100FG5PK+PHHT1PBRFG5PK,62,72
ENC1836,20,429
CBSF155,489,480
CRSF2003CO,160,245
LSLC180BS2PK+RPR44WH2PK,87,77
CRSF100BM+WSHR135BM+LSFT220BI,693,430
CRSF100BM+WSHR135BM+LSFT220GI,0,0
CRSF100BM+WSHR135BM+LSFT220SN+ICST64E27,154,151
PHUH1HETBM+LSCY290BU,0,91
CRSF100GG+PHTT1PWR105GG+WCGSGD,19,11
CRSF100GB+PHUP1PBRGB+CNT900GB+LSCY290GB,176,46
ENC4362,262,0
PHSF1PWR40WH+LSBS160BD,200,
PHSF1PWR40WH+LSBS160WH+ICST64E27,0,27
WCB7BB,26,13
WSNGBM+LSFT220GR,150,149
CRFF140GB+PHUP1PBRGB+WCB5BB+ICST64E27,127,46
CRFF140BC+PHUP1PBRYB+WCB5BC,28,23
CRSF100CH+PHCHPCRCH+LSMS320WH+LDCWE275,195,0
CRSF100CH+PHCHPCRCH+LSMS320BT+LDCWE275,195,229
CRSF100GR+WSCH135GR+LSDO210GR,8,3
CRSF100OR+WSCH135OR+LSDO210OR,129,44
ENC4357,150,114
CRSF100BM+PHPV1HERBM+LSDO210BM,17,44
CRSF100BM+PHUH1HETBM+LSCY290BT,0,0
LDMA60B224CW2PK,4,0
LSWD360BM+RPR44WH,346,376
LSDO400BT+RPR44WH,23,0
12IP2012,185,139
PLWEBC+PHHT1PBRBC+WCSRBC+ICT45E2760,10,0
LHSHE27RO,244,299
ENC5022,19,0
CRFF108RO+WSST70RO+LSDM220RO+ICST64E27,80,70
CRSF100BM+WSHR135BM+LSHH240BS,188,171
CRSF100BM+WSHR135BM+LSHH240BB,110,92
CRSF100RO+WSST70RO,80,70
CRFF500RR+PHOP1PBRRR3PK+LSDO210RR3PK,37,36
LDCWB223,0,0
CRSF100BM+WSHR135BM+LSDM220CO,302,210
LDCWB2233PK,0,0
CRSF100BM+WSHR135BM+LSDM220CO+ICST64E27,302,210
LDCWE275,0,0
CRSF100CH+PHHT1PBRCH+ICST64E27,164,115
CRFF500WH+PHCH1PWRSPI3PK+LSFT220PI3PK,0,0
ENC4095,63,59
CCBKNWE36,235,0
ENC4363,170,139
CRSF100YB+PHCN1PBRYB+CNT900YB+LSCY290YB,149,0
CRFF100WO+PHMH1HERCO+ICST64E27,0,0
ENC4326,38,1
LDWWE2732PK,0,0
LDWWE279APK,0,0
24IP20360,252,102
ENC1117,0,87
ENC4356,262,155
CRSF100BC+PHPV1HERBM+LSDO210BC,17,44
CRFF140GB+PHUP1PBRGB+WCB5BB,127,46
CRSF100CH+PHCHPCRCH+LSMS320BD,-,
CRSF100OR+WSCH135OR+LSDO210OR+ICST64E27,129,44
CRSF100BM+WSCH135BM+LSDO210BI,610,162
ENC4354,372,0
CRSF100BC+PLOTBC+LSFT220BC,152,125
CRSF100BM+PLOTBM+LSFT220BM,45,0
CRSF100BS+PHPV1HERBM+LSDO210BS,17,44
12IP20150,225,132
LDWWB22255PK,0,0
LDWWB22253PK,0,0
LSWD360RR+RPR44WH,0,1
LSLC180BM+RPR44WH,127,67
LSOL180BB+RPR44WH,122,36
LSDO400GY+RPR44WH,59,21
CRFF500WH+PHHT1PCRCH3PK+LSFT220CH3PK,44,31
CNP1000YB,450,368
CRFF108RO+WSST70RO+LSOL220RO,80,70
LDMG95E2743PK,1288,1794
ENC4534,23,3
ENC4734,154,66
ENC4737,103,44
ENC4739,77,33
ENC4907,75,39
ENC5028,19,0
CRFF500BM+PHSH1PBRYB3PK+WCFRHE3PK,20,17
CRSF100BM+PLOTBM,45,0
LDWWE2725,490,298
LDWWB2255PK,0,0
CRFF500WH+PHCH1PWRSOR3PK+LSFT220OR3PK,52,32
LDCWB227APK,0,0
LDWWB2252PK,0,0
LDWWE2712,198,0
LDWWE2752PK,1,1
ENC4082,0,0
CCBKNWE12,520,117
CRSF100YE2PK+LHLTE27YE2PK+WCGSYE2PK,0,12
PLWERR+PHHT1PBRRR+WCSRRR+ICT45E2760,0,0
ENC3515,55,3
CRSF100GR2PK+LHLTE27GR2PK+WCGSGR2PK,0,33
PHSF1PWR40WH+LSBS160BL+ICST64E27,33,12
LDWWE27155PK,57,30
LDWWE2735PK,0,0
PLHTBC+ICST64E27,48,25
PLHTRR+ICST64E27,89,71
PHSF1PWR40WH+LSBS160YE+ICST64E27,7,131
CRSF100YE+WSCH135YE+LSDO210YE,30,36
ENC4355,372,0
CRSF100BB+PLOTBB+LSFT220BB+ICST64E27,37,22
CRSF100BC+PHPV1HERBM+LSDO210BC+ICST64E27,17,44
CRSF100BM+PHPV1HERBM+LSDO210BI,17,44
CRSF100BM+PHUH1HETBM+LSCY290YE,779,421
ENC4345,0,465
LSDO300YB+RPR44WH,134,0
CRFF140GL+LHNSE27YB+SCRN70BM+LSDO210BM+ICST64E27,44,173
WCB3RR,146,132
WCB4WH,504,426
CCBC9,597,554
24IP20200,130,96
PHSF1PWR40WH+LSBS160GY,5,111
CRSF100CH+PHCHPCRCH+LSMS320WH,195,0
CRSF100BM+WSCH135BM+LSDO210BM,610,162
ENC4358,59,0
CRSF100RR+PLOTRR+LSFT220RR,95,30
CRSF100BM+PHUH1HETBM+LSCY290RR+ICST64E27,38,29
CRSF100HBM+WSLS155BM+PSDS4BPB+WCMSBM,1,0
CRSF100BL2PK+WSCH135BT2PK+LSDO210BL2PK,13,9
12IP2015,126,87
CRSF100BM+WSHR135BM+LSFT220OR,628,327
LDWWE2718APK,74,58
LSSS300GR+RPR44WH,737,535
12IP20400,34,0
CRSF100BM+WSHR135BM+LSDM220FG,94,162
CRSF100BM+WSHR135BM+LSDM220SN+ICST64E27,315,155
ENC4187,51,81
CRSF100BL+PHHT1PBRBL+ICST64E27,0,0
LHSPE27RO,72,71
LSCP150BA,239,228
ENC4743,65,61
ENC4768,2,0
ICMUSHE2760,-79,0
CRFF500BM+PHTT1PBRBM3PK+WCRTBR3PK,65,61
CRFF500RR+PHSH1PBRRR3PK+LSLC180RR3PK,19,0
LHRTE27BM,3888,3628
LSCY290GR+RPR44WH,1534,0
WCB7BC,427,303
CRSF100CH+PHCHPCRCH+LSMS320GY,195,892
24IP20480,0,0
CRSF100RE+WSCH135RE+LSDO210RE,44,66
CRSF100BM+PHUH1HETBM+LSCY290BT+ICST64E27,0,0
WCB6RR,148,182
12IP2024,221,27
CRSF100BM+PHSQ1PBRYB+LSFT220WH,0,285
LDMA60E274WW2PK,144,1865
LSLC180RR+RPR44WH,178,164
LSSS300BB+RPR44WH,3,0
LSDO400YE+RPR44WH,121,151
CRSF100BM+PHSQ1PBRYB+LSFT220OR,0,285
CRSF100BM+PHSH1PBRYB+LSDO400BI+ICST64E27,308,58
ENC5027,19,0
LDMG95E2783PK,1331,0
CRSF100BS+PHCH1PBRBS+LSLC180BS+ICST64E27,61,0
CRSF100BS+PHCH1PBRBS+LSTF40BS,61,0
LHSPE27SN,54,49
LSCY290BU3PK+RPR44WH3PK,0,30
CRSF100WH+PHHT1PBRWH+ICST64E27,0,0
CRSF100WH6PK+PHCH1PWRSWH6PK,47,27
CRSF100ROAPK+PHHT1PBRROAPK+ICST64E27APK,2,27
CRSF100BCAPK+PHHT1PBRBCAPK,18,12
CRSF100ROAPK+PHHT1PBRROAPK,2,27
PHUP1PBRGB,565,46
CRSF2003WH+PHTT1PWR105RE3PK+WCGSRE3PK,26,25
ENC5021,19,0
CRSF100BM+WSHR135BM+LSDM220YB+ICST64E27,325,227
CRSF100WH2PK+PHCH1PWRSBD2PK+LSDO210BD2PK,-,
CRSF100WH2PK+PHCH1PWRSGR2PK+LSDO210GR2PK,28,44
CRSF100CH+PHHT1PBRCH,164,115
LHSQE27BY,65,59
CRSF100RO+PHSH1PBRRO+WCLCRO+LDMT185E274,27,157
CRSF100WH6PK+PHCH1PWRSWH6PK+ICST64E276PK,47,27
CRSF100WHAPK+PHCH1PWRSWHAPK+ICST64E27APK,28,16
CRSF100BC5PK+PHHT1PBRBC5PK,36,25
PHUH1HETBM,779,421
LHBBE27BN,149,146
LHBRE14BM,611,1373
PHSF2BMTBY,227,184
SOV101GTD,162,148
CRFF100FG,175,107
CRSF100BL6PK+PHCH1PWRSBL6PK,34,14
CRSF100BL6PK+PHCH1PWRSBL6PK+ICST64E276PK,34,14
CRSF100BM+PHAH2RBMBM+ICST64E27,53,48
CRSF100BM+WSHR135BM+LSFT220BL,551,430
CRSF100CH+PHCHPCRCH+LSMS320GR,195,589
CRSF100BL+WSCH135BT+LSDO210BL+ICST64E27,26,18
CRSF100GR+WSCH135GR+LSDO210GR+ICST64E27,8,3
CRSF100BL+WSCH135BT+LSDO210BL,26,18
CRSF100BM+WSCH135BM+LSDO210BG+ICST64E27,610,162
CRSF100BM+PHCN1PBRBM+CNT900BM+LSSS300BI,372,0
WSWMBM+ICT45E2760,0,0
LDWWE2718,748,581
LDWWE27185PK,149,116
IMCW,10270,28590
LSSS300CH+RPR44WH,150,114
LSSS300YE+RPR44WH,269,108
CRFF500RR+PHSH1PBRRR3PK+LSCY210RR3PK,19,0
CRSF100BM+WSHR135BM+LSOL180BS,171,117
CRSF100WH2PK+PHCH1PWRSRE2PK+LSDO210RE2PK,54,64
LDMG95E2785PK,799,0
LSDL100BM,0,0
CRSF100RR+PHHT1PBRRR+ICST64E27,95,30
CRSF100WH+PHUM1PCRCH+WCCLWH,0,0
ENC4628,57,30
ENC4754,14,8
ENC4755,19,0
CRFF500RO+PHSH1PBRRO3PK+WCLCRO3PK,9,52
LDCWE2792PK,0,0
ENC4103,18,29
LDCWB22152PK,154,118
CRFF500WH+PHCH1PWRSGY3PK+LSFT220GY3PK,93,73
ENC4101,68,50
LDCWE27122PK,0,0
LDWWE275,2,2
PLTARR+ICST64E27,56,47
5IP20200,276,222
5IP20150,365,342
24IP2048,95,8
ENC4367,215,163
CRSF2003FG+PHTT1PWR105GG3PK+WCGSGD3PK,6,3
LDWWE273APK,0,0
LDWWE2792PK,0,0
CRSF100CH+PHCHPCRCH+LSMS320RE,195,892
CRSF100WH+WSCH135WH+LSDO210WH,91,26
CRSF100NB+WSCH135NB+LSDO210NB+ICST64E27,131,109
12IP20360,76,0
CRFF108RO+WSNW170RO+LSDM220RO+ICST64E27,195,132
CRSF100BM+WSHR135BM+LSFT220OR+ICST64E27,628,327
CRSF100BM+PHSQ1PBRYB+LSFT220RE+LDMST64E274,0,285
IMRGCPK,899,332
IMBL,1506,15
CRSF2003CO+PHHT1PBRRO3PK+WCB5RR3PK,9,40
CRSF2003BM+PHHT1PBRBM3PK+WCB5BM3PK,151,126
LSSS300GY+RPR44WH,190,178
CRSF100BM+PHSH1PBRYB+LSDO400NB,0,0
ENC637,26,25
CRSF100BM+WSHR135BM+LSHH240BS+ICST64E27,188,171
CNT900YB,420,291
CRSF100BM+WSHR135BM+LSDM220CH+ICST64E27,109,46
CRSF100BM+WSHR135BM+LSDM220GB+ICST64E27,138,0
CRSF100BM+WSHR135BM+LSDM220YB,325,227
LDMG125E2785PK,561,355
CRSF100BB+PHCH1PBRBB+LSTF40BB+ICST64E27,37,9
ENC4646,9,52
ENC4689,0,45
ENC4741,61,26
HKR10CO,1329,1314
CRFF500BB+PHCH1PBRBB3PK+LSTF40BB3PK,23,3
CRFF500RR+PHCH1PBRRR3PK+WCB1RR3PK,11,0
LSDO300BU+RPR44WH,113,106
PSOS2HETBM+WCWVBM+ICST64E27,48,52
CRSF100BM+LHHTE27BM+WCWVBM+ICST64E27,98,52
LHLEE27BM,0,0
CCBKNWE48,260,0
CRSF2003YB+LHTKE27YB3PK+ICST64E273PK,11,1
CRSF100BM+PHAH2RCOBR+ICST64E27,0,0
CRSF100BM+WSHR135BM+LSFT220BG+ICST64E27,693,430
CRSF100BM+WSHR135BM+LSFT220GR,693,430
CRSF100BM+WSHR135BM+LSFT220GY,693,430
CRSF100BM+WSHR135BM+LSFT220NB,259,102
ENC4647,9,52
ENC5019,37,36
ENC5020,19,0
ENC5023,12,0
IMRGFPK,179,66
LDMG95E274APK,386,538
LSDO300BI+RPR44WH,128,75
LDMG95E274,3864,5382
LSUL220BB,245,97
PSDS2BMRGD,188,380
CBSF295,607,580
SWAG2GAD,41,98
SOGS2GGK,0,0
LHDHE27SN,0,0
CRSF2003CH+PHSF1GYRCH3PK+WCDCCH3PK,0,0
CRSF2003CH+PHTT1PCRCH3PK+WCDC10CH3PK,14,8
ENC2526,20,17
ENC2527,20,17
LSLT360RR3PK+RPR44WH3PK,16,12
12UK3P8A,288,0
CRFF140GB,317,220
CRSF100BLAPK+PHCH1PWRSBLAPK,20,8
CRSF100BM+WSHR135BM+LSFT220BS+ICST64E27,349,250
CRSF100BM+WSHR135BM+LSFT220BU+ICST64E27,151,26
CRSF100BM+WSHR135BM+LSFT220GR+ICST64E27,693,430
CRSF100BM+WSHR135BM+LSOL180BG+ICST64E27,410,430
CRSF100BM+WSHR135BM+LSDM220FG+ICST64E27,94,162
LDMG95E2745PK,772,1076
LHTBE27RO,5,37
LLRO10W,369,0
LSCY210BM,245,292
LDMG95E2746PK,644,897
CRSF100CHAPK+PHHT1PBRCHAPK,16,11
PSOS2HETBM+WCDCBM+ICST64E27,48,207
CRSF100RR5PK+PHHT1PBRRR5PK+ICST64E275PK,19,6
PHSF2AGRGB,186,200
WSWMYE,75,59
LHBBE27SN,205,191
5IP2028,345,240
CRSF2003SN,235,170
LSDO400BI+RPR44WH,308,58
LSDO400BL+RPR44WH,-,
CRFF140CH,14,0
WCDCBC,568,513
CRSF100BLAPK+PHHT1PBRBLAPK,0,0
CRSF100BM+PHAH2RCOBR,0,0
CRSF100BM+WSHR135BM+LSFT220SN,154,151
CRSF100BC+PLOTBC+LSFT220BC+ICST64E27,152,125
CRFF140GL+LHNSE27YB+SCRN70BM+LSDO210BC,44,173
CRSF100BM+PHPV1HERBM+LSDO210BI+ICST64E27,17,44
CRFF140CO+WSNW170CO+LSRP260CO,229,131
12IP20600,49,13
12IP2040,179,0
12IP2030,90,3
LDCWB22155PK,61,47
IMGRFPK,108,48
LSSS300OR+RPR44WH,578,470
LSDO210BC+RPR44WH,120,266
ENC4157,7,1
ENC4597,74,41
LSLT360BU+RPR44WH,47,35
CRFF108RO+WSNW170RO+LSOL220RO+ICST64E27,174,132
LDMA60B228CW2PK,1,1
ENC4188,28,44
ENC4192,54,64
LLRO24W,61,0
CRSF100RO+PHHT1PBRRO+ICST64E27,28,274
CRSF100WH+PHHT1PBRWH,0,0
ENC4738,77,33
CRSF100WH2PK+PHCH1PWRSBL2PK+LSDO210BL2PK,13,21
LHBBE27RO,321,315
WCBCRR,155,113
24IP6720,148,98
CRSF2003CH+PHRI1PCRCH3PK+WCWDCH3PK,57,30
LDMG95E2742PK,1932,2691
ENC4533,20,3
ENC4189,121,81
CRSF100BM+WSHR135BM+LSDM220GB,138,0
CRSF100FG+PHHT1PBRFG,312,364
CRSF100WHAPK+PHHT1PBRWHAPK,0,0
ENC4735,154,66
ENC4740,61,26
ENC4766,44,31
ENC4908,29,39
ENC5029,0,0
CRFF500RR+PHSH1PBRRR3PK+LSOL180RR3PK,19,0
CRFF500RR+PHSH1PBRRR3PK+WCVCRR3PK,0,0
LHSPE27CH,19,15
CRFF108RO+WSST70RO,80,70
CRSF100BC5PK+PHHT1PBRBC5PK+ICST64E275PK,36,25
LDMG125E2783PK,935,591
LDSG125LOE274,2246,2295
CRSF2003FG,143,165
LSLC180BS3PK+RPR44WH3PK,58,51
12RPIP45100,75,5
CL3RPE,619,605
CL3TSI,363,325
CNP1000RO,334,312
SWGS2GGD,56,0
CRSF100CHAPK+PHHT1PBRCHAPK+ICST64E27APK,16,11
CRSF100PIAPK+PHHT1PBRPIAPK,2,0
CRSF100CH5PK+PHHT1PBRCH5PK,32,23
CRSF100CH5PK+PHHT1PBRCH5PK+ICST64E275PK,32,23
CRSF100RO5PK+PHHT1PBRRO5PK,5,54
LDMG125E2786PK,467,295
LDST185E274,1353,1378
12IP2036,134,0
CL3TMU,94,91
CRFF140+WSNW170+WCDC-Wall light,-,
WCDTRE,154,270
WCRTBR+RPR44WH,195,184
WSAT105CO,182,120
CRSF100BL2PK+PHHT1PBRBL2PK+ICST64E272PK,0,0
CRSF100BLAPK+PHHT1PBRBLAPK+ICST64E27APK,0,0
CRSF100BM+WSHR135BM+LSHH240BM,142,15
CRSF100BM+WSHR135BM+LSOL180BC,234,210
CRSF100CH+LHNSE27CH+LSRP260CH+ICST64E27,244,0
PHNW2RBS,54,42
ENC4270,26,25
CRSF100RE+LHLTE27RE+WCGSRE,0,75
LDMST64E2765PK,0,436
CCBC36,218,0
CCBC24,344,301
CRSF100BS+PHCH1PBRBS+LSFT220BS+ICST64E27,61,0
LSLT360NB+RPR44WH,66,58
ENC4185,11,2
CRSF100BB+PHCH1PBRBB+LSTF40BB,37,9
CRSF100BM+WSLS155YB+LSLC180BS+ICST64E27,174,45
CRSF100BS+PHCH1PBRBS+LSLC180BS,61,0
CRSF100FG+PHHT1PBRFG+ICST64E27,312,364
ENC5031,353,183
CRFF500RR+PHSH1PBRRR3PK+LSUL220RR3PK,19,0
ENC1356,0,0
LSDO210WH+RPR44WH,242,407
CRSF100BCAPK+PHHT1PBRBCAPK+ICST64E27APK,18,12
CRSF100FG5PK+PHHT1PBRFG5PK+ICST64E275PK,62,72
LDMG125E278APK,280,177
DCFR,909,909
CRSF100BM+WSHR135BM+LSHH240RR,28,15
CNT900WH,498,437
CRSF100BM+PHAH2RCHBW+ICST64E27,220,177
CRSF100BM+WSHR135BM+LSFT220BG,693,430
CRSF100BM+WSHR135BM+LSFT220BM,693,430
CRSF100BM+WSHR135BM+LSFT220BM+ICST64E27,693,430
CRSF100RO5PK+PHHT1PBRRO5PK+ICST64E275PK,5,54
WSWMWH,85,83
SWGS1GGD,0,0
LSFT220BB,353,183
CRSF2003SN+LHTKE27SN3PK+ICST64E273PK,45,36
CL3TLP,198,128
CL3TRH,97,93
CRFF140CH+WSNW170CH+WCDCCH+ICST64E27,0,0
SWRS2GBM,2,2
CRSF100BL2PK+PHCH1PWRSBL2PK,102,44
CRSF100BM+PHSH1PBRYB+WCFRHE,61,52
CRSF100BM+PHTT1PBRBM+WCRTBR,195,184
CRSF100BM+WSHR135BM+LSFT220BC+ICST64E27,693,305
CRSF100BM+WSHR135BM+LSFT220PI,90,131
CRSF100BM+WSHR135BM+LSFT220RE,635,430
CRSF100BM+WSHR135BM+LSHH240RR+ICST64E27,28,15
LSSS300NB+RPR44WH,160,108
PHHR1YETYE,193,193
PHSF1AGTGB,291,276
CRSF100GY5PK+PHHT1PBRGY5PK+ICST64E275PK,0,1
ENC3549,77,0
ENC4709,66,0
LSLT360BU2PK+RPR44WH2PK,23,17
CRFF500WH+PHCH1PWRSWH3PK+LSSS300BU3PK,0,0
LSLT360NB3PK+RPR44WH3PK,22,19
IMBLFPK,15,0
LDMG95E2786PK,665,0
CRSF100BM+WSHR135BM+LSDM220SN,315,155
LDMG95E2782PK,1997,0
CRSF100BS+PHCH1PBRBS+LSTF40BS+ICST64E27,61,0
LSCY290BU2PK+RPR44WH2PK,0,45
CRSF100WH+PHRB1PWRPW+LSDW100WH,85,0
ICG80E2760,0,0
CRFF500CH+PHHT1PCRCH3PK+LSOL220CH3PK,44,31
LHNHE27YB,51,41
LHSHE27CO,750,441
CRSF100FG2PK+PHHT1PBRFG2PK,156,182
CRSF2003CH+PHHT1PCRCH3PK+LSOL220CH3PK,44,31
24IP6745,357,332
CRSF2003WH+PHRB1PWRPW3PK+LSBS160BU3PK,16,0
CNT900FG,222,89
CRSF100BU+PHRB1PBRWH+LSWE315BU,34,22
CRFF140BY+PHUP1PBRBM+WCB5BM,118,110
CRSF100CH+PHCHPCRCH+LSMS320YE+LDCWE275,195,25
CRSF100CH+PHCHPCRCH+LSMS320RE+LDCWE2715,195,892
CRSF100WH+WSCH135WH+LSDO210WH+ICST64E27,91,26
CRSF100YB+PHCN1PBRYB+CNT900YB+LSSS300YB,59,0
CRSF100BB+PLOTBB+LSFT220BB,37,22
CRSF100RR+PHPV1HERBM+LSDO210RR+ICST64E27,17,30
CRSF100BM+PHUH1HETBM+LSCY290BS+ICST64E27,779,421
CRFF140GL+LHNSE27YB+SCRN70BM+LSDO210BS+ICST64E27,44,173
ENC4198,13,9
12IP2060,180,29
CRSF100BM+PHSQ1PBRYB+LSFT220YE,0,285
CRSF100BM+PHSH1PBRYB+LSSS300YE,269,108
CRSF100BM+PHSH1PBRYB+LSSS300PI+ICST64E2740,123,68
12IP20200,209,148
CRFF500WH+PHCH1PWRSBD3PK+LSDO210BD3PK,-,
CRFF108RO+WSST70RO+LSOL220RO+ICST64E27,80,70
CRSF100BM+WSHR135BM+LSOL180BS+ICST64E27,171,117
CRSF100RO+PHSH1PBRRO+WCLCRO,27,157
CRSF100WH+PHTT1PWR105WH+WCGSRE,108,105
CRSF100WH+PHTT1PWR105WH+WCGSRE+ICST64E27,108,105
CRSF100WH+PHUM1PCRCH+WCCLWH+ICST64E27,0,0
CRSF100WH5PK+PHHT1PBRWH5PK,0,0
ENC4753,14,8
CRFF500CH+PHHT1PCRCH3PK+WCWDCH3PK,44,30
LDSSTRE2743PK,8,212
WSWMBM,0,0
LDMG125E278,2807,1775
PHAH2RBMBM,53,48
PHHR1BMTBM+ICST64E27,251,247
PHHR1BRTBR,300,294
CRSF2003BS+PHCH1PBRBS3PK+LSTF40BS3PK,20,0
LDMST64E2786PK,759,9
CRSF100WH2PK+PHCH1PWRSOR2PK+LSDO210OR2PK,78,48
LDWWB229,0,0
CRSF100BM+LHHTE27BM+WCBNBM,113,444
LDWWB2293PK,0,0
CRSF100YB+WSNW170YB+SCRN70YB+LSFT220YB+ICST64E27,195,200
CRSF100WH+LHNSE27WH+LSMS320GY,158,163
CRSF100WH+LHNSE27WH+LSMS320WH+ICST64E27,158,0
CRSF100BM+WSHR135BM+LSFT220CH,253,142
CRSF100BM+WSHR135BM+LSFT220RO+ICST64E27,170,382
CRSF100BM+WSHR135BM+LSFT220YE,428,430
CRSF100BM+WSLS155BM+WCB5BM,455,380
PHUH2HETBM+LSCY290BU,0,91
PHAH2RYBGD,142,0
PHCN1PBRYB,149,0
CRSF108CH+LHNSE27CH+WCDC10CH+ICST64E27,42,25
LDMST64E2785PK,911,11
LDCWE27153PK,30,0
CRSF100SN+WSNW170SN+SCRN70SN+LSFT220SN+ICST64E27,154,107
CRSF100WH+LHNSE27WH+LSMS320BI+ICST64E27,158,163
LHDHE27CO,152,164
CRSF100BLAPK+PHCH1PWRSBLAPK+ICST64E27APK,20,8
CRSF100BM+WSHR135BM+LSFT220CH+ICST64E27,253,142
CRSF100BM+WSHR135BM+LSFT220GY+ICST64E27,693,430
CRSF100BM+WSHR135BM+LSHH240BM+ICST64E27,142,15
CRSF100BM+WSHR135BM+LSOL180BC+ICST64E27,234,210
PHAH2RCHBW,220,177
PHPV1HERBM,17,44
PHSF1GYTCH+LSRP260CH,196,0
PHUH2HETBM+LSCY290BU+ICST64E27,0,91
CRSF100BM+WSHR135BM+LSUL220RR,146,229
CRSF100FG+WSNW170FG+SCRN70FG+LSFT220FG+ICST64E27,5,0
CRSF100WH+LHNSE27WH+LSMS320YE,158,25
CRSF100WH+WSLS155WH+WCB5WH,28,8
CRSF108CH+LHNSE27CH+WCDC10CH,42,25
CRSF100FG2PK+PHHT1PBRFG2PK+ICST64E272PK,156,182
CRFF108RO+WSNW170RO+LSDM220RO,195,132
CRFF108RO+WSNW170RO+LSOL220RO,174,132
ENC4191,78,48
PSOS2HETBM+WCDCBM,48,207
LDSHEAE274,812,1611
CL3RIV,444,437
WSFTWH,273,252
CRSF100BM+PHAH2RBMBM,53,48
CRSF100BM+PHAH2RCHBW,220,177
CRSF100BM+WSHR135BM+LSFT220PI+ICST64E27,90,131
CRSF100BM+WSHR135BM+LSOL180BB,122,36
CRSF100BM+WSHR135BM+LSOL180BB+ICST64E27,122,36
PHSF1GYTCH+LSRP260CH+ICST64E27,196,0
CRSF100GY5PK+PHHT1PBRGY5PK,0,1
CRSF100GYAPK+PHHT1PBRGYAPK,0,0
LDWWB22155PK,8,3
CRSF100BM+WSHR135BM+LSUL220BS+ICST64E27,369,326
CRSF100SN+WSNW170SN+SCRN70SN+LSFT220SN,154,107
CRSF100WH+LHNSE27WH+LSMS320OR+ICST64E27,158,163
CRSF100BM+WSLS155GB+WCB5BM,369,241
CRSF100BM+WSHR135BM+LSFT220RE+ICST64E27,635,430
CRSF100GY2PK+PHHT1PBRGY2PK,0,4
CRSF100GY2PK+PHHT1PBRGY2PK+ICST64E272PK,0,4
CRSF100RE+LHLTE27RE+WCGSRE+ICST64E27,0,75
LDMST64E2782PK,2278,27
LDMST64E278APK,455,5
CRSF100BM+WSHR135BM+LSOL180RR,164,83
LDWWB2292PK,0,0
CRSF100FG+WSNW170FG+SCRN70FG+LSFT220FG,5,0
CRSF100WH+LHNSE27WH+LSMS320RE,158,163
CRSF100CO+WSLS155CO+WCB5RR+ICST64E27,116,0
CNT900CO,262,155
CNT900RO,590,587
WCGSRE,108,105
WSLS155CH,268,217
CRSF100BM+LHHTE27BM+WCLNBM+ICST64E27,113,444
CRSF100BM+WSHR135BM+LSFT220NB+ICST64E27,259,102
CRSF100CH+LHNSE27CH+LSRP260CH,244,0
CRSF100BM+PHSH1PBRYB+LSSS300OR+ICST64E27,578,323
PHSF1GDTYB2PK+LSRP260YB2PK+ICST64E272PK,64,34
CRSF108YB+WSSR40YB,0,0
PLHLBC,90,149
CRSF120BM+PHSH2PBRBM+SPUPBM+LSTF40BM,309,133
LDMST64E276,2,2184
PHUH0.5HETBM+LSCY290BU,0,91
LDWWB227,-6,0
CRSF100BM+WSNW170BM+SCRN70BM+LSFT220BG,128,169
CRSF100WH+LHNSE27WH+LSMS320GY+ICST64E27,158,163
CRSF100WH+LHNSE27WH+LSMS320OR,158,163
CRSF100WH+WSLS155WH+WCB5WH+LDCWE273,28,8
CRSF100BS+PHSH1PBRBS+WCBNBS,114,71
CRSF100BM+WSLS155GB+WCB5BM+ICST64E27,369,241
LSCY290BC+RPR44WH,876,989
CRSF100BM+WSHR135BM+LSFT220BS,349,250
CRSF100BM+WSHR135BM+LSFT220BU,151,26
CRSF100BM+WSHR135BM+LSFT220CO+ICST64E27,693,327
CRSF100BM+WSHR135BM+LSFT220GS+ICST64E27,179,419
CRSF108RO,27,3
PLHCBC,26,0
CRSF100GYAPK+PHHT1PBRGYAPK+ICST64E27APK,0,0
LDCWE2715,91,0
LDCWE27152PK,45,0
CRSF100BM+WSHR135BM+LSUL220BC+ICST64E27,521,430
CRSF100RO+WSNW170RO+SCRN70RO+LSFT220RO,170,132
LSCY290NB+RPR44WH,1234,718
CRSF100BM+WSHR135BM+LSFT220YB+ICST64E27,594,200
PHAH2RCOBR,0,0
PHCD1PBR3WH,119,119
PHCN1PBRBM,919,902
ENC4229,0,0
CRSF120CH2PK+LHNSE27CH2PK+LSRP260CH2PK,122,0
LDMST64E276APK,0,218
ENC4186,13,21
LDWWB2295PK,0,0
CRSF100BM+WSLS155YB+SCRN70BM+LSLC180BS,174,45
CRSF100WH+LHNSE27WH+LSMS320GR,158,163
WCLCRO+RPR44WH,163,157
CRSF100BL2PK+PHCH1PWRSBL2PK+ICST64E272PK,102,44
CRSF100BM+WSHR135BM+LSFT220BC,693,305
CRSF100BM+WSHR135BM+LSFT220FG+ICST64E27,178,324
CRSF100BM+WSHR135BM+LSFT220GB+ICST64E27,88,430
CRSF100BM+WSHR135BM+LSHH240BC,156,85
CRSF100BM+WSHR135BM+LSOL180BG,410,430
CRSF120YB,626,0
CRSF2003BM+PHSH1PBRYB3PK+WCFRHE3PK,20,17
CRSF2003BM+PHTT1PBRBM3PK+WCRTBR3PK,65,61
CRSF100PIAPK+PHHT1PBRPIAPK+ICST64E27APK,2,0
LDMST64E2783PK,1519,18
PHUH1HETBM+LSCY290BU+ICST64E27,0,91
LDWWB2272PK,0,0
CRSF100CH+WSNW170CH+SCRN70CH+LSFT220CH+ICST64E27,107,0
CRSF100WH+LHNSE27WH+LSMS320BD+ICST64E27,-,
CRSF100BM+WSLS155YB+SCRN70BM+LSLC180BS+ICST64E27,174,45
CRSF100BM+WSLS155BM+WCB5BM+ICST64E27,455,380
CRSF100BM+WSHR135BM+LSOL180BM,693,430
LSRP260YB,128,69
CRSF108WH,249,88
LDMST64E278,4557,55
PHUH0.5HETBM+LSCY290BU+ICST64E27,0,91
LSRP260CH3PK+RPR44WH3PK,81,0
LSCY290BU5PK+RPR44WH5PK,0,18
LDWWB22152PK,21,9
CRSF100BM+WSHR135BM+LSUL220BS,369,326
CRSF100BM+WSLS155YB+SCRN70BM+LSLC180RR,178,45
CRSF100BM+WSLS155YB+SCRN70BM+LSLC180RR+ICST64E27,178,45
CRSF100BS+PHSH1PBRBS+WCBNBS+ICST64E27,114,71
CRSF100YB+WSLS155YB+WCB5BC,119,45
CRSF2003CH+PHUM1PCRCH3PK+WCCLWH3PK,0,0
ENC4190,0,71
WSAT105YB,2,19
CRSF100BM+PHTT1PBRBM+WCRTBR+ICST64E27,195,184
CRSF100BM+WSHR135BM+LSFT220RR,294,430
CRSF100BM+WSHR135BM+LSFT220YB,594,200
ENC4230,0,0
CRSF100HCH+LHNSE27CH+SCRN70CH+WCWDCH,171,34
CRSF100BM+WSHR135BM+LSUL220BB+ICST64E27,245,97
CRSF100YB+WSNW170YB+SCRN70YB+LSFT220YB,195,200
CRSF100CH+WSNW170CH+SCRN70CH+LSFT220CH,107,0
CRSF100WH+LHNSE27WH+LSMS320YE+ICST64E27,158,25
CRSF100RO+PHSH1PBRRO+WCBNRO,27,143
CRSF100BM+WSLS155YB+SCRN70BM+LSLC180BC+ICST64E27,110,45
CRSF100BM+WSNW170BM+SCRN70BM+LSFT220BG+ICST64E27,128,169
LDMST64E2766PK,0,364
LDWWB229APK,0,0
CRSF100WH+LHNSE27WH+LSMS320GR+ICST64E27,158,163
CRSF100RR+PHSH1PBRRR+WCBNRR+ICST64E27,57,0
CRSF100RO+PHSH1PBRRO+WCBNRO+ICST64E27,27,143
CRSF100BM+WSLS155YB+SCRN70BM+LSLC180BC,110,45
CRSF100BM+WSHR135BM+LSFT220CO,693,327
CRSF100BM+WSHR135BM+LSFT220FG,178,324
CRSF100BM+WSHR135BM+LSFT220GS,179,419
CRSF100BM+WSHR135BM+LSFT220RO,170,382
CRSF2003BB+PHCH1PBRBB3PK+LSTF40BB3PK,20,3
CRSF100GY+PHHT1PBRGY,0,8
CRSF100WH2PK+PHCH1PWRSGY2PK+LSDO210GY2PK,51,81
CRSF100BM+WSHR135BM+LSUL220BM+ICST64E27,369,430
CRSF100BM+WSHR135BM+LSUL220RR+ICST64E27,146,229
CRSF100WH+LHNSE27WH+LSMS320BT+ICST64E27,158,163
CRSF100WH+LHNSE27WH+LSMS320BI,158,163
CRSF100YB+WSLS155YB+WCB5BC+ICST64E27,119,45
CRSF100CO+WSLS155CO+WCB5RR,116,0
24IP6780,145,62
LDMG80E274,865,2241
CRSF2003CH+PHHT1PCRCH3PK+WCWDCH3PK,44,30
CNP1000WH,549,514
CRFF140CH+WSNW170CH+WCDCCH,0,0
WCCLWH+RPR44WH,0,0
WCFRHE+RPR44WH,61,52
WCWYBB,142,0
WSAT105SN,31,6
WSLS155RO,496,483
CRSF100BL5PK+PHHT1PBRBL5PK+ICST64E275PK,0,0
CRSF100BM+LHHTE27BM+WCBNBM+ICST64E27,113,444
CRSF100BM+LHHTE27BM+WCLNBM,113,444
CRSF100BM+WSHR135BM+LSFT220YE+ICST64E27,428,430
PHHR1YETYE+ICST64E27,193,193
CRSF100BM+WSHR135BM+LSUL220BC,521,430
CRFF500RR+PHCH1PBRRR3PK+WCB3RR3PK,12,0
CRSF100BM+WSHR135BM+LSUL220BM,369,430
CRSF100RO+WSNW170RO+SCRN70RO+LSFT220RO+ICST64E27,170,132
CRSF100WH+LHNSE27WH+LSMS320BT,158,163
CRSF100BM+PHSH1PBRYB+WCFRHE+ICST64E27,61,52
CRSF100BM+WSHR135BM+LSFT220BI+ICST64E27,693,430
CRSF100BM+WSHR135BM+LSFT220BL+ICST64E27,551,430
CRSF100BM+WSHR135BM+LSFT220GB,88,430
CRSF100BM+WSHR135BM+LSFT220GI+ICST64E27,0,0
CRSF100BM+WSHR135BM+LSFT220RR+ICST64E27,294,430
CRSF100BM+WSHR135BM+LSHH240BC+ICST64E27,156,85
PHHR1BRTBR+ICST64E27,300,294
PLHIBS,60,30
CRSF2003BM+PHSW1PBRBM3PK+LSFT220CH3PK,75,39
CRSF100FG+PHHT1PBRFG+WCLCFG,281,267
CRSF100GY+PHHT1PBRGY+ICST64E27,0,8
LDMG95E278APK,399,0
LDMST64E2762PK,1,1092
LDMST64E2763PK,0,728
LSRP260GB2PK+RPR44WH2PK,113,54
LDWWB2273PK,0,0
LDWWB22153PK,14,6
CRSF100WH+LHNSE27WH+LSMS320RE+ICST64E27,158,163
LSCY290BU+RPR44WH,0,91
LSDO210GY+RPR44WH,103,228
LSDO210NB+RPR44WH,131,112
LSDO210GR+RPR44WH,109,231
LSDO210BL+RPR44WH,26,43
LHSWE27RO,0,0
LHMTE27BM,0,0
LHMTE27CH,0,0
LHPHE27YB,3,0
LHSWE27FG,0,0
LDWWB2215,42,18
LDCWB2295PK,0,0
LDCWB22183PK,131,98
CRFF140GL+LHNSE27YB+SCRN70BM+LSUL220BM+LDMST64E274,44,173
CRFF140GL+LHNSE27YB+SCRN70BM+LSUL220BS,44,173
CRFF500BM+PHTT1PBR5BM3PK+WCHEBM3PK,0,0
LDWWB223APK,0,0
CRFF140GL+LHNSE27YB+SCRN70BM+LSUL220BM,44,173
LDCWE27155PK,18,0
LDCWE2732PK,0,0
CRSF100BM+PHCN1PBRBM+LSCP150WH,74,51
LDWWB2215APK,4,1
LDWWB2232PK,0,0
LDWWB2235PK,0,0
PLWLRR,106,69
LDCWE2733PK,0,0
LDCWB2218APK,39,29
LDCWE273,0,0
ENC2893,0,0
CRFF140GL+LHNSE27YB+SCRN70BM+LSUL220BS+LDMST64E274,44,173
PLWLBM+ICST64E27,120,106
PLWLBS+ICST64E27,37,30
CRFF140GL+LHNSE27YB+SCRN70BM+LSUL220RR+LDMST64E274,44,173
CRFF140GL+LHNSE27YB+SCRN70BM+LSUL220BC+LDMST64E274,44,173
ENC3488,0,0
LDCWB22185PK,79,59
LDCWB2292PK,0,1
LDCWB22182PK,197,148
LDCWE2715APK,9,0
CRSF100BM+WSHR135BM+LSUL220BB,245,97
CRFF140GL+LHNSE27YB+SCRN70BM+LSUL220BB+LDMST64E274,44,97
LDCWB229,0,2
LDCWE2735PK,0,0
LDCWE273APK,0,0
LHSWE27CH,0,0
LHMTE27FG,0,0
LDCWB2218,395,296
CRFF140GL+LHNSE27YB+SCRN70BM+LSUL220BC,44,173
LHPHE27SN,0,0
LHSWE27YB,0,0
LDWWB223,0,0
PLWLBM,120,106
PLWLRR+ICST64E27,106,69
CRFF140GL+LHNSE27YB+SCRN70BM+LSUL220RR,44,173
LPRO9W,0,0
PLWLBS,37,30
LDWWB2233PK,0,0
LDCWB229APK,0,0
PLWLBB,67,60
CRFF140GL+LHNSE27YB+SCRN70BM+LSUL220BB,44,97
LDCWB2293PK,0,0
PLWLBB+ICST64E27,67,60
LHTBE27BN,0,0
PLWEBC+PHHT1PBRBM+WCBNBC+ICT45E2760,10,134
PLWEBM+PHHT1PBRBM+WCBNBM,51,138
PLWEBM+PHHT1PBRBM+WCBNBM+ICT45E2760,51,138
LDWWB227APK,0,0
LDWWB2275PK,0,0
ENC3493,99,0
CRSF100BM+PHHT2PBRBM+SPUPBM+WCVCBM,1023,1059
ENC3547,0,64
ENC3581,0,0
