#,Handle,Product ID,Product URL,Units Sold,Orders
1,ip68-waterproof-junction-box-outdoor-for-electrical-cable-wire-connector-5599,14875761344898,https://ledsone.co.uk/products/ip68-waterproof-junction-box-outdoor-for-electrical-cable-wire-connector-5599,5,#LED56978(x2) | #LED57152(x2) | #LED57571(x1)
2,rose-gold-lamp-shade-cap-for-pendant-light-socket-holder-fitting,7470952349946,https://ledsone.co.uk/products/rose-gold-lamp-shade-cap-for-pendant-light-socket-holder-fitting,0,
3,40cm-black-metal-dome-pendant-light,5911744282785,https://ledsone.co.uk/products/40cm-black-metal-dome-pendant-light,0,
4,modern-vintage-pendant-light-fitting-retro-industrial-style-e27-lamp-holder,4524553470048,https://ledsone.co.uk/products/modern-vintage-pendant-light-fitting-retro-industrial-style-e27-lamp-holder,0,
5,pendant-light-fitting-ceiling-rose-e27-suspension-set-fabric-corded-rose-gold,4551406649440,https://ledsone.co.uk/products/pendant-light-fitting-ceiling-rose-e27-suspension-set-fabric-corded-rose-gold,0,
6,tiffany-style-ceiling-pendant-hanging-mediterranean-style-lamp-light-decorative-home-4541,8005774409978,https://ledsone.co.uk/products/tiffany-style-ceiling-pendant-hanging-mediterranean-style-lamp-light-decorative-home-4541,0,
7,brushed-silver-metal-industrial-hanging-pendant-lighting-adjustable-hanging-barn-light,5784602640545,https://ledsone.co.uk/products/brushed-silver-metal-industrial-hanging-pendant-lighting-adjustable-hanging-barn-light,2,#LED57069(x2)
8,ledsone-industrial-vintage-32cm-orange-pendant-retro-metal-lamp-shade-e27-uk-holder,,,0,
9,lamp-shade-spring-clip-retainer-for-lamp-part-shades-5963,14946951397762,https://ledsone.co.uk/products/lamp-shade-spring-clip-retainer-for-lamp-part-shades-5963,0,
10,french-gold-pendant-lights-gold-ceiling-lights-metal-industrial-light-shade,6685790896289,https://ledsone.co.uk/products/french-gold-pendant-lights-gold-ceiling-lights-metal-industrial-light-shade,0,
11,e27-g95-40w-dimmable-antique-globe-industrial-retro-bulb,6669353779361,https://ledsone.co.uk/products/e27-g95-40w-dimmable-antique-globe-industrial-retro-bulb,5,#LED57086(x3) | #LED57271(x2)
12,dc12v-60w-ip20-mini-universal-regulated-switching-led-transformer,4417257209952,https://ledsone.co.uk/products/dc12v-60w-ip20-mini-universal-regulated-switching-led-transformer,0,
13,industrial-vintage-style-wall-or-ceiling-light-b22-bar-conduits-light,6655620841633,https://ledsone.co.uk/products/industrial-vintage-style-wall-or-ceiling-light-b22-bar-conduits-light,0,
14,3-light-bulb-guard-cage-cluster-pendant-lights,8114277515514,https://ledsone.co.uk/products/3-light-bulb-guard-cage-cluster-pendant-lights,0,
15,conduit-pipe-table-lamp-with-dimmer-switch-industrial-steampunk-light-5651,14882306818434,https://ledsone.co.uk/products/conduit-pipe-table-lamp-with-dimmer-switch-industrial-steampunk-light-5651,0,
16,28w-compact-led-driver-ac-230v-to-dc12v-power-supply-transformer,4417260486752,https://ledsone.co.uk/products/28w-compact-led-driver-ac-230v-to-dc12v-power-supply-transformer,0,
17,3-light-ceiling-pendant-light-with-pulley-system,14937948586370,https://ledsone.co.uk/products/3-light-ceiling-pendant-light-with-pulley-system,0,
18,light-fixing-strap-brace-ceiling-rose-155mm-bracket-plate-with-accessories,4538255736928,https://ledsone.co.uk/products/light-fixing-strap-brace-ceiling-rose-155mm-bracket-plate-with-accessories,0,
19,ceramic-porcelain-type-6-es-e27-edison-screw-heat-bulb-variation-lamp-holder,,,0,
20,2pcs-bath-pedestal-rug-set-soft-non-slip-water-absorbent-mat-sets-5393,8175831417082,https://ledsone.co.uk/products/2pcs-bath-pedestal-rug-set-soft-non-slip-water-absorbent-mat-sets-5393,0,
21,cone-wall-light,4488111882336,https://ledsone.co.uk/products/cone-wall-light,0,
22,copper-lamp-shade-cap-for-pendant-light-socket-holder-fitting,7470951956730,https://ledsone.co.uk/products/copper-lamp-shade-cap-for-pendant-light-socket-holder-fitting,0,
23,dc12v-15w-led-driver-power-supply-transformer,4417261633632,https://ledsone.co.uk/products/dc12v-15w-led-driver-power-supply-transformer,0,
24,warm-white-12v-led-waterproof-modules-ip67-outdoor-5677,14886272434562,https://ledsone.co.uk/products/warm-white-12v-led-waterproof-modules-ip67-outdoor-5677,2,#LED56960(x1) | #LED57826(x1)
25,5-x-vintage-pendant-cord-grip-strain-relief-metal-cable-lock-10mm-nut-6048,14965693940098,https://ledsone.co.uk/products/5-x-vintage-pendant-cord-grip-strain-relief-metal-cable-lock-10mm-nut-6048,1,#LED57048(x1)
26,pipe-lighting-accessories-iron-5way-cross,5928354545825,https://ledsone.co.uk/products/pipe-lighting-accessories-iron-5way-cross,0,
27,industrial-vintage-various-colours-ceiling-light-fitting-e27-pendant-holder,7738421936378,https://ledsone.co.uk/products/industrial-vintage-various-colours-ceiling-light-fitting-e27-pendant-holder,4,#LED57166(x2) | #LED57166(x1) | #LED57508(x1)
28,3-core-army-green-round-vintage-italian-braided-fabric-cable-flex-0-75mm-uk,4417278115936,https://ledsone.co.uk/products/3-core-army-green-round-vintage-italian-braided-fabric-cable-flex-0-75mm-uk,1,#LED57300(x1)
29,dc24v-ip67-30w-waterproof-led-driver-power-supply-transformer,4417255800928,https://ledsone.co.uk/products/dc24v-ip67-30w-waterproof-led-driver-power-supply-transformer,0,
30,screw-e27-white-plain-holder-bakelite-lamp-holder,4417284243552,https://ledsone.co.uk/products/screw-e27-white-plain-holder-bakelite-lamp-holder,1,#LED56917(x1)
31,vintage-e27-edison-screw-3w-filament-bulb-warm-white-2000k-amber-glass-5073,8073657843962,https://ledsone.co.uk/products/vintage-e27-edison-screw-3w-filament-bulb-warm-white-2000k-amber-glass-5073,0,
32,3-outlet-500mm-black-metal-ceiling-rose-square,7053375373473,https://ledsone.co.uk/products/3-outlet-500mm-black-metal-ceiling-rose-square,0,
33,red-wicker-rattan-lampshade-ceiling-pendant-light,5956003758241,https://ledsone.co.uk/products/red-wicker-rattan-lampshade-ceiling-pendant-light,0,
34,black-finished-industrial-adjustable-pendant-light-fixture,8626277548282,https://ledsone.co.uk/products/black-finished-industrial-adjustable-pendant-light-fixture,0,
35,plug-in-wall-light-kit-dimmer-uk-plug-flex-wire,14924960235906,https://ledsone.co.uk/products/plug-in-wall-light-kit-dimmer-uk-plug-flex-wire,0,
36,orange-painted-metal-shade-lighting-vintage-pendant-light,6685792272545,https://ledsone.co.uk/products/orange-painted-metal-shade-lighting-vintage-pendant-light,0,
37,vintage-edison-led-filament-bulb-g80-b22-4w-dimmable,4417276018784,https://ledsone.co.uk/products/vintage-edison-led-filament-bulb-g80-b22-4w-dimmable,2,#LED56930(x2)
38,fabric-hemp-flex-cable-kit-black-plug-in-pendant-lamp-light-e27-fitting-vintage-lamp,7642575470842,https://ledsone.co.uk/products/fabric-hemp-flex-cable-kit-black-plug-in-pendant-lamp-light-e27-fitting-vintage-lamp,0,
39,industrial-style-ceiling-light-three-b22-bar-conduits-light,6655620284577,https://ledsone.co.uk/products/industrial-style-ceiling-light-three-b22-bar-conduits-light,0,
40,black-bakelite-lamp-holder-industrial-socket-light-bulb-holder-5735,14921103278466,https://ledsone.co.uk/products/black-bakelite-lamp-holder-industrial-socket-light-bulb-holder-5735,3,#LED56948(x1) | #LED56992(x1) | #LED57896(x1)
41,1m-white-pendant-light-holder,6024709734561,https://ledsone.co.uk/products/1m-white-pendant-light-holder,1,#LED57427(x1)
42,hemp-rope-metal-pendant-light-spider-light-hanging-light,8060940943610,https://ledsone.co.uk/products/hemp-rope-metal-pendant-light-spider-light-hanging-light,0,
43,fisherman-caged-conduit-pipe-light-shade-3-4-entry-wall-lantern-with-glass,,,0,
44,retro-vintage-1cm-hole-barrel-cage-design-rattan-style-lamp-light-shades-4219,7982645608698,https://ledsone.co.uk/products/retro-vintage-1cm-hole-barrel-cage-design-rattan-style-lamp-light-shades-4219,0,
45,105mm-bracket-strap-brace-plate-with-accessories-ceiling-rose-light-fixing,4538256031840,https://ledsone.co.uk/products/105mm-bracket-strap-brace-plate-with-accessories-ceiling-rose-light-fixing,0,
46,linear-cage-pendant-light-fixture,7659907776762,https://ledsone.co.uk/products/linear-cage-pendant-light-fixture,0,
47,b22-t185-60w-dimmable-vintage-light-filament-bulb,4417276903520,https://ledsone.co.uk/products/b22-t185-60w-dimmable-vintage-light-filament-bulb,0,
48,design-women-toe-post-flip-flop-beach-slipper-for-sea,8140667846906,https://ledsone.co.uk/products/design-women-toe-post-flip-flop-beach-slipper-for-sea,0,
49,industrial-ribbed-glass-wall-lights-replacement-lampshades-for-wall-lights,6001950490785,https://ledsone.co.uk/products/industrial-ribbed-glass-wall-lights-replacement-lampshades-for-wall-lights,0,
50,3-way-modern-black-ceiling-pendant-cluster-light-fitting-industrial-pendant-lampshade,5334324412577,https://ledsone.co.uk/products/3-way-modern-black-ceiling-pendant-cluster-light-fitting-industrial-pendant-lampshade,0,
