Redirect from,Redirect to
/products/12w-modern-led-adjustable-tilt-angle-downlight-recessed-round-ceiling-spotlights,/products/modern-ultra-slim-recessed-led-tilt-angle-ceiling-spot-light-5581
/products/zip-ties-releasable-heavy-duty-reusable-cable-ties-wraps,/products/100-pack-reusable-cable-ties-black-white-nylon-zip-ties
/products/multi-shade-2m-pendant-light,/products/5-way-spider-ceiling-pendant-lamp-metal-curvy-shade
/products/g4-cob-chip-2w-220v-240v-led-light-replace-halogen-bulb-5035,/products/g4-straight-pin-corn-lamp-220v-3w-5w-ceramic-led-bulb-5037
/products/led-decorative-outdoor-wall-light-up-down-lights,/products/led-outdoor-wall-light
/products/3w-e27-light-bulb-energy-saving-lamp-warm-white-globe,/products/18w-e27-light-bulb-energy-saving-lamp-warm-white-globe
/products/green-retro-metal-pendant-lampshade-ceiling-light-shade-easy-fit,/products/black-metal-retro-ceiling-pendant-light-shade-easy-fit-vintage-lampshade
/products/turkish-moroccan-style-table-lamp-mosaic-glass-bedside-desk-table-lamp,/products/unique-plug-in-bed-lamp
/products/240v-to-12v-power-supply-universal-adapter,/products/led-driver-ac-240v-to-dc-12v-constant-voltage-power-supply-adapter
