Excel Row,Excel Title,Excel SKU,Primary SKU Searched,Shopify Product Title,Shopify Product ID,Shopify Product GID,Match Status,Match Method,Notes
2,12W E27 LED Light Bulbs 1160 Lumens ~6911,LDCWA60HE2712,LDCWA60HE2712,12W E27 LED Light Bulbs 1160 Lumens ~6911,15383386620290,gid://shopify/Product/15383386620290,MATCHED,GraphQL productVariants query by SKU,
3,13A UK 3 Pin Plug Rewirable Fused Mains Plug 250V~6809,SPPGUK3PTR,SPPGUK3PTR,13A UK 3 Pin Plug Rewirable Fused Mains Plug 250V~6809,15338513531266,gid://shopify/Product/15338513531266,MATCHED,GraphQL productVariants query by SKU,"Duplicate SKU resolved by title match | SKU maps to 2 products: ['15338513531266', '15334913245570']"
4,15 x 10mm Cable Trunking Internal Corner Elbow 5 Pack ~6931,PCIC2516WH5PK,PCIC2516WH5PK,15 x 10mm Cable Trunking Internal Corner Elbow 5 Pack ~6931,15391574000002,gid://shopify/Product/15391574000002,MATCHED,GraphQL productVariants query by SKU,
5,16A 220V Inline Rocker On/Off Switch White | Heavy Duty ~6700,SWHBSP1OSWH,SWHBSP1OSWH,16A 220V Inline Rocker On/Off Switch White | Heavy Duty ~6700,15288186438018,gid://shopify/Product/15288186438018,MATCHED,GraphQL productVariants query by SKU,
6,2 Core Fabric Lamp Cable Inline Rocker Switch 16A + Free Cable~6792,CL2TAG+SWHBPB1OSWB,CL2TAG+SWHBPB1OSWB,2 Core Fabric Lamp Cable Inline Rocker Switch 16A + Free Cable~6792,15329296744834,gid://shopify/Product/15329296744834,MATCHED,GraphQL productVariants query by SKU,Resolved via full composite SKU match
7,20mm AA90 Degree PVC Pipe Fitting Elbow Coupling Connector ~6929,PCEL9020WH3PK,PCEL9020WH3PK,20mm AA90 Degree PVC Pipe Fitting Elbow Coupling Connector ~6929,15391572394370,gid://shopify/Product/15391572394370,MATCHED,GraphQL productVariants query by SKU,
8,20mm Conduit Ceiling Rose Kit Black Metal Back Box Fitting ~6872,PCBM20MX+PCDO20WH+PCBSM2FWH+RW1FG2PK,PCBM20MX+PCDO20WH+PCBSM2FWH+RW1FG2PK,20mm Conduit Ceiling Rose Kit Black Metal Back Box Fitting ~6872,15374741209474,gid://shopify/Product/15374741209474,MATCHED,GraphQL productVariants query by SKU,Resolved via full composite SKU match
9,24.5cm Flower Shaped Glass Ceiling Light | Floral Flush Mount Fixture ~6583,ENC9464,ENC9464,24.5cm Flower Shaped Glass Ceiling Light | Floral Flush Mount Fixture ~6583,15269308006786,gid://shopify/Product/15269308006786,MATCHED,GraphQL productVariants query by SKU,
10,4/6 Pcs UK 3 Pin 13 AMP Plug Fused Fitted Mains 250V AC Plug ~6704,SPPGUK3PBM4PK,SPPGUK3PBM4PK,4/6 Pcs UK 3 Pin 13 AMP Plug Fused Fitted Mains 250V AC Plug ~6704,15291487322498,gid://shopify/Product/15291487322498,MATCHED,GraphQL productVariants query by SKU,
11,7W (60W eqv) E27 A60 GLS Bulb 560 Lumens Non Dimmable ~6912,LDCWA60HE277,LDCWA60HE277,7W (60W eqv) E27 A60 GLS Bulb 560 Lumens Non Dimmable ~6912,15383397433730,gid://shopify/Product/15383397433730,MATCHED,GraphQL productVariants query by SKU,
12,7W LED Spotlight Bulb GU10 ~6862,LPMC50CW7W5PK,LPMC50CW7W5PK,7W LED Spotlight Bulb GU10 ~6862,15372355764610,gid://shopify/Product/15372355764610,MATCHED,GraphQL productVariants query by SKU,
13,90 Degree PVC Conduit Fitting Elbow ~6886,PCELC9025WH5PK,PCELC9025WH5PK,90 Degree PVC Conduit Fitting Elbow ~6886,15379896238466,gid://shopify/Product/15379896238466,MATCHED,GraphQL productVariants query by SKU,
14,9W (60W eqv) 806lm E27 LED Bulb A60 GLS 6400K ~6913,LDCWA60HE279,LDCWA60HE279,9W (60W eqv) 806lm E27 LED Bulb A60 GLS 6400K ~6913,15383413195138,gid://shopify/Product/15383413195138,MATCHED,GraphQL productVariants query by SKU,
15,9W GU10 LED Downlight Module Cool White 6400K COB Lamp ~6801,LPMP50CW9W,LPMP50CW9W,9W GU10 LED Downlight Module Cool White 6400K COB Lamp ~6801,15333783798146,gid://shopify/Product/15333783798146,MATCHED,GraphQL productVariants query by SKU,
16,Adjustable Vintage Brass Wall Sconce Smoked Grey Glass Wall Lamp ~6718,CRSF100YB+WSLS155YB+LSGLULSG,CRSF100YB+WSLS155YB+LSGLULSG,Adjustable Vintage Brass Wall Sconce Smoked Grey Glass Wall Lamp ~6718,15293722722690,gid://shopify/Product/15293722722690,MATCHED,GraphQL productVariants query by SKU,Resolved via full composite SKU match
17,Antique Copper Conduit Swan Neck Wall Light ~6915,ENC10324,ENC10324,Antique Copper Conduit Swan Neck Wall Light ~6915,15384135041410,gid://shopify/Product/15384135041410,MATCHED,GraphQL productVariants query by SKU,
18,Cable Raceway L Connector ~6906,PCFC1510WHAPK,PCFC1510WHAPK,Cable Raceway L Connector ~6906,15381735997826,gid://shopify/Product/15381735997826,MATCHED,GraphQL productVariants query by SKU,
19,Cable Trunking System with Self Adhesive Cover ~6896,PCUPVC1625WH,PCUPVC1625WH,Cable Trunking System with Self Adhesive Cover ~6896,15380989608322,gid://shopify/Product/15380989608322,MATCHED,GraphQL productVariants query by SKU,
20,Compact Reusable Wire Connector Terminal Block ~6907,CO432AGY,CO432AGY,Compact Reusable Wire Connector Terminal Block ~6907,15381172257154,gid://shopify/Product/15381172257154,MATCHED,GraphQL productVariants query by SKU,
21,Compact Reusable Wire Splicing Connector ~6899,CODH622AGY,CODH622AGY,Compact Reusable Wire Splicing Connector ~6899,15381088338306,gid://shopify/Product/15381088338306,MATCHED,GraphQL productVariants query by SKU,
22,Conduit Box Lid with Screws ~6895,PCM412WHAPK,PCM412WHAPK,Conduit Box Lid with Screws ~6895,15380541276546,gid://shopify/Product/15380541276546,MATCHED,GraphQL productVariants query by SKU,
23,Conduit Spacer Bar Clips ~6894,PCD20WH5PK,PCD20WH5PK,Conduit Spacer Bar Clips ~6894,15380529676674,gid://shopify/Product/15380529676674,MATCHED,GraphQL productVariants query by SKU,
24,Electrical Cable Trunking End Cap ~6904,PCTE1510WH,PCTE1510WH,Electrical Cable Trunking End Cap ~6904,15381730853250,gid://shopify/Product/15381730853250,MATCHED,GraphQL productVariants query by SKU,
25,Electrical Terminal Conduit Boxes ~6893,PCTL4204WH3PK,PCTL4204WH3PK,Electrical Terminal Conduit Boxes ~6893,15380514963842,gid://shopify/Product/15380514963842,MATCHED,GraphQL productVariants query by SKU,
26,Foundry Fabric Wall Fixture Easy Fit E27  ~6846,ENC10176,ENC10176,Foundry Fabric Wall Fixture Easy Fit E27  ~6846,15368303280514,gid://shopify/Product/15368303280514,MATCHED,GraphQL productVariants query by SKU,
27,Globe Ribbed Ribbed Amber Glass Semi-Flush Ceiling Light ~6933,CRSFM110080BM+LHSHE27YB+LSGLST150AR,CRSFM110080BM+LHSHE27YB+LSGLST150AR,Globe Ribbed Ribbed Amber Glass Semi-Flush Ceiling Light ~6933,15392506380674,gid://shopify/Product/15392506380674,MATCHED,GraphQL productVariants query by SKU,Resolved via full composite SKU match
28,GULDNÄT Small Crystal Cylindrical Lampshade ~6868,WCBTC100FG2PK+RPR44WH2PK,WCBTC100FG2PK+RPR44WH2PK,GULDNÄT Small Crystal Cylindrical Lampshade ~6868,15373038485890,gid://shopify/Product/15373038485890,MATCHED,GraphQL productVariants query by SKU,Resolved via full composite SKU match
29,Heavy Duty Masonry Fixings for Brick Concrete ~6890,RWHX08BTOR,RWHX08BTOR,Heavy Duty Masonry Fixings for Brick Concrete ~6890,15378839306626,gid://shopify/Product/15378839306626,MATCHED,GraphQL productVariants query by SKU,
30,Industrial Black Pendant Light  Adjustable E27 Bulb ~6764,CRSF100BM+PHSH2BMTBM+SPUPBM+LDMG80E274,CRSF100BM+PHSH2BMTBM+SPUPBM+LDMG80E274,Industrial Black Pendant Light  Adjustable E27 Bulb ~6764,15312314302850,gid://shopify/Product/15312314302850,MATCHED,GraphQL productVariants query by SKU,Resolved via full composite SKU match
31,Industrial Black Pendant Light E27 Metal Ceiling Lamp ~6777,CRSF100BM+PHRB1PBR30BM+LSAFT200BG,CRSF100BM+PHRB1PBR30BM+LSAFT200BG,Industrial Black Pendant Light E27 Metal Ceiling Lamp ~6777,15322553713026,gid://shopify/Product/15322553713026,MATCHED,GraphQL productVariants query by SKU,Resolved via full composite SKU match
32,Industrial Crystal Ceiling Light Shade Metal Easy Fit Pendant Shade Chandelier~6785,WCBSF90FG+RPR44WH,WCBSF90FG+RPR44WH,Industrial Crystal Ceiling Light Shade Metal Easy Fit Pendant Shade Chandelier~6785,15326357651842,gid://shopify/Product/15326357651842,MATCHED,GraphQL productVariants query by SKU,Resolved via full composite SKU match
33,Industrial Curvy Black Pendant Light E27 Adjustable Cable ~6762,ENC9725,ENC9725,Industrial Curvy Black Pendant Light E27 Adjustable Cable ~6762,15312219242882,gid://shopify/Product/15312219242882,MATCHED,GraphQL productVariants query by SKU,
34,Industrial Plug In Wall Light with E27 Cage & Switch ~6811,ENC10055,ENC10055,Industrial Plug In Wall Light with E27 Cage & Switch ~6811,15344949920130,gid://shopify/Product/15344949920130,MATCHED,GraphQL productVariants query by SKU,
35,Industrial Wall Light E27 G95 LED Elbow Arm Wall Sconce - 6829,ENC10159,ENC10159,Industrial Wall Light E27 G95 LED Elbow Arm Wall Sconce - 6829,15358782865794,gid://shopify/Product/15358782865794,MATCHED,GraphQL productVariants query by SKU,
36,Industrial Wooden Wall Light with E27 Bulb & Toggle ~6767,ENC9734,ENC9734,Industrial Wooden Wall Light with E27 Bulb & Toggle ~6767,15312470540674,gid://shopify/Product/15312470540674,MATCHED,GraphQL productVariants query by SKU,
37,LED A60H B22 7W Cool White 6400K Non-Dimmable Bulb(Energy Saving) ~6293,LDCWA60HB227,LDCWA60HB227,LED A60H B22 7W Cool White 6400K Non-Dimmable Bulb(Energy Saving) ~6293,15100091007362,gid://shopify/Product/15100091007362,MATCHED,GraphQL productVariants query by SKU,"Duplicate SKU resolved by title match | SKU maps to 2 products: ['15100091007362', '15382116532610']"
38,LED Bayonet A95 22W Energy Saving Bulb ~6909,LDCWA95B2222,LDCWA95B2222,LED Bayonet A95 22W Energy Saving Bulb ~6909,15382093365634,gid://shopify/Product/15382093365634,MATCHED,GraphQL productVariants query by SKU,
39,LED Ceiling Light Panel ~6864,LLRO168CW8W,LLRO168CW8W,LED Ceiling Light Panel ~6864,15372357960066,gid://shopify/Product/15372357960066,MATCHED,GraphQL productVariants query by SKU,
40,LED Conduit 20mm/ 25mm White PVC Female Conduit Adaptor ~6897,PCCO25WH5PK,PCCO25WH5PK,LED Conduit 20mm/ 25mm White PVC Female Conduit Adaptor ~6897,15381000651138,gid://shopify/Product/15381000651138,MATCHED,GraphQL productVariants query by SKU,
41,LED Conduit Couplers for Electrical Connections ~6892,PCCPL20WH5PK,PCCPL20WH5PK,LED Conduit Couplers for Electrical Connections ~6892,15380514865538,gid://shopify/Product/15380514865538,MATCHED,GraphQL productVariants query by SKU,
42,LED E27 A60 Light Bulb 7W  600Lumens Decoration Bulb ~6910,LDCWA60HB227,LDCWA60HB227,LED E27 A60 Light Bulb 7W  600Lumens Decoration Bulb ~6910,15382116532610,gid://shopify/Product/15382116532610,MATCHED,GraphQL productVariants query by SKU,"Duplicate SKU resolved by title match | SKU maps to 2 products: ['15100091007362', '15382116532610']"
43,LED Inspection Conduit Elbow with Cover ~6888,PCTELC25WH5PK,PCTELC25WH5PK,LED Inspection Conduit Elbow with Cover ~6888,15379900105090,gid://shopify/Product/15379900105090,MATCHED,GraphQL productVariants query by SKU,
44,M16 Female Threaded Lamp Pipe 250mm Hollow Lighting ~6939,PC16FT250BA,PC16FT250BA,M16 Female Threaded Lamp Pipe 250mm Hollow Lighting ~6939,15395189490050,gid://shopify/Product/15395189490050,MATCHED,GraphQL productVariants query by SKU,
45,M20 Female Thread Ceiling Rose 100mm Conduit Pendant Kit~6817,CRSFM210080CH+CBSF95,CRSFM210080CH+CBSF95,M20 Female Thread Ceiling Rose 100mm Conduit Pendant Kit~6817,15348210041218,gid://shopify/Product/15348210041218,MATCHED,GraphQL productVariants query by SKU,Resolved via full composite SKU match
46,M8 Plasterboard Fixings Wall Screws Set ~6889,RWHX08BXGY,RWHX08BXGY,M8 Plasterboard Fixings Wall Screws Set ~6889,15378840158594,gid://shopify/Product/15378840158594,MATCHED,GraphQL productVariants query by SKU,
47,Metal Ceiling Rose 100mm M10 Pendant Canopy Kit ~6816,CRSFM110080BM,CRSFM110080BM,Metal Ceiling Rose 100mm M10 Pendant Canopy Kit ~6816,15348209549698,gid://shopify/Product/15348209549698,MATCHED,GraphQL productVariants query by SKU,
48,Modern Ceiling Pendant Light Shade Easy Fit Ribbed Glass Lampshade ~6619,LSGL14010CL+RPM40WH,LSGL14010CL+RPM40WH,Modern Ceiling Pendant Light Shade Easy Fit Ribbed Glass Lampshade ~6619,15326195581314,gid://shopify/Product/15326195581314,MATCHED,GraphQL productVariants query by SKU,Resolved via full composite SKU match
49,Modern Ceiling Pendant Light Shade Ribbed Glass Easy Fit Chandelier Lampshade~6798,LSGLULSG+RPM40WH,title_search:6798,Modern Ceiling Pendant Light Shade Ribbed Glass Easy Fit Chandelier Lampshade~6798,15332772381058,gid://shopify/Product/15332772381058,MATCHED,GraphQL productVariants query by SKU,Resolved via product number + title match (6798)
50,Modern Clear Glass Pendant Light with Black Metal Ceiling Rose ~6699,CRSF100BM+PHTC1PBRBM+LSGL9015CL,CRSF100BM+PHTC1PBRBM+LSGL9015CL,Modern Clear Glass Pendant Light with Black Metal Ceiling Rose ~6699,15287119020418,gid://shopify/Product/15287119020418,MATCHED,GraphQL productVariants query by SKU,Resolved via full composite SKU match
51,Moroccan Pendant Light Shade – French Gold Crystal E27 ~6768,WCBTC140FG+RPR44WH,WCBTC140FG+RPR44WH,Moroccan Pendant Light Shade – French Gold Crystal E27 ~6768,15313956110722,gid://shopify/Product/15313956110722,MATCHED,GraphQL productVariants query by SKU,Resolved via full composite SKU match
52,Natural Wooden Wall Light E27 LED Rustic Indoor Sconce ~6775,WLWOFTWO+CBSF70+CBSFBM+LDSST64E274,WLWOFTWO+CBSF70+CBSFBM+LDSST64E274,Natural Wooden Wall Light E27 LED Rustic Indoor Sconce ~6775,15319626023298,gid://shopify/Product/15319626023298,MATCHED,GraphQL productVariants query by SKU,Resolved via full composite SKU match
53,Ø13cm H15.5 Mini Tiered Beehive Ribbed Glass Shade ~6926,LSGL3L150AR+RPM40WH_HIT,title_search:6926,Ø13cm H15.5 Mini Tiered Beehive Ribbed Glass Shade ~6926,15389786145154,gid://shopify/Product/15389786145154,MATCHED,GraphQL productVariants query by SKU,Resolved via product number title search (6926)
54,Pendant Light With Inner On Off Switch ~6885,CRSF100BM+PHSW1PBRBM+LSFT255BD,CRSF100BM+PHSW1PBRBM+LSFT255BD,Pendant Light With Inner On Off Switch ~6885,15379889389954,gid://shopify/Product/15379889389954,MATCHED,GraphQL productVariants query by SKU,Resolved via full composite SKU match
55,Plug In GU10 Wall Light Adjustable Spotlight with Switch ~6818,ENC10056,ENC10056,Plug In GU10 Wall Light Adjustable Spotlight with Switch ~6818,15349401223554,gid://shopify/Product/15349401223554,MATCHED,GraphQL productVariants query by SKU,
56,Push Fit UPVC Plumbing Pipe ~6905,PCUPVCD202WH,PCUPVCD202WH,Push Fit UPVC Plumbing Pipe ~6905,15381733638530,gid://shopify/Product/15381733638530,MATCHED,GraphQL productVariants query by SKU,
57,PVC Cable Raceway Connector ~6930,PCTJ2516WHAPK,PCTJ2516WHAPK,PVC Cable Raceway Connector ~6930,15382138683778,gid://shopify/Product/15382138683778,MATCHED,GraphQL productVariants query by SKU,
58,PVC Pipe T-Shaped 3 Way Coupling Connector ~6887,PCTEL20WH5PK,PCTEL20WH5PK,PVC Pipe T-Shaped 3 Way Coupling Connector ~6887,15379898630530,gid://shopify/Product/15379898630530,MATCHED,GraphQL productVariants query by SKU,
59,Retro Purple Glass Ceiling Light Semi Flush E27 Industrial ~6721,PLHNBM+LSGLBT200PU+LDMST64E274,PLHNBM+LSGLBT200PU+LDMST64E274,Retro Purple Glass Ceiling Light Semi Flush E27 Industrial ~6721,15297532985730,gid://shopify/Product/15297532985730,MATCHED,GraphQL productVariants query by SKU,Resolved via full composite SKU match
60,Ribbed Amber Glass Pendant Shade ~6847,LSGLST148AR+RPM40WH,title_search:6847,Ribbed Amber Glass Pendant Shade ~6847,15368303673730,gid://shopify/Product/15368303673730,MATCHED,GraphQL productVariants query by SKU,Resolved via product number title search (6847)
61,Ribbed Glass Pendant Easy Fit Lampshade 14cm E27 ~6836,LSGL100145BL+RPM40WH,LSGL100145BL+RPM40WH,Ribbed Glass Pendant Easy Fit Lampshade 14cm E27 ~6836,15366507659650,gid://shopify/Product/15366507659650,MATCHED,GraphQL productVariants query by SKU,Resolved via full composite SKU match
62,Ribbed Glass Pendant Shade E27 Easy Fit Lampshade ~6860,LSGLLN14020AR+RPM40WH,LSGLLN14020AR+RPM40WH,Ribbed Glass Pendant Shade E27 Easy Fit Lampshade ~6860,15370562503042,gid://shopify/Product/15370562503042,MATCHED,GraphQL productVariants query by SKU,Resolved via full composite SKU match
63,Round Rocker Switch 10A ON Off Panel Mount for Junction Box ~6749,PCFL20YB+SWCRD16BM+RW12CO2PK,PCFL20YB+SWCRD16BM+RW12CO2PK,Round Rocker Switch 10A ON Off Panel Mount for Junction Box ~6749,15306010296706,gid://shopify/Product/15306010296706,MATCHED,GraphQL productVariants query by SKU,Resolved via full composite SKU match
64,Round Rocker Switch 10A ON Off Panel Mount for Junction Box ~6750,PCFL20SN+SWCRD16BM+RW12CH2PK,PCFL20SN+SWCRD16BM+RW12CH2PK,Round Rocker Switch 10A ON Off Panel Mount for Junction Box ~6750,15306011738498,gid://shopify/Product/15306011738498,MATCHED,GraphQL productVariants query by SKU,Resolved via full composite SKU match
65,Round Rocker Switch 10A ON Off Panel Mount for Junction Box ~6751,PCFL20CO+SWCRD16BM+RW12CO2PK,PCFL20CO+SWCRD16BM+RW12CO2PK,Round Rocker Switch 10A ON Off Panel Mount for Junction Box ~6751,15306050175362,gid://shopify/Product/15306050175362,MATCHED,GraphQL productVariants query by SKU,Resolved via full composite SKU match
66,Solid Timber Ceiling Pendant Light Fitting ~6858,TPBP1SHRWO,TPBP1SHRWO,Solid Timber Ceiling Pendant Light Fitting ~6858,15370555851138,gid://shopify/Product/15370555851138,MATCHED,GraphQL productVariants query by SKU,
67,Spotlight Bulb 9W GU10 ~6863,LPMC50CW9WAPK,LPMC50CW9WAPK,Spotlight Bulb 9W GU10 ~6863,15372357697922,gid://shopify/Product/15372357697922,MATCHED,GraphQL productVariants query by SKU,
68,Vintage Black Ceiling Light with White Crackle Glass E27 Holder ~6702,ENC9467,ENC9467,Vintage Black Ceiling Light with White Crackle Glass E27 Holder ~6702,15288722030978,gid://shopify/Product/15288722030978,MATCHED,GraphQL productVariants query by SKU,
69,Vintage Brass Wall Sconce Adjustable Clear Glass Wall Lamp ~6719,ENC9574,ENC9574,Vintage Brass Wall Sconce Adjustable Clear Glass Wall Lamp ~6719,15293724885378,gid://shopify/Product/15293724885378,MATCHED,GraphQL productVariants query by SKU,
70,Vintage Brass Wall Sconce with Amber Glass Shade E27 ~6715,ENC9550,ENC9550,Vintage Brass Wall Sconce with Amber Glass Shade E27 ~6715,15293716693378,gid://shopify/Product/15293716693378,MATCHED,GraphQL productVariants query by SKU,
71,Vintage Brass Wall Sconce with Amber Glass Shade E27 ~6716,ENC9549,ENC9549,Vintage Brass Wall Sconce with Amber Glass Shade E27 ~6716,15293716791682,gid://shopify/Product/15293716791682,MATCHED,GraphQL productVariants query by SKU,
72,Vintage Crystal Cage Table Lamp E27 Bedside Desk Lamp ~6819,TPHTTF2PBRBM+WCBTC120FG,TPHTTF2PBRBM+WCBTC120FG,Vintage Crystal Cage Table Lamp E27 Bedside Desk Lamp ~6819,15349432680834,gid://shopify/Product/15349432680834,MATCHED,GraphQL productVariants query by SKU,Resolved via full composite SKU match
73,Vintage Crystal Table Lamp E27 Wooden Base Bedside Lamp ~6830,TPHTTF2PBRBM+WCCYSP160GD,TPHTTF2PBRBM+WCCYSP160GD,Vintage Crystal Table Lamp E27 Wooden Base Bedside Lamp ~6830,15361622540674,gid://shopify/Product/15361622540674,MATCHED,GraphQL productVariants query by SKU,Resolved via full composite SKU match
74,Vintage Cylinder Pendant Light Shade ~6799,LSGL12010AR2PK+RPM40WH2PK,LSGL12010AR2PK+RPM40WH2PK,Vintage Cylinder Pendant Light Shade ~6799,15332789223810,gid://shopify/Product/15332789223810,MATCHED,GraphQL productVariants query by SKU,Resolved via full composite SKU match
75,Vintage Glass Table Lamp with Wooden Base E27 ~6684,TPHTTN2PBRBM+LSGLWB125TN,TPHTTN2PBRBM+LSGLWB125TN,Vintage Glass Table Lamp with Wooden Base E27 ~6684,15286318072194,gid://shopify/Product/15286318072194,MATCHED,GraphQL productVariants query by SKU,Resolved via full composite SKU match
76,Vintage Hammered Pendant Light 26cm E27 ~6827,CRSF100SN+PHHT1PBRCH+LSRP260SN,CRSF100SN+PHHT1PBRCH+LSRP260SN,Vintage Hammered Pendant Light 26cm E27 ~6827,15361606582658,gid://shopify/Product/15361606582658,MATCHED,GraphQL productVariants query by SKU,Resolved via full composite SKU match
77,Vintage Industrial Tea Brown Glass Pendant Light with LED Bulb ~6717,ENC9561,ENC9561,Vintage Industrial Tea Brown Glass Pendant Light with LED Bulb ~6717,15293721805186,gid://shopify/Product/15293721805186,MATCHED,GraphQL productVariants query by SKU,
78,Vintage Semi Flush Ceiling Light 20cm White Glass Shade ~6701,ENC9465,ENC9465,Vintage Semi Flush Ceiling Light 20cm White Glass Shade ~6701,15288721637762,gid://shopify/Product/15288721637762,MATCHED,GraphQL productVariants query by SKU,
79,Vintage Semi Flush Ceiling Light E27 Frosted Glass Indoor Lamp ~6875,CRSF100WH+LHNSE27WH+LSGL12010FC,CRSF100WH+LHNSE27WH+LSGL12010FC,Vintage Semi Flush Ceiling Light E27 Frosted Glass Indoor Lamp ~6875,15375332770178,gid://shopify/Product/15375332770178,MATCHED,GraphQL productVariants query by SKU,Resolved via full composite SKU match
80,Vintage Style Table Lamp with E27 Bulb Holder ~6824,TPHTTN2PBRBM+LSMCSQWYRE,TPHTTN2PBRBM+LSMCSQWYRE,Vintage Style Table Lamp with E27 Bulb Holder ~6824,15349451653506,gid://shopify/Product/15349451653506,MATCHED,GraphQL productVariants query by SKU,Resolved via full composite SKU match
81,Waterproof LED Sign Backlight Modules ~6838,IMAC9820WWCPK,IMAC9820WWCPK,Waterproof LED Sign Backlight Modules ~6838,15367230554498,gid://shopify/Product/15367230554498,MATCHED,GraphQL productVariants query by SKU,
82,Weatherproof Outdoor Electric Box Cover ~6908,WJ2GMP2BM,WJ2GMP2BM,Weatherproof Outdoor Electric Box Cover ~6908,15381172814210,gid://shopify/Product/15381172814210,MATCHED,GraphQL productVariants query by SKU,"Duplicate SKU resolved by title match | SKU maps to 2 products: ['15382140649858', '15381172814210']"
83,Wire Terminal Block Reusable Connector ~6901,COTL6624GY,COTL6624GY,Wire Terminal Block Reusable Connector ~6901,15381171569026,gid://shopify/Product/15381171569026,MATCHED,GraphQL productVariants query by SKU,
84,Wooden Base Table Lamp with Crackle Glass Shade & E27 LED Bulb~ 6723,TPHTTN2PBRBM+LSGLWS180YC,TPHTTN2PBRBM+LSGLWS180YC,Wooden Base Table Lamp with Crackle Glass Shade & E27 LED Bulb~ 6723,15297582989698,gid://shopify/Product/15297582989698,MATCHED,GraphQL productVariants query by SKU,Resolved via full composite SKU match
85,Vintage Black & Gold Hammered Metal Pendant Light  ~6635,ENC9252,ENC9252, Vintage Black & Gold Hammered Metal Pendant Light  ~6635,15269728747906,gid://shopify/Product/15269728747906,MATCHED,GraphQL productVariants query by SKU,
86,3 Head Chrome GU10 Ceiling Spotlight with Pull Chain ~6733,ENC9659,ENC9659,3 Head Chrome GU10 Ceiling Spotlight with Pull Chain ~6733,15302600425858,gid://shopify/Product/15302600425858,MATCHED,GraphQL productVariants query by SKU,
87,3 Light Glass Pendant Ceiling Light ~6922,ENC10233,ENC10233,3 Light Glass Pendant Ceiling Light ~6922,15388397830530,gid://shopify/Product/15388397830530,MATCHED,GraphQL productVariants query by SKU,
88,3 Light Pendant Ceiling Light E27 Tea Brown Glass Vintage Lamp ~6720,ENC9580,ENC9580,3 Light Pendant Ceiling Light E27 Tea Brown Glass Vintage Lamp ~6720,15295497470338,gid://shopify/Product/15295497470338,MATCHED,GraphQL productVariants query by SKU,
89,Antique Brass 3-Light Cluster Pendant ~6916,ENC10278,ENC10278,Antique Brass 3-Light Cluster Pendant ~6916,15384662507906,gid://shopify/Product/15384662507906,MATCHED,GraphQL productVariants query by SKU,
90,Crystal Pendant Light French Gold E27 Hanging Lamp ~6788,CRSF100FG+PHHT1PBRFG+WCBSF90FG,CRSF100FG+PHHT1PBRFG+WCBSF90FG,Crystal Pendant Light French Gold E27 Hanging Lamp ~6788,15326861263234,gid://shopify/Product/15326861263234,MATCHED,GraphQL productVariants query by SKU,Resolved via full composite SKU match
91,Decorative LED Sign Lighting Module ~6839,IMDC7714BGRNPK,IMDC7714BGRNPK,Decorative LED Sign Lighting Module ~6839,15367235371394,gid://shopify/Product/15367235371394,MATCHED,GraphQL productVariants query by SKU,
92,Glass Minimalist Ceiling Light E27 ~6845,ENC10173,ENC10173,Glass Minimalist Ceiling Light E27 ~6845,15368302854530,gid://shopify/Product/15368302854530,MATCHED,GraphQL productVariants query by SKU,
93,Industrial Black Gold Wall Sconce E27 Adjustable Lamp ~6802,CRSF100BM+WSAFT200BG,CRSF100BM+WSAFT200BG,Industrial Black Gold Wall Sconce E27 Adjustable Lamp ~6802,15334428311938,gid://shopify/Product/15334428311938,MATCHED,GraphQL productVariants query by SKU,Resolved via full composite SKU match
94,Industrial Black Pendant Light E27 Gold Inner Shade ~6789,CRSF100BM+LSACY195BG,CRSF100BM+LSACY195BG,Industrial Black Pendant Light E27 Gold Inner Shade ~6789,15326866997634,gid://shopify/Product/15326866997634,MATCHED,GraphQL productVariants query by SKU,Resolved via full composite SKU match
95,Industrial Loft Pendant Light Fixtures ~6800,ENC10011,ENC10011,Industrial Loft Pendant Light Fixtures ~6800,15333766103426,gid://shopify/Product/15333766103426,MATCHED,GraphQL productVariants query by SKU,
96,Vintage Industrial Copper Wall Light Amber Glass E27 ~6769,WSNWBC+WJ018RB3PBM+LSGLBC160AR+LDMST64E274,WSNWBC+WJ018RB3PBM+LSGLBC160AR+LDMST64E274,Vintage Industrial Copper Wall Light Amber Glass E27 ~6769,15317344092546,gid://shopify/Product/15317344092546,MATCHED,GraphQL productVariants query by SKU,Resolved via full composite SKU match
97,Vintage Multi Head Pendant Adjustable E27 Ribbed Glass Multi Color ~6852,ENC10232,ENC10232,Vintage Multi Head Pendant Adjustable E27 Ribbed Glass Multi Color ~6852,15370284466562,gid://shopify/Product/15370284466562,MATCHED,GraphQL productVariants query by SKU,
98,Vintage Wall Sconce Light E27 Glass Shade Chrome U Arm Indoor Lamp ~6866,CRSF120CH+WSUSHE27CH+LSGLDC160AS,title_search:6866,Vintage Wall Sconce Light E27 Glass Shade Chrome U Arm Indoor Lamp ~6866,15372658246018,gid://shopify/Product/15372658246018,MATCHED,GraphQL productVariants query by SKU,Resolved via product number + title match (6866)
99,Vintage Wall Sconce Light E27 Glass Shade Yellow Brass Arm Indoor Lamp ~6867,CRSF120YB+WSUSHE27YB+LSGLSC1508CL,title_search:6867,Vintage Wall Sconce Light E27 Glass Shade Yellow Brass Arm Indoor Lamp ~6867,15372659720578,gid://shopify/Product/15372659720578,MATCHED,GraphQL productVariants query by SKU,Resolved via product number title search (6867)
100,Wooden Wall Light E27 Amber Glass Sconce Indoor Vintage Lamp ~6776,WLWOHTBM+LSGL12010AR+CBSF75,WLWOHTBM+LSGL12010AR+CBSF75,Wooden Wall Light E27 Amber Glass Sconce Indoor Vintage Lamp ~6776,15319688511874,gid://shopify/Product/15319688511874,MATCHED,GraphQL productVariants query by SKU,Resolved via full composite SKU match
