product_title,product_type,skus,total_stock
6-12mm PA66  IP68 Waterproof M20 Cable Gland ~6880,Junction Boxes & Connectors,"COM20BM, COM20BM5PK, COM20BMAPK",6913
Mounting Clip For 15 x 16mm LED Neon Flex Accessories~2860,LED Neon Flex,NFMC15,2868
Mounting Clip For 17mm Round LED Neon Flex Accessories~2859,LED Neon Flex,NFMR17,1779
Bedroom Wall Lights Stylish Wall Sconces for Indoor ~1446,Wall Light,"WSST70SN, WSST70YB, WSST70WH, WSST70RO, WSST70GB, WSST70FG, WSST70CO, WSST70CH, WSST70BM",1779
Rose Gold Lamp Shade Cap for Pendant Light Socket Holder Fitting~1030,Lamp_Spares,SCRN70RO,1648
3W Constant Current LED Driver 280mA DC 8–11V Power Supply~3333,Constant Current Transformer,"CCBC3, CCBC32PK, CCBC33PK",1442
55mm Ceiling Rose Strap Side fitting Bracket~4125,Ceiling Rose Brackets,CBSF55,1327
Light Fixture Chain For Stunning Hanging Lamps & Chandeliers ~4451,Hanging Chains,"CNT900RO, CNT900RO2PK, CNT900RO3PK, CNT900RO5PK, CNT900ROAPK",1254
M10 Threaded Lamp Repair Hardware Assortment Pipe Nipples Washers 5pcs~2894,Pipe_Lighting_Accessories,WR5PK,1038
170mm Ceiling Rose Strap Side fitting Bracket~4123,Ceiling Rose Brackets,CBSF170,940
195mm Ceiling Rose Strap Side fitting Bracket~2403,Ceiling Rose Brackets,CBSF195,920
Mountamounting plate Various colours~4057,Ceiling Rose Brackets,"CBMPWH, CBMPYE, CBMPRE, CBMPOR, CBMPGY, CBMPGR, CBMPBL, CBMPBM, CBMPBD",904
45mm Ceiling Rose Strap Side fitting Bracket~4128,Ceiling Rose Brackets,CBSF45,887
165mm Ceiling Rose Strap Side fitting Bracket~2400,Ceiling Rose Brackets,CBSF165,877
Lamp Shade Spring Clip Retainer for Lamp Part Shades~5963,Lighting Accessories,"BC2W100, BC2W120, BC2W160",848
LEDSone Industrial Vintage 100mm Side Fitting Ceiling Rose~3647,Lighting Accessories,"CRSF100NB, CRSF100LG",804
60mm Ceiling Rose Strap Side fitting Bracket~4124,Ceiling Rose Brackets,CBSF60,723
1m/5m/10m 2 Core Braided Electrical Cable~3213,cable,"CL2RBD, CL2RBD5PK, CL2RBDAPK",676
E27 Pendant Light PVC Cable Lamp Short Holder Fitting~2150,Pendant_Holder,PHSH1PBRYB,625
LED Driver DC 9W 25-34V Constant Current Low Voltage LED Transformer ~ 3321,Constant Current Transformer,CCBC9,557
2 Core Round Peach Vintage Braided Fabric Cable – 0.75mm~3032,cable,"CL2RPE, CL2RPE5PK, CL2RPEAPK",554
7W Constant Current LED Driver 280mA DC 20-27V Power Supply~3322,Constant Current Transformer,CCBC7,553
3 Pack LED E27 T185 4W Filament Glass Retro Warm White~1015,LED Bulbs,LDST185E2743PK,553
2 Core Twisted Purple Vintage Braided Fabric Cable–0.75mm~3007,cable,"CL2TPU, CL2TPU5PK, CL2TPUAPK",527
3 Core Round Blue Vintage Braided Fabric Cable–0.75mm Flex~3185,cable,"CL3RBL, CL3RBL5PK, CL3RBLAPK, CL3RBLFPK",520
"1m/5m/10m 2core Twisted Italian Braided Cable,Electrical Fabric Lamp Cable Wire Cord ~4784",cable,"CL2TRW, CL2TRW5PK, CL2TRWAPK",520
1m/5m/10m 2 Core Twisted Electric Cable Dark Blue Color Fabric~4752,cable,"CL2TBD, CL2TBD5PK, CL2TBDAPK",503
6 Way Connector Wire Pole Push Reusable Terminal Block Electric Cable~2039,Junction Boxes & Connectors,"CO624ACL, CO624ACLEPK",475
Industrial Metal Cage Drum Lampshade Easy Fit~2195,Wire Cage,"WCBLBM, WCBLBC, WCBLRR",450
Heat Shrink LED Neon Flex Accessories~2858,LED Neon Flex,NFHS,425
IP67 DC 24V 15W LED Driver Constant Voltage Power Supply Transformer ~5461,DC 5V Transformer,24IP6715,385
French Gold Balloon Design Metal Wall Easy Fit Hanging light~4465,Lamp Shade,WCBNFG,379
Brushed Silver Metal Single Outlet Ceiling Rose Pendant Light Fitting 100mm~2831,Single_Outlet_Ceiling_Rose,CRSF100BS,363
5V 150W LED Transformer 30A Power Supply AC to DC~ 3278,DC 5V Transformer,5IP20150,347
Industrial IP67 LED Driver Transformer 24V 45W~ 3302,Constant Voltage Transformer,24IP6745,334
Smooth Rose Gold E27 Vintage Metal Lamp Holder Retro Socket~2727,Lamp_Holder,LHBBE27RO,315
5V 30W LED Power Supply Transformer AC to DC Switching~3287,Constant Voltage Transformer,5IP2030,292
5 Pack Vintage Industrial Pendant Ceiling Rose~2288,Ceiling Rose,"CRSF100BL5PK, CRSF100GR5PK, CRSF100PI5PK, CRSF100YE5PK, CRSF100GY5PK",270
Industrial Wood Metal Wall Sconce E27 Fitting~5977,Wall Lights,"WSFTWH, WSFTBM",256
14 x 25mm LED Neon Flex End Cap Cover for Neon Light ~2862,LED Neon Flex,NFEC14,251
"DC5V LED Driver Power Supply Transformer 240V IP20 for LED Strip,MR16 Led Transformer~3605",Constant Voltage Transformer,5IP2028,251
Round Ceiling Rose Strap Side fitting Bracket~ 6825,Ceiling Rose Brackets,CBSFRO1152PK,245
Industrial 12V 10A Switching Power Supply 120W Triple Output IP20~3376,Constant Voltage Transformer,12IP20120,233
Vintage Antique Retro Metal Bulb Socket Lamp Holder~5896,Lamp_Holder,LHBHE27GB,229
Galvanised Steel Pipe Threaded 4 way 3/4 inch fitting~4516,Pipe Fittings & Accessories,PCGZ4WC,227
12V 250W Mini LED Transformer 20.8A Switching Power Supply~3325,Constant Voltage Transformer,12MIP20250,210
"LED Strip Light Connector Cable Adapter, Clip & Extension Wire ~ 5666",,"LCPC4C3PK, LCCN123PK, LCPC2C3PK, LCMA4C3PK, LCDM2C3PK, LCCADF3PK, LCCN143PK, LCCN133PK, LCCADM3PK, LCFM4C3PK, LCCA2C3PK, LCCN113PK",197
6 Outlet French Gold Metal Ceiling Rose 120x25mm~2796,Lighting Accessories,CRSF1206FG,196
Single Rope Cage Vintage Ceiling Pendant Light Lampshade~3168,Hemp_Rope_Lamp_Lighting,PHHR1YETYE,193
Smooth Yellow Brass E27 Vintage Metal Lamp Holder~2726,Lamp_Holder,LHBBE27YB,189
20mm Conduit Dome Cover Conduit Fitting for Electrical Junction & Terminal Boxes~6712,HOME_LIGHTING_ACCESSORY,PCDO20RO,186
100W LED driver switch power supply transformer IP67 Ultra Slim~2099,Waterproof Transformers,12SIP67100,184
LEDSone industrial vintage 100mm ceiling rose side fitting burgandy~3645,,CRSF100BU,180
Smooth Holder Copper retro antique vintage lamp holder~2728,Lamp_Holder,LHBBE27CO,178
LEDSone industrial Vintage 6 Outlet Chrome Metal Ceiling Rose 120x25mm~2787,Lighting Accessories,CRSF1206CH,177
120mm Yellow Brass 6 Outlet Ceiling Rose Pendant Light Fitting ~2751,Lighting Accessories,CRSF1206YB,173
3 Outlet Green Brass Metal Ceiling Rose 120x25mm~2763,Lighting Accessories,CRSF1203GB,171
7 Outlet Green Brass Metal Ceiling Rose 120x25mm~2759,Lighting Accessories,CRSF1207GB,171
Tiffany style Pendant Hanging Mediterranean Style Decorative Light Shade~4541,Lampshade,"LSMCSPDRFL+RPM40WH, LSMCSPDRFL2PK+RPM40WH2PK",163
5 Outlet French Gold Metal Ceiling Rose 120x25mm~2797,Multi_Outlet_Ceiling_Rose,CRSF1205FG,161
DC 24V 8.3A 200W IP67 Waterproof LED Driver Power Supply Transformer ~1226,Constant Voltage Transformer,24IP67200,158
300mA High Power DC Connector Power Supply LED Ceiling light (30-40w)~4422,Transformer_LED,CCBKNWE40,158
Brushed Silver Lamp Shade Cap for Pendant Light Socket Holder Fitting~1036,Ceiling Rose,SCRN70BS,157
Geometric Minimalist Pendant Light E27 Metal ~5970,Pendant Lighting,"WCLRBM, WCLTBM, WCLSBM",152
New LED Recessed Ceiling Round Panel Down Light 5W Cool White/Warm White~1400,Panel Light,"LPBZCW5W5PK, LPBZCW5W3PK, LPBZWW5W5PK, LPBZWW5W3PK, LPBZCW5W, LPBZWW5W",151
Vintage Modern Indoor Black Wall Sconce Wall Light Lamp Fitting Fixture ~1327,Wall Light,"WSNGBM, WSWMBM, WSWGWO",149
White E27 Edison screw Bulb Metal lamp holder Pack 1/2 ~4934,Lamp Holders,"LHHGE27WH, LHHGE27WH2PK",148
Barrel Holder Satin Nickel Antique E27 Lamp Holder~2716,Lamp_Holder,LHBLE27SN,140
LEDSone Lamp Light Bulb Holder Antique Retro Edison E27 Fitting~1424,Lamp Holders,"LHCHE27RO, LHCHE27CH, LHCHE27BY, LHCHE27CO, LHCHE27YB, LHCHE27SN",138
Industrial Bronze & Brass E27 Lamp Light Bulb holder~2684,Lamp Holders,"LHS6E27BY, LHS6E27BY, LHS6E27CH, LHS6E27CO, LHS6E27RO, LHS6E27SN",135
Copper ES E27 Lamp Bottle Shape Antique Bulb Holder~2973,Lamp_Holder,LHBHE27CO,134
12V 60W LED Transformer 5A Switching Power Supply AC to DC~3332,Constant Voltage Transformer,12MIP2060,129
Retro Wood Wall Sconce Light~1415,Wall_Lamp_Shades_Lighting,"WSFTWH2PK, WSFTBM2PK",128
DC12V 80W IP20 Mini Universal 6.6A Switching LED Transformer~3331,Constant Voltage Transformer,12MIP2080,122
1M/5M/10M 3 Core Twisted Blue Multi Tweed Vintage Electric fabric Cable Flex 0.75mm~3003,cable,"CL3TMU, CL3TMU5PK, CL3TMUAPK",118
120mm Chrome Metal 4 Outlet Ceiling Rose Pendant Light Fitting ~2789,Multi_Outlet_Ceiling_Rose,CRSF1204CH,115
Metal Ceiling Roses French Gold 108mm Diameter ~1469,Single_Outlet_Ceiling_Rose,CRSF108FG,113
2m Round Cable E27 Base Rose Gold Pendant Holder~1722,Pendant_Holder,PHSF2RORRO,109
E27 Copper Vintage Industrial Pendant Lamp Holder Edison ~2938,Lamp_Holder,LHCNE27CO,106
Red Geometric Wire Cage Pendant Lights~1992,Shade_Only,WCGSRE,105
Vintage E27 Blue Bulb Holder Industrial Retro Edison Porcelain Lamp Light Fitting~2979,Lamp_Holder,LHCCE27BL,104
5V 100W LED Transformer Switching Power Supply Regulated 20A~3281,Constant Voltage Transformer,5IP20100,103
ES E27 Satin Nickel Industrial Lamp Light Bulb Holder~3417,,LHS5E27SN,101
120mm Yellow Brass 5 Outlet Ceiling Rose Pendant Light Fitting ~2752,Lighting Accessories,CRSF1205YB,97
7 Outlet Rose Gold Metal Ceiling Rose 120x25mm~2804,Lighting Accessories,CRSF1207RO,95
LEDSone Industrial Vintage 8 Outlet Green Brass Metal Ceiling Rose 120x25mm~2758,Multi_Outlet_Ceiling_Rose,CRSF1208GB,95
LEDSone Industrial Vintage 8 Outlet French Gold Metal Ceiling Rose 120x25mm~2794,Multi_Outlet_Ceiling_Rose,CRSF1208FG,93
9 Outlet Green Brass Metal Ceiling Rose 120x25mm~2757,Multi_Outlet_Ceiling_Rose,CRSF1209GB,93
Rose Pink 3 Core Round Vintage Braided Fabric Cable–0.75mm~4544,cable,CL3RRS5PK,92
7 Outlet French Gold Metal Ceiling Rose 120x25mm~2795,Ceiling Rose,CRSF1207FG,91
Rose Gold 3 Outlet Ceiling Rose Pendant Lighting Fixture 500 mm x 60 mm Modern Industrial Metal Fitting Ceiling Plate~4131,,CRFF500RO,88
9-Way Multi-Outlet Ceiling Rose Metal Spider Light Base 120mm~2748,Multi_Outlet_Ceiling_Rose,CRSF1209YB,86
LEDSone industrial vintage 9 Outlet Chrome Metal Ceiling Rose 120x25mm~2784,Lighting Accessories,CRSF1209CH,85
Copper 120mm Multi Outlet 9 Hole Black Drop Pendant Ceiling Rose ~2875,Lighting Accessories,CRSF1209CO,83
LEDSone industrial vintage 6 Outlet Green Brass Metal Ceiling Rose 120x25mm~2760,Lighting Accessories,CRSF1206GB,83
LED Outdoor Wall Lamp Patio | Garden~4502,Wall Light,WLRPBMRO12,77
1M/5M/10M 3 Core Twisted Teal Blue Vintage Braided Fabric Cable 0.75mm Flex~3001,cable,"CL3TTB, CL3TTB5PK, CL3TTBAPK",74
Retro E27  Bulb Socket Lamp Holder Edison Bulb IP20 Hard wired Screw~3419,Lamp Holders,LHS5E27RO,73
Lamp Bulb Holder For E27 Lamp Base~2496,Lighting Accessories,LHSPE27RO,71
Pendant Light E27 Lamp Holder with Support Mount ~4923,Lamp Holders,"LHLTE27WH, LHLTE27RE, LHLTE27BM, LHLTE27GG, LHLTE27YE, LHLTE27BL, LHLTE27GR",71
Vintage E27 Red Bulb Holder Industrial Retro Edison Porcelain Lamp Light Fitting~2976,Lamp_Holder,LHCCE27RE,70
LEDSone industrial vintage 8 Outlet White Metal Ceiling Rose 120x25mm~2767,Multi_Outlet_Ceiling_Rose,CRSF1208WH,64
"Vintage Braided Fabric Cable, 3 Core Round Cable, Red and White Fabric Flex, 0.75mm~4673",cable,CL3RRW5PK,64
Vintage Barrel Metal Lamp Holder E27 Rose Gold Fitting ~2717,Lighting Accessories,LHBLE27RO,63
Glass Mosaic Table lamp Globe Shape Home Decorating~4916,Lampshade,LSMCSPSQMC+RPM40WH,62
1m/5m/10m 2 core Round Shiny Pink Italian Vintage Coloured 0.75~1405,cable,"CL2RSI, CL2RSI5PK, CL2RSIAPK",57
4 Outlet Rose Gold Metal Ceiling Rose 120x25mm~2807,Multi_Outlet_Ceiling_Rose,CRSF1204RO,57
Vintage Industrial Rose Gold Color Lamp Light Bulb Holder Antique Retro Edison ES E27 Fitting~2294,Lamp Holder,LHS9E27RO,57
Vintage Multi Colour Ceiling Rose For Pendant Lights ~ 4947,Ceiling Rose,"CRFF115RO, CRFF115BM, CRFF115CH, CRFF115CO, CRFF115SN",57
Rustic Red Barrel Shape Cylindrical Wire cage~2194,Wire Cage,WCBLBM,56
1/2/3 Gang Wall Switch Screw less Black Finish UK~5845,,SWTB3GBM,55
DC Female Plug Pigtail Cable Connector for CCTV & LED~3659,DC Female Plug Cable,LCCADF,52
Modern LED Up Down Wall Light Adjustable Beam Exterior Fitting ~4960,Wall Light,WLWP2S6WBM,52
Copper Vintage Industrial Lamp Light Bulb Holder Antique Retro Edison ES E27 Fitting~2951,Lamp_Holder,LHCHE27CO,51
3 Pack 4W Retro LED Soft Filament E27 Decorative Industrial Light~1010,E27 Base Bulb B,LQAP3PK,50
Rectangle Wire Lampshade Ceiling Vintage Pendant Light~3179,pendant lightss,WCLEBM,49
¾ inch barrel BSP MALLEABLE Tubing Iron pipe Lamp fittings~4658,Pipe_Lighting_Accessories,PCRNS25TP,49
LED Strip Light Connectors  4Pin Clip To 4 Pin Clip~3662,2 Pin LED Light Connector,LCPC4C,47
Retro E27 Bulb Light Socket Metal Bulb Holder Lamp Shades Hardwired Screw ~4459,Lamp_Holder,LHNHE27YB,47
Galvanized Nipple malleable Iron Pipe Light Fittings DIY ~4520,Pipe Fittings & Accessories,PCGZHN,47
Vintage Steampunk Pipe Table Lamp Base E27 Plug In~ 5509,Pipe Table Light,"PLTSBM, PLTSBC",47
Modern Rectangular Metal Ceiling Rose 50cm for Multi-Pendant Light~4134,Ceiling Rose,CRFF500FG,46
Hanging Lights For Kitchen~3180,pendant lightss,WCLTBM,44
Vintage Rustic Red Metal Water Pipe Double Head Wall Light~2067,Pipe_Lamp_Lighting,PLHLRR,41
Modern 10W Round LED Wall Light Indoor & Outdoor Use ~5986,Wall Lights,WLRPECROWH,41
Ceiling Rose Canopy 108 Diameter ~3090,Single_Outlet_Ceiling_Rose,CRFF108WH,40
Large Coolie Lampshades For Ceiling Lamp Shade ~ 5492,Ceiling_Lamp_Lighting,"LSFC280AS, LSFC280AS2PK, LSFC280GT, LSFC280GT2PK, LSFC280BT, LSFC280BT2PK, LSFC280WH, LSFC280SY, LSFC280SY2PK",40
Water Pipe Steampunk Table Lamp with Switch~3378,Pipe_Lamp_Lighting,PLTERR,37
AC 100/240V to DC12V 60W Regulated Switching Power Supply Driver ~3342,Constant Voltage Transformer,12IP2060,37
Bubble Holder Rose Gold E27 ES Screw Light Bulb Holder~2722,Lamp_Holder,LHTBE27RO,37
StrongCeiling Plate Suspension Plate Hanging Lamp - Brushed Brass~4140,,CRFF500BB,37
Modern Fabric Coolie Easy Fit Lampshade – E27 Shade ~ 5491,Easy_Fit_Lamp_Shades,"TPFC280BT, TPFC280AS, TPFC280WH, TPFC280GT, TPFC280SL",37
End Cap For 15mm x 16mm LED Neon Flex Accessories~2864,LED Neon Flex,NFEC15,35
Blue Diamond Wire Cage Pendant Light Fixture E27 Ceiling Lamp Shade~1991,Shade_Only,WCGSBL,34
LED Strip Light Connectors   DC Male Plug Cable~3658,,LCCADM,34
Ceiling Light Black E27 Edison bulb holder For Decoration Bulb~2944,Lamp Holders,LHCBE27BY,33
10m Blue 3 Core Round Vintage Braided Fabric Cable – 0.75mm~4567,cable,CL3RBLAPK,27
E27 Matt Black Vintage Barrel Metal Lamp Holder~2720,Lamp_Holder,LHBLE27BN,25
Steampunk Water Pipe Wall Sconce Industrial Retro E27 Fitting~2068,Lighting Accessories,PLWPRR,25
Peach 2 Core Twisted Vintage Braided Fabric Cable – 0.75mm ~4789,cable,"CL2TPE, CL2TPE5PK, CL2TPEAPK",25
Yellow Brass Vintage Industrial Lamp Light Bulb Holder Antique Retro Edison ES E27 Fitting~2949,Lamp_Holder,LHCHE27YB,23
LEDSone industrial vintage Retro Chrome Industrial Lamp Light Bulb Holder Modern~2685,Lamp_Holder,LHS6E27CH,21
Gold-Tone Metal Ceiling Hook Plate Heavy-Duty 8kg Capacity~5718,Ceiling Lights & Chandeliers,"SPSD78GD2PK, SPSD78GD5PK, SPSD78GDAPK",21
Cuboid LED Up Down Wall Sconce IP54 12W Exterior Light Fitting~4963,Wall Light,WLINCU7WBM,20
140mm Rustic Red Single Outlet Ceiling Rose Pendant Light Fitting~2657,Ceiling Rose,CRFF140RR,19
E27 Yellow Brass Vintage Industrial Pendant Lamp Holder~2688,Lamp_Holder,LHS6E27YB,17
Rustic Red Suspension Chandelier Chain Extender Pendant Ceiling Light~1051,Hanging Chains,CNS500RR,16
Ultra Slim 5W Recessed LED Panel Light 6000K Ceiling Spot~2579,Panel Light,LLRO5W,14
industrial Pipe lighting accessories Gland Brass ~3586,Pipe Fittings & Accessories,PCBSGLYB,14
Rose Gold Ceiling Lamp Holder -E27 for Energy bulbs~2306,Lamp_Holder,LHAHE27RO5PK,13
Black P Clips 20mm Diameter Plastic Pipe Clamp for Cable Conduit ~ 5997,,"PCBM20PCBMAPK, PCBM20PCBMCPK",13
2 Core Twisted Light Green Fabric Lamp Cord Cable-0.75mm~4836,cable,"CL3TLG, CL3TLG5PK, CL3TLGAPK, CL3TLG2PK, CL3TLG3PK",12
Vintage Style Ceiling Light Bulb Holder Metal~2683,Lamp Holders,"LHSSE27RO, LHSSE27YB, LHSSE27CH, LHSSE27CO, LHSSE27SN, LHSSE27BY",11
Modern Contemporary Fabric Coolie Table Lighting Lampshade ~5096,Lampshade,"TPFC280BT, TPFC280WH, TPFC280AS, TPFC280SG",10
Bottle light bulb holder for Antique lamp E27 Yellow Brass~2954,Lamp Holders,LHNHE27YB5PK,9
3 Pack Retro LED 4W Soft Filament E27 Decorative Industrial Light ~1013,E27 Base Bulb B,LQH3PK,9
Light Ceiling Rose Gold Ceiling Rose 108mm Diameter Vintage Light Fitting~1464,Single_Outlet_Ceiling_Rose,CRSF108RO,6
LED 9W B22 Screw Cool White GLS Light Bulbs 6000K~4417,Bulb_B22_Base B,LDCWB229,6
Satin Nickel Metal E27 Edison Screw Lamp Holder Lamp Antique Style ~2491,Lamp_Holder,LHSUE27SN,4
Industrial 3-Head Pulley Pipe Hanging Pendant Light Black E27 Adjustable~6759,LIGHT_FIXTURE,PLDABM,4
